id,nome,indirizzo,provincia,coordinate_lat,coordinate_lon,anno_costituzione,settori_tag,capitale_sociale,valore_produzione,dipendenti,status_attivo
SU00001,TechLogic S.R.L.,"Via Montenapoleone, 15",Milano,45.49351297537843,9.185484473990268,2025,"['IoT', 'Robotica']",17860,1912,2,True
SU00002,GreenHub S.R.L.,"Via Milano, 4",Milano,45.468572766321074,9.207635220778972,2022,['Fintech'],35848,21348,1,False
SU00003,FutureLogic S.R.L.,"Via Brera, 41",Milano,45.44627329633741,9.18776024358986,2020,['Ricerca e Sviluppo'],28668,34197,5,True
SU00004,InnovaDynamics S.R.L.,"Via Brera, 143",Bergamo,45.68251483342605,9.692174225675425,2023,"['E-commerce', 'Blockchain']",14830,34953,1,True
SU00005,CyberEngine S.R.L.,"Corso Buenos Aires, 51",Milano,45.4460602554919,9.173652916897543,2020,"['Salute Digitale', 'Computer e Prodotti Elettronici', 'Ricerca e Sviluppo']",19059,197122,0,True
SU00006,GreenAnalytics S.R.L.,"Via Manzoni, 123",Milano,45.47875666228332,9.1776186127929,2022,"['Automotive Tech', 'Salute Digitale']",10000,70809,2,True
SU00007,CyberSolutions S.R.L.,"Via Garibaldi, 42",Lecco,45.87267034434739,9.36868271367132,2021,"['Automotive Tech', 'Blockchain', 'Robotica']",11246,336214,3,True
SU00008,BioLab S.R.L.,"Via Roma, 93",Milano,45.44449236405748,9.16812119181863,2022,['Robotica'],29250,696644,3,True
SU00009,TechDynamics S.R.L.,"Via Manzoni, 61",Milano,45.51987876092979,9.189376264036662,2025,['Cybersecurity'],57025,157680,3,True
SU00010,SmartVision S.R.L.,"Corso Buenos Aires, 24",Milano,45.47690225101804,9.16839598259919,2025,"['Automotive Tech', 'Ricerca e Sviluppo']",10000,3232,6,True
SU00011,SmartAnalytics S.R.L.,"Via Brera, 92",Milano,45.432988858551255,9.230006961782122,2021,['Salute Digitale'],26504,731862,4,True
SU00012,DigitalLogic S.R.L.,"Corso Buenos Aires, 147",Milano,45.45096427070463,9.207048666695924,2020,"['Servizi di Informazione', 'Energia Rinnovabile', 'Ricerca e Sviluppo']",10000,251065,0,True
SU00013,FutureSolutions S.R.L.,"Corso Buenos Aires, 144",Milano,45.46381115718201,9.171348166868778,2019,"['Automotive Tech', 'Salute Digitale', 'Fabbricazione Macchinari']",10000,187860,0,True
SU00014,TechLab S.R.L.,"Via Garibaldi, 101",Milano,45.48694034837267,9.19893780289548,2021,['Biotecnologie'],10000,909646,4,True
SU00015,FutureEngine S.R.L.,"Via Montenapoleone, 99",Milano,45.42844656776136,9.165588597914363,2021,['Marketing Digitale'],22888,118409,3,True
SU00016,NanoDynamics S.R.L.,"Via Dante, 99",Milano,45.48667083563383,9.232864103762278,2024,"['Ricerca e Sviluppo', 'Intelligenza Artificiale', 'Fintech']",15127,96930,2,True
SU00017,FutureHub S.R.L.,"Via Garibaldi, 136",Pavia,45.155738313170055,9.13005072451247,2023,['Salute Digitale'],26132,287959,0,True
SU00018,CyberSolutions S.R.L.,"Corso Buenos Aires, 117",Pavia,45.18609305329038,9.17787008612717,2025,"['Blockchain', 'Energia Rinnovabile']",11725,123387,1,False
SU00019,InnovaLogic S.R.L.,"Via Montenapoleone, 60",Milano,45.449017346768926,9.193007875729524,2022,"['Blockchain', 'Cleantech', 'Marketing Digitale']",10000,44084,1,False
SU00020,TechDynamics S.R.L.,"Via Milano, 63",Lecco,45.87947063744016,9.385799787432603,2023,"['Cybersecurity', 'Fabbricazione Macchinari']",12230,36026,6,True
SU00021,InnovaSolutions S.R.L.,"Via Roma, 32",Milano,45.46416728066712,9.181479353228712,2019,['Blockchain'],10000,41414,1,True
SU00022,BioHub S.R.L.,"Via Roma, 79",Como,45.84067231091143,9.057597970835703,2021,"['Software & Consulenza Informatica', 'Cybersecurity', 'IoT']",10000,158675,5,True
SU00023,NanoLab S.R.L.,"Via Garibaldi, 21",Pavia,45.17409484763255,9.142342543354754,2020,"['Energia Rinnovabile', 'Salute Digitale', 'Software & Consulenza Informatica']",14079,666985,15,True
SU00024,CyberHub S.R.L.,"Corso Buenos Aires, 28",Milano,45.45166951634623,9.14615739887516,2020,"['Fabbricazione Macchinari', 'Blockchain']",27917,415094,1,True
SU00025,TechWorks S.R.L.,"Via Roma, 68",Milano,45.491061976362154,9.163846858636324,2021,"['Blockchain', 'Salute Digitale']",10000,26309,0,True
SU00026,CyberAnalytics S.R.L.,"Via Roma, 131",Milano,45.41414480956676,9.203692844031103,2023,"['Servizi di Informazione', 'Marketing Digitale']",10430,991,6,False
SU00027,NanoHub S.R.L.,"Via Dante, 126",Milano,45.46287840402705,9.16577967600475,2021,"['Software & Consulenza Informatica', 'Intelligenza Artificiale', 'E-commerce']",10000,143218,0,True
SU00028,FutureVision S.R.L.,"Via Garibaldi, 137",Milano,45.45403188090212,9.165163189665888,2021,['Energia Rinnovabile'],22967,350005,2,False
SU00029,DataSolutions S.R.L.,"Via Roma, 145",Bergamo,45.6935164266794,9.6937620995149,2019,"['Intelligenza Artificiale', 'Automotive Tech']",10000,4696,1,True
SU00030,NanoSolutions S.R.L.,"Corso Buenos Aires, 38",Mantova,45.111503941845854,10.804916174600882,2022,['Ricerca e Sviluppo'],14557,65089,5,True
SU00031,NanoVision S.R.L.,"Corso Buenos Aires, 111",Milano,45.47706707862108,9.22129409169867,2022,"['Software & Consulenza Informatica', 'Intelligenza Artificiale']",10000,4076,10,True
SU00032,BioDynamics S.R.L.,"Via Roma, 57",Mantova,45.1734449297806,10.744985252520436,2023,['E-commerce'],281089,153754,2,True
SU00033,TechAnalytics S.R.L.,"Via Roma, 141",Milano,45.4369459279292,9.151774926402119,2021,"['Servizi di Informazione', 'IoT']",10000,104109,40,True
SU00034,DigitalSolutions S.R.L.,"Via Brera, 55",Milano,45.47390631993121,9.17454665715453,2022,"['Cybersecurity', 'Automotive Tech']",11160,294091,1,True
SU00035,NanoAnalytics S.R.L.,"Via Roma, 85",Milano,45.43080441655863,9.225293738685254,2020,['Intelligenza Artificiale'],10000,34516,0,True
SU00036,DigitalLab S.R.L.,"Via Roma, 14",Como,45.82549480880457,9.106342498667127,2021,['Fintech'],13044,219798,1,True
SU00037,DataLogic S.R.L.,"Via Dante, 145",Milano,45.42738251537337,9.164408460665285,2022,"['Intelligenza Artificiale', 'Cleantech']",93399,1405272,4,True
SU00038,DigitalEngine S.R.L.,"Via Milano, 73",Milano,45.46779690837456,9.183302954552477,2020,"['Cybersecurity', 'Marketing Digitale']",10000,160013,2,True
SU00039,FutureHub S.R.L.,"Via Montenapoleone, 25",Bergamo,45.70364100770697,9.691989056149007,2021,['Marketing Digitale'],30636,917330,5,True
SU00040,TechVision S.R.L.,"Via Garibaldi, 108",Milano,45.443350302515455,9.215558536584762,2023,['Software & Consulenza Informatica'],10000,295295,6,True
SU00041,BioVision S.R.L.,"Via Manzoni, 121",Milano,45.455289949571984,9.219067689542353,2021,"['Fabbricazione Macchinari', 'Automotive Tech']",10000,1103526,2,True
SU00042,CyberSystems S.R.L.,"Via Roma, 52",Brescia,45.538616216804826,10.19861173177098,2020,['Biotecnologie'],18560,143696,7,True
SU00043,TechVision S.R.L.,"Via Garibaldi, 13",Milano,45.468258460417026,9.159685117700056,2024,['Cleantech'],15220,2763,2,True
SU00044,CyberLab S.R.L.,"Via Milano, 67",Milano,45.49067749607574,9.167363677157345,2019,"['Salute Digitale', 'Fintech', 'Automazione Industriale']",10000,186405,6,True
SU00045,DigitalWorks S.R.L.,"Via Milano, 77",Milano,45.45968572704861,9.190068295023568,2024,"['Energia Rinnovabile', 'Cleantech']",10000,13354,5,True
SU00046,NanoHub S.R.L.,"Via Roma, 22",Milano,45.45459736264608,9.192556053947335,2025,"['Software & Consulenza Informatica', 'Automazione Industriale']",48453,9435,0,True
SU00047,InnovaSystems S.R.L.,"Via Brera, 84",Varese,45.79489391202659,8.842449146565603,2025,"['Marketing Digitale', 'Blockchain']",14864,488280,6,False
SU00048,TechDynamics S.R.L.,"Via Montenapoleone, 79",Milano,45.49673038943399,9.140374100268696,2021,"['Automazione Industriale', 'Robotica', 'IoT']",24504,127594,1,True
SU00049,FutureSystems S.R.L.,"Corso Buenos Aires, 64",Como,45.814669907402596,9.083754330438591,2021,"['Cybersecurity', 'Cleantech', 'Ricerca e Sviluppo']",19067,125330,1,True
SU00050,GreenAnalytics S.R.L.,"Via Milano, 122",Bergamo,45.68687642020435,9.688751655627124,2023,"['Automazione Industriale', 'Servizi di Informazione', 'Computer e Prodotti Elettronici']",10000,414663,1,True
SU00051,NanoLab S.R.L.,"Via Brera, 41",Milano,45.459761750944125,9.165709620887014,2022,"['Energia Rinnovabile', 'Software & Consulenza Informatica']",15328,554165,6,True
SU00052,GreenSolutions S.R.L.,"Via Brera, 76",Milano,45.486825055807955,9.184505050096512,2023,"['Fintech', 'Automazione Industriale']",10000,165330,4,True
SU00053,TechLab S.R.L.,"Via Milano, 8",Brescia,45.5747397693941,10.18099162656222,2023,"['Automazione Industriale', 'Software & Consulenza Informatica']",25322,6267,4,True
SU00054,CyberWorks S.R.L.,"Via Dante, 47",Milano,45.47286289538464,9.184009817236555,2022,"['Cybersecurity', 'Computer e Prodotti Elettronici']",10000,760126,5,True
SU00055,InnovaSystems S.R.L.,"Corso Buenos Aires, 130",Milano,45.45776753727908,9.180979899397402,2021,"['Servizi di Informazione', 'Ricerca e Sviluppo']",20644,934818,7,True
SU00056,InnovaSystems S.R.L.,"Via Milano, 124",Milano,45.469731383051894,9.176985729253097,2020,['Biotecnologie'],10000,152925,0,True
SU00057,DigitalSystems S.R.L.,"Via Montenapoleone, 63",Cremona,45.13221723306814,10.02927524820607,2020,"['Computer e Prodotti Elettronici', 'Ricerca e Sviluppo']",24517,588616,3,True
SU00058,NanoAnalytics S.R.L.,"Via Brera, 149",Brescia,45.559096688765386,10.168660387106007,2022,"['Cybersecurity', 'Marketing Digitale']",10000,764251,4,True
SU00059,DataHub S.R.L.,"Corso Buenos Aires, 108",Milano,45.479378571795735,9.195623828479388,2021,['E-commerce'],10000,172207,2,True
SU00060,DataAnalytics S.R.L.,"Via Brera, 56",Pavia,45.173364096539075,9.168766508684206,2019,"['Marketing Digitale', 'IoT', 'Cybersecurity']",10000,146495,7,True
SU00061,FutureWorks S.R.L.,"Via Milano, 19",Milano,45.472911116967495,9.207845273207402,2019,"['Servizi di Informazione', 'Salute Digitale', 'Fabbricazione Macchinari']",10000,411294,1,True
SU00062,SmartAnalytics S.R.L.,"Via Dante, 146",Brescia,45.51288762343573,10.17353787149642,2020,"['IoT', 'Cybersecurity']",10000,170307,0,True
SU00063,FutureDynamics S.R.L.,"Via Montenapoleone, 50",Bergamo,45.676394330958075,9.691959503585231,2025,['IoT'],13917,14973,0,True
SU00064,SmartVision S.R.L.,"Corso Buenos Aires, 5",Milano,45.481506338040404,9.205281921569926,2019,['Aerospace'],10000,63010,0,True
SU00065,DataLogic S.R.L.,"Via Manzoni, 55",Bergamo,45.707280219268384,9.666689847541237,2019,['Robotica'],10000,285497,2,True
SU00066,GreenSolutions S.R.L.,"Via Manzoni, 95",Milano,45.513497552717155,9.18399719431215,2021,"['Cleantech', 'IoT']",31405,159586,3,True
SU00067,BioSystems S.R.L.,"Corso Buenos Aires, 11",Milano,45.477118356515874,9.217486190263582,2022,['Intelligenza Artificiale'],52721,6480,1,True
SU00068,SmartAnalytics S.R.L.,"Via Garibaldi, 92",Milano,45.43786088851806,9.188502932281303,2020,['Servizi di Informazione'],38272,365985,2,True
SU00069,DataDynamics S.R.L.,"Via Milano, 34",Sondrio,46.19456435443634,9.85614189322499,2020,['Blockchain'],10000,2930952,6,True
SU00070,CyberSolutions S.R.L.,"Via Brera, 145",Milano,45.46484008298131,9.174931642593076,2021,"['Servizi di Informazione', 'Biotecnologie']",72597,823829,7,True
SU00071,FutureDynamics S.R.L.,"Corso Buenos Aires, 96",Brescia,45.539081220541064,10.197450296278378,2022,"['Intelligenza Artificiale', 'Aerospace']",10000,298038,1,True
SU00072,DigitalLogic S.R.L.,"Via Brera, 17",Milano,45.44330381611958,9.15067286821248,2024,"['Robotica', 'E-commerce']",76629,1526806,5,True
SU00073,GreenHub S.R.L.,"Via Garibaldi, 89",Milano,45.46231256499929,9.188282135005643,2024,['Aerospace'],24080,224758,5,True
SU00074,BioLogic S.R.L.,"Via Dante, 128",Como,45.81676241069355,9.10894088223438,2020,"['Cleantech', 'Energia Rinnovabile']",10395,37205,6,True
SU00075,NanoDynamics S.R.L.,"Corso Buenos Aires, 54",Milano,45.433686873708595,9.215251682068542,2022,"['Blockchain', 'Software & Consulenza Informatica']",57118,337241,1,True
SU00076,InnovaLab S.R.L.,"Via Montenapoleone, 94",Milano,45.44986355358794,9.152669267658538,2022,"['IoT', 'Aerospace']",50974,50317,4,True
SU00077,GreenHub S.R.L.,"Via Roma, 109",Milano,45.45597158054681,9.200574976915993,2022,"['Cybersecurity', 'Servizi di Informazione']",24688,36938,3,True
SU00078,CyberLogic S.R.L.,"Corso Buenos Aires, 86",Milano,45.446640348264864,9.173462392919202,2022,"['Marketing Digitale', 'E-commerce']",12525,451096,0,True
SU00079,DataDynamics S.R.L.,"Via Milano, 120",Milano,45.48189213579725,9.171616397225586,2021,"['Automazione Industriale', 'Aerospace']",17970,151902,3,False
SU00080,TechSystems S.R.L.,"Corso Buenos Aires, 98",Milano,45.43887318988748,9.188840321051355,2023,['Marketing Digitale'],10000,78760,4,False
SU00081,CyberDynamics S.R.L.,"Via Brera, 116",Como,45.80089053191591,9.0954283100186,2023,"['Aerospace', 'Marketing Digitale']",34701,256816,0,True
SU00082,BioWorks S.R.L.,"Via Dante, 85",Lecco,45.87739308355721,9.365689133095051,2023,['Salute Digitale'],15304,4496,1,True
SU00083,BioAnalytics S.R.L.,"Via Montenapoleone, 129",Mantova,45.1617011208968,10.790499463543423,2022,"['Automotive Tech', 'IoT']",158741,26868,0,True
SU00084,CyberSystems S.R.L.,"Corso Buenos Aires, 131",Milano,45.46559558426998,9.210840389663257,2020,"['Intelligenza Artificiale', 'E-commerce', 'Aerospace']",18621,399596,1,True
SU00085,CyberAnalytics S.R.L.,"Corso Buenos Aires, 148",Milano,45.4759338760295,9.18050192686755,2019,"['Blockchain', 'Salute Digitale']",10000,208139,1,True
SU00086,FutureVision S.R.L.,"Corso Buenos Aires, 35",Milano,45.4903515762152,9.182454435882326,2023,"['Fintech', 'Blockchain']",10000,4580,1,True
SU00087,TechVision S.R.L.,"Via Manzoni, 89",Milano,45.479108083946905,9.172281680080815,2021,['Cleantech'],10000,152939,1,True
SU00088,TechVision S.R.L.,"Via Dante, 87",Milano,45.427999351934545,9.176241322663255,2024,"['Automazione Industriale', 'Biotecnologie', 'Software & Consulenza Informatica']",43055,147556,7,True
SU00089,DigitalSolutions S.R.L.,"Via Dante, 12",Brescia,45.55773128353362,10.21592099035759,2022,"['IoT', 'Cleantech', 'Software & Consulenza Informatica']",10000,13054,7,True
SU00090,GreenEngine S.R.L.,"Via Roma, 88",Milano,45.46846393256475,9.174960613365224,2022,"['Intelligenza Artificiale', 'Computer e Prodotti Elettronici']",19594,995176,3,True
SU00091,FutureVision S.R.L.,"Via Roma, 91",Milano,45.456660096816655,9.201515595653328,2022,"['Cybersecurity', 'Ricerca e Sviluppo', 'E-commerce']",47209,30686,10,True
SU00092,InnovaHub S.R.L.,"Via Garibaldi, 117",Como,45.785225475853586,9.087371194115532,2023,['Salute Digitale'],17121,234706,7,True
SU00093,DigitalLab S.R.L.,"Via Garibaldi, 79",Milano,45.45701954872288,9.194642570237173,2021,"['E-commerce', 'Fintech']",51104,162297,3,True
SU00094,TechHub S.R.L.,"Via Montenapoleone, 69",Milano,45.48864246604746,9.19222344320579,2021,['Marketing Digitale'],61596,63107,3,True
SU00095,FutureLab S.R.L.,"Via Brera, 134",Milano,45.48766249275173,9.19739284384396,2020,['Automazione Industriale'],14119,123466,2,False
SU00096,FutureAnalytics S.R.L.,"Via Manzoni, 129",Milano,45.442745139485204,9.194784937282222,2025,['Cybersecurity'],13857,5542,4,True
SU00097,GreenHub S.R.L.,"Via Dante, 139",Milano,45.4506294132927,9.191513445880943,2022,"['E-commerce', 'Marketing Digitale']",18206,28872,3,True
SU00098,DigitalLab S.R.L.,"Via Brera, 4",Milano,45.46206697417127,9.217808549488128,2019,"['Ricerca e Sviluppo', 'Computer e Prodotti Elettronici', 'IoT']",47442,186252,20,False
SU00099,CyberEngine S.R.L.,"Corso Buenos Aires, 47",Milano,45.48838532221937,9.161208718932476,2019,"['E-commerce', 'Cleantech']",52810,60033,1,True
SU00100,DataSystems S.R.L.,"Via Milano, 124",Milano,45.46061579050749,9.191650253986463,2024,"['E-commerce', 'Fintech', 'Computer e Prodotti Elettronici']",10000,87897,0,True
SU00101,TechAnalytics S.R.L.,"Via Brera, 32",Milano,45.50794977658748,9.164192710309143,2021,['Ricerca e Sviluppo'],68376,18709,0,True
SU00102,TechAnalytics S.R.L.,"Via Montenapoleone, 50",Milano,45.42273158222127,9.181418961463043,2023,['Salute Digitale'],31200,319483,3,False
SU00103,CyberAnalytics S.R.L.,"Via Milano, 23",Milano,45.47520190114055,9.182799357706902,2024,"['Aerospace', 'Intelligenza Artificiale', 'Marketing Digitale']",10000,47018,4,True
SU00104,DigitalEngine S.R.L.,"Via Roma, 54",Milano,45.45873960478548,9.197302508239659,2020,"['Fintech', 'Energia Rinnovabile']",17394,18230,2,True
SU00105,FutureHub S.R.L.,"Via Montenapoleone, 2",Milano,45.459839282436036,9.137223829994802,2021,['Ricerca e Sviluppo'],10000,159297,6,True
SU00106,DataLogic S.R.L.,"Via Brera, 57",Milano,45.48397338338716,9.16297108470216,2022,['Automazione Industriale'],10000,44904,1,False
SU00107,NanoAnalytics S.R.L.,"Via Milano, 26",Como,45.79889186768722,9.102494893832818,2019,"['Biotecnologie', 'Cybersecurity', 'Automazione Industriale']",77993,217107,1,True
SU00108,DigitalLogic S.R.L.,"Via Dante, 46",Lecco,45.85259921929997,9.386151091543791,2022,"['E-commerce', 'Servizi di Informazione', 'Intelligenza Artificiale']",11838,58935,1,True
SU00109,DigitalLab S.R.L.,"Via Brera, 55",Milano,45.4477513684549,9.216339176733733,2022,"['Aerospace', 'Cybersecurity']",10000,159806,2,True
SU00110,DigitalAnalytics S.R.L.,"Via Montenapoleone, 91",Milano,45.44730567076488,9.17363827900779,2025,"['IoT', 'Servizi di Informazione', 'Aerospace']",10000,177748,1,True
SU00111,TechSystems S.R.L.,"Via Roma, 58",Mantova,45.14032055202386,10.806321762390793,2019,"['Blockchain', 'Marketing Digitale', 'E-commerce']",59493,7523,2,False
SU00112,BioLab S.R.L.,"Via Montenapoleone, 103",Milano,45.466043590192726,9.18366883295475,2023,['Software & Consulenza Informatica'],10000,58585,3,True
SU00113,BioHub S.R.L.,"Corso Buenos Aires, 101",Milano,45.44687158777103,9.202912309483395,2024,"['Salute Digitale', 'Biotecnologie']",41924,1125,3,True
SU00114,GreenWorks S.R.L.,"Via Brera, 16",Milano,45.452249796106166,9.21844739723397,2021,"['Marketing Digitale', 'Fintech', 'Salute Digitale']",10000,24265,8,True
SU00115,DataHub S.R.L.,"Via Roma, 122",Bergamo,45.71161848504109,9.68573173221229,2019,"['Automotive Tech', 'Automazione Industriale']",10000,101568,1,True
SU00116,DigitalAnalytics S.R.L.,"Via Manzoni, 59",Como,45.845745844676685,9.085398620394665,2020,['Computer e Prodotti Elettronici'],18165,82054,3,True
SU00117,CyberAnalytics S.R.L.,"Via Garibaldi, 114",Milano,45.46559493697682,9.177204709451116,2021,['Software & Consulenza Informatica'],13464,1013846,0,True
SU00118,SmartHub S.R.L.,"Via Dante, 148",Milano,45.44492482147579,9.170856981702098,2021,"['Intelligenza Artificiale', 'Aerospace']",51066,1170274,1,True
SU00119,CyberLogic S.R.L.,"Corso Buenos Aires, 22",Lecco,45.862113796005346,9.371965577823476,2019,"['Salute Digitale', 'Aerospace']",12086,15146,1,True
SU00120,GreenLab S.R.L.,"Via Montenapoleone, 149",Pavia,45.19251391841856,9.131670557433779,2019,"['Intelligenza Artificiale', 'Marketing Digitale']",11376,29422,3,True
SU00121,BioWorks S.R.L.,"Via Dante, 123",Bergamo,45.733291678084115,9.70492908157381,2021,['Automotive Tech'],32005,82105,0,True
SU00122,CyberLab S.R.L.,"Via Milano, 102",Milano,45.481583121287784,9.207745816745334,2023,['Marketing Digitale'],24333,140028,9,True
SU00123,FutureSystems S.R.L.,"Via Milano, 63",Milano,45.454618978852764,9.154529913321007,2021,"['Fabbricazione Macchinari', 'Energia Rinnovabile', 'Automotive Tech']",10000,1756909,2,True
SU00124,SmartWorks S.R.L.,"Via Dante, 129",Milano,45.44249698946884,9.17349178940042,2022,['Robotica'],15722,170649,4,True
SU00125,NanoAnalytics S.R.L.,"Via Roma, 76",Milano,45.472601889809035,9.202137011864313,2021,['Salute Digitale'],10000,136148,7,True
SU00126,InnovaSystems S.R.L.,"Via Roma, 28",Milano,45.44623412508335,9.179805396896297,2020,"['Servizi di Informazione', 'Aerospace']",10000,20175,0,True
SU00127,TechDynamics S.R.L.,"Via Montenapoleone, 61",Milano,45.44629307355274,9.181837983216795,2021,"['Automotive Tech', 'Fabbricazione Macchinari']",25813,3718392,0,True
SU00128,BioLab S.R.L.,"Via Manzoni, 118",Milano,45.45942174316032,9.218603112731197,2021,"['Blockchain', 'Biotecnologie', 'E-commerce']",10200,1526061,7,True
SU00129,NanoLab S.R.L.,"Via Garibaldi, 3",Cremona,45.108414022741286,9.993281824856249,2024,"['Servizi di Informazione', 'Robotica']",56392,24700,2,True
SU00130,FutureLab S.R.L.,"Via Montenapoleone, 44",Milano,45.44978720656336,9.20057662603626,2022,"['Servizi di Informazione', 'Biotecnologie']",14773,1105367,0,True
SU00131,TechLogic S.R.L.,"Via Milano, 140",Cremona,45.097135191320056,9.981225076256269,2023,"['Fintech', 'Automotive Tech', 'Ricerca e Sviluppo']",21563,194869,5,False
SU00132,TechDynamics S.R.L.,"Via Brera, 22",Milano,45.471193000945995,9.158703944572759,2022,"['IoT', 'Robotica']",10000,1146360,2,True
SU00133,SmartSolutions S.R.L.,"Via Garibaldi, 149",Bergamo,45.704977199331374,9.705927335636625,2021,"['Energia Rinnovabile', 'Computer e Prodotti Elettronici', 'E-commerce']",27528,635888,0,True
SU00134,BioWorks S.R.L.,"Via Montenapoleone, 87",Bergamo,45.70565298585983,9.635299469846968,2020,['Automazione Industriale'],10000,1390425,4,True
SU00135,NanoHub S.R.L.,"Via Garibaldi, 65",Monza e della Brianza,45.609117490263095,9.30810028557417,2025,"['IoT', 'Automotive Tech']",50794,416554,4,True
SU00136,DigitalWorks S.R.L.,"Corso Buenos Aires, 26",Bergamo,45.689913689093366,9.68228023352729,2022,"['Robotica', 'Automazione Industriale']",17283,570081,6,True
SU00137,FutureWorks S.R.L.,"Via Manzoni, 53",Bergamo,45.6941828113824,9.662368433069195,2019,['Fabbricazione Macchinari'],37781,1485796,4,True
SU00138,InnovaDynamics S.R.L.,"Via Milano, 86",Milano,45.46818594619984,9.195734596781675,2020,"['Marketing Digitale', 'Software & Consulenza Informatica']",10000,18961,1,True
SU00139,DigitalLab S.R.L.,"Via Manzoni, 145",Lecco,45.84811757664109,9.409417804570957,2021,['Fabbricazione Macchinari'],10000,4093,5,True
SU00140,NanoHub S.R.L.,"Via Manzoni, 39",Como,45.810006027077485,9.08861063720776,2025,"['Automotive Tech', 'Computer e Prodotti Elettronici', 'Cybersecurity']",18294,6252,3,True
SU00141,InnovaEngine S.R.L.,"Via Brera, 31",Milano,45.472372146154036,9.183843830577223,2024,['Software & Consulenza Informatica'],55032,84913,5,True
SU00142,GreenSystems S.R.L.,"Via Brera, 145",Milano,45.47139473528715,9.193374125221904,2019,"['Automazione Industriale', 'E-commerce', 'Salute Digitale']",32551,596136,3,True
SU00143,TechEngine S.R.L.,"Via Roma, 136",Bergamo,45.68200810413659,9.666374819237479,2022,"['Ricerca e Sviluppo', 'Marketing Digitale']",10000,84774,0,True
SU00144,TechHub S.R.L.,"Via Garibaldi, 28",Como,45.81472683293559,9.09586801702475,2021,"['Automazione Industriale', 'E-commerce']",24501,178754,1,True
SU00145,CyberAnalytics S.R.L.,"Corso Buenos Aires, 25",Milano,45.469485956439506,9.204503989453464,2025,['Intelligenza Artificiale'],10000,18889,4,True
SU00146,TechWorks S.R.L.,"Corso Buenos Aires, 116",Milano,45.46294670952935,9.152987367166103,2021,['Automotive Tech'],10000,27314,2,True
SU00147,DataDynamics S.R.L.,"Via Montenapoleone, 102",Milano,45.49452788110507,9.202042366407849,2021,['Blockchain'],11530,153285,3,True
SU00148,TechHub S.R.L.,"Corso Buenos Aires, 99",Bergamo,45.672556728628315,9.64935763629774,2022,['E-commerce'],22008,40255,8,True
SU00149,NanoWorks S.R.L.,"Corso Buenos Aires, 59",Milano,45.46741154699231,9.191066148411975,2020,['Intelligenza Artificiale'],121056,15569,9,True
SU00150,GreenLogic S.R.L.,"Via Montenapoleone, 142",Bergamo,45.68023147167263,9.66313464521194,2019,"['Intelligenza Artificiale', 'IoT']",10000,86405,2,True
SU00151,DigitalSystems S.R.L.,"Via Dante, 117",Milano,45.49672760811337,9.179947607723363,2019,"['Energia Rinnovabile', 'Software & Consulenza Informatica', 'Cybersecurity']",10000,1713026,5,True
SU00152,SmartDynamics S.R.L.,"Via Montenapoleone, 35",Milano,45.46160965506273,9.201597145705902,2024,"['Automotive Tech', 'Software & Consulenza Informatica']",10000,512834,1,True
SU00153,NanoEngine S.R.L.,"Corso Buenos Aires, 58",Milano,45.48586546486932,9.17867186514075,2025,['Salute Digitale'],10000,2117921,6,True
SU00154,NanoWorks S.R.L.,"Via Brera, 130",Milano,45.46535548728027,9.175686599725648,2021,['Fabbricazione Macchinari'],14577,71880,0,True
SU00155,FutureLab S.R.L.,"Via Brera, 19",Brescia,45.52857871996171,10.199121091802132,2020,"['IoT', 'Servizi di Informazione']",30116,41666,0,True
SU00156,InnovaEngine S.R.L.,"Via Montenapoleone, 132",Mantova,45.165756534504716,10.833025392575333,2022,"['Software & Consulenza Informatica', 'Cybersecurity']",37606,222073,5,True
SU00157,DataDynamics S.R.L.,"Via Brera, 107",Milano,45.45103419517481,9.182151408910844,2025,['Software & Consulenza Informatica'],31421,2018,6,True
SU00158,NanoLogic S.R.L.,"Via Montenapoleone, 77",Milano,45.48897391538129,9.21622311736225,2022,['Salute Digitale'],10000,79541,0,True
SU00159,DigitalEngine S.R.L.,"Corso Buenos Aires, 29",Bergamo,45.70600865143483,9.702933184335679,2020,['Computer e Prodotti Elettronici'],56020,530241,2,True
SU00160,SmartAnalytics S.R.L.,"Via Montenapoleone, 109",Milano,45.446578633266775,9.17575558472702,2021,"['Servizi di Informazione', 'Robotica']",55197,759980,10,True
SU00161,TechDynamics S.R.L.,"Via Brera, 99",Milano,45.43824980720035,9.174842876079882,2022,['Blockchain'],10000,531705,1,True
SU00162,NanoLab S.R.L.,"Via Manzoni, 46",Milano,45.42494584839983,9.182107463756031,2024,"['Marketing Digitale', 'Cybersecurity', 'E-commerce']",12863,98177,3,True
SU00163,InnovaDynamics S.R.L.,"Via Dante, 86",Milano,45.44941298761267,9.175564255975312,2022,"['Cleantech', 'Aerospace', 'Energia Rinnovabile']",30194,690422,5,True
SU00164,DataAnalytics S.R.L.,"Via Dante, 68",Milano,45.47617478031986,9.171595229404472,2021,['Energia Rinnovabile'],10000,163316,7,True
SU00165,InnovaLab S.R.L.,"Corso Buenos Aires, 92",Milano,45.44113335193588,9.156253113057785,2024,['E-commerce'],10000,44438,1,True
SU00166,InnovaHub S.R.L.,"Via Milano, 4",Cremona,45.17680112135613,10.046510971886873,2021,['Salute Digitale'],23842,33147,0,True
SU00167,InnovaSystems S.R.L.,"Via Milano, 1",Milano,45.44453755730836,9.157623893822846,2021,"['Marketing Digitale', 'Robotica', 'IoT']",45865,50072,8,True
SU00168,GreenSystems S.R.L.,"Via Garibaldi, 135",Como,45.80341330177916,9.101348894360168,2022,"['Blockchain', 'Robotica']",145781,38250,2,True
SU00169,TechEngine S.R.L.,"Via Milano, 42",Milano,45.480024180780255,9.179834792982097,2019,"['Energia Rinnovabile', 'E-commerce', 'Fintech']",10000,22809,0,True
SU00170,BioDynamics S.R.L.,"Via Roma, 71",Milano,45.467705735578676,9.16326549122248,2022,['IoT'],15550,44274,3,True
SU00171,BioLab S.R.L.,"Via Montenapoleone, 111",Milano,45.49983073363934,9.16989387953037,2024,"['Fintech', 'Blockchain', 'Salute Digitale']",10000,24283,4,True
SU00172,DigitalEngine S.R.L.,"Via Brera, 147",Milano,45.46510445418,9.191023958037622,2025,['Cybersecurity'],35546,54909,0,True
SU00173,DataAnalytics S.R.L.,"Corso Buenos Aires, 85",Milano,45.44339090068772,9.186315239211089,2021,"['Automazione Industriale', 'Marketing Digitale', 'Biotecnologie']",10000,1534552,0,True
SU00174,BioDynamics S.R.L.,"Via Milano, 40",Milano,45.45895709712264,9.23883008684339,2021,"['Salute Digitale', 'Fabbricazione Macchinari']",10000,255409,4,True
SU00175,SmartSolutions S.R.L.,"Via Manzoni, 126",Milano,45.482924180191596,9.193696206049795,2021,"['Fabbricazione Macchinari', 'Cybersecurity']",10000,1053286,0,True
SU00176,NanoEngine S.R.L.,"Via Manzoni, 18",Como,45.79371986664638,9.053938210036792,2021,"['Marketing Digitale', 'Salute Digitale']",10000,242582,5,True
SU00177,BioDynamics S.R.L.,"Via Garibaldi, 99",Milano,45.45634395606962,9.162741771733,2022,"['Aerospace', 'Energia Rinnovabile']",10000,603619,7,True
SU00178,SmartSystems S.R.L.,"Via Garibaldi, 118",Mantova,45.177097277135466,10.762996087654365,2019,"['Automazione Industriale', 'Salute Digitale']",70756,449833,2,True
SU00179,InnovaLab S.R.L.,"Via Milano, 17",Milano,45.47985747469897,9.181377488608497,2022,"['Computer e Prodotti Elettronici', 'Ricerca e Sviluppo', 'Cleantech']",10000,67437,1,True
SU00180,TechVision S.R.L.,"Via Montenapoleone, 35",Brescia,45.54030622789935,10.21325748196031,2020,"['Software & Consulenza Informatica', 'Blockchain']",41640,46328,6,True
SU00181,TechVision S.R.L.,"Via Manzoni, 82",Bergamo,45.71696256144683,9.672845585984469,2022,"['Intelligenza Artificiale', 'Robotica', 'Energia Rinnovabile']",23568,543611,4,True
SU00182,BioHub S.R.L.,"Corso Buenos Aires, 136",Sondrio,46.15905415630104,9.825157721898991,2023,"['Intelligenza Artificiale', 'Aerospace']",45033,45040,3,True
SU00183,NanoEngine S.R.L.,"Via Milano, 9",Cremona,45.1474104669793,10.080384645531474,2022,"['Blockchain', 'Aerospace']",50839,7204,2,True
SU00184,FutureAnalytics S.R.L.,"Via Dante, 79",Como,45.82218354244963,9.107622297598983,2023,"['Biotecnologie', 'Servizi di Informazione']",60078,26720,1,True
SU00185,GreenWorks S.R.L.,"Via Montenapoleone, 72",Milano,45.442924207677954,9.174203051219015,2019,"['Energia Rinnovabile', 'Robotica', 'Fintech']",19413,111395,0,True
SU00186,GreenVision S.R.L.,"Via Milano, 80",Milano,45.457368241569824,9.19003468713485,2020,"['Marketing Digitale', 'Blockchain']",11958,19222,5,True
SU00187,GreenSolutions S.R.L.,"Via Brera, 23",Lecco,45.85371688715816,9.401542183220405,2022,"['Aerospace', 'Fintech']",10000,32344,5,True
SU00188,NanoAnalytics S.R.L.,"Via Milano, 149",Milano,45.444839084829795,9.183793845892302,2021,"['Robotica', 'Fabbricazione Macchinari', 'Computer e Prodotti Elettronici']",129054,370720,9,True
SU00189,FutureHub S.R.L.,"Via Roma, 88",Milano,45.45516101256176,9.174213229885606,2021,"['Biotecnologie', 'Blockchain']",10000,106197,3,True
SU00190,TechEngine S.R.L.,"Corso Buenos Aires, 132",Mantova,45.17540031657339,10.796260094441088,2019,"['Servizi di Informazione', 'Biotecnologie']",10000,662594,3,True
SU00191,CyberHub S.R.L.,"Corso Buenos Aires, 129",Milano,45.46171145353787,9.178619452754496,2022,['Fabbricazione Macchinari'],10000,642863,3,True
SU00192,NanoSolutions S.R.L.,"Via Dante, 78",Milano,45.45727146987986,9.157768652817943,2023,['Biotecnologie'],12029,160648,2,True
SU00193,FutureLab S.R.L.,"Via Montenapoleone, 71",Milano,45.50644691776581,9.217938618787112,2019,['Computer e Prodotti Elettronici'],10000,41820,6,True
SU00194,DataLogic S.R.L.,"Via Manzoni, 38",Como,45.7743108532337,9.089066406495089,2019,['Fabbricazione Macchinari'],21864,499033,2,True
SU00195,BioEngine S.R.L.,"Via Milano, 8",Brescia,45.52782823950727,10.20345415786376,2020,['Aerospace'],10000,235466,4,True
SU00196,DataLogic S.R.L.,"Corso Buenos Aires, 145",Como,45.796144793344475,9.088579993206224,2021,"['Automotive Tech', 'Servizi di Informazione']",12891,58737,1,True
SU00197,TechDynamics S.R.L.,"Via Milano, 84",Bergamo,45.741698731761616,9.648826347262322,2021,['Blockchain'],54888,96870,1,True
SU00198,CyberSystems S.R.L.,"Via Dante, 136",Milano,45.467861204407455,9.164617998905937,2021,['Cleantech'],10000,559643,1,True
SU00199,FutureLogic S.R.L.,"Via Manzoni, 77",Milano,45.445882052124006,9.167230298201245,2021,['Software & Consulenza Informatica'],33824,343326,1,True
SU00200,InnovaVision S.R.L.,"Via Montenapoleone, 53",Milano,45.433954488145176,9.172012517456906,2023,"['Ricerca e Sviluppo', 'Marketing Digitale']",10000,34540,1,True
SU00201,GreenLab S.R.L.,"Via Milano, 140",Milano,45.4615486864531,9.18254862315247,2021,"['Cleantech', 'Salute Digitale']",10000,26970,2,True
SU00202,NanoHub S.R.L.,"Via Brera, 90",Milano,45.4978869703225,9.210000434301856,2022,"['E-commerce', 'Blockchain']",10000,108448,3,True
SU00203,InnovaLab S.R.L.,"Corso Buenos Aires, 113",Bergamo,45.68298380039883,9.676609564003375,2021,"['Biotecnologie', 'Cybersecurity']",30701,116570,1,True
SU00204,FutureAnalytics S.R.L.,"Via Milano, 42",Milano,45.45645759147305,9.187045559098339,2024,['Cybersecurity'],10000,10517,9,True
SU00205,NanoLogic S.R.L.,"Via Brera, 6",Milano,45.46545352100324,9.191797123258267,2021,"['Servizi di Informazione', 'Fintech']",11026,542941,3,True
SU00206,FutureSolutions S.R.L.,"Via Brera, 81",Pavia,45.19648247895335,9.161571166025961,2019,"['Fabbricazione Macchinari', 'Ricerca e Sviluppo', 'Robotica']",119156,93260,2,True
SU00207,SmartVision S.R.L.,"Corso Buenos Aires, 69",Milano,45.469731630111816,9.190171121616487,2022,"['Salute Digitale', 'Cleantech', 'Blockchain']",272078,125388,1,True
SU00208,GreenSystems S.R.L.,"Via Montenapoleone, 27",Milano,45.483641816375126,9.216068668830314,2023,['Cybersecurity'],10000,32664,1,True
SU00209,GreenAnalytics S.R.L.,"Via Montenapoleone, 148",Milano,45.45705785615502,9.185106309823317,2022,"['Software & Consulenza Informatica', 'Automotive Tech', 'E-commerce']",31739,81456,1,True
SU00210,DigitalHub S.R.L.,"Via Dante, 58",Milano,45.44979464563179,9.159458021700342,2023,['Automotive Tech'],12143,805,0,True
SU00211,InnovaVision S.R.L.,"Via Garibaldi, 3",Como,45.77169704356009,9.074910277932853,2021,['Computer e Prodotti Elettronici'],10000,20732,2,True
SU00212,DataLab S.R.L.,"Via Garibaldi, 140",Milano,45.48283869084632,9.211933045375321,2021,"['E-commerce', 'IoT']",17475,99017,2,False
SU00213,GreenEngine S.R.L.,"Via Brera, 20",Milano,45.441125344185515,9.173097427783468,2023,"['Automotive Tech', 'E-commerce']",12616,26900,1,True
SU00214,NanoSystems S.R.L.,"Via Brera, 16",Milano,45.465775554557325,9.211078418228128,2024,"['Marketing Digitale', 'Intelligenza Artificiale', 'Automazione Industriale']",13320,446474,1,True
SU00215,SmartVision S.R.L.,"Via Montenapoleone, 29",Milano,45.48580112118278,9.208855770282801,2022,"['Automotive Tech', 'Blockchain', 'IoT']",10000,833257,40,True
SU00216,DigitalHub S.R.L.,"Via Dante, 10",Varese,45.80661362379123,8.794403341835935,2025,['Cleantech'],56627,111059,7,False
SU00217,GreenEngine S.R.L.,"Via Garibaldi, 8",Milano,45.502786615733775,9.177895169801495,2024,"['Intelligenza Artificiale', 'Robotica', 'Ricerca e Sviluppo']",13482,1345106,3,True
SU00218,FutureSolutions S.R.L.,"Via Roma, 73",Milano,45.46295290716062,9.199818306978532,2022,['Servizi di Informazione'],10000,146760,1,True
SU00219,DigitalLogic S.R.L.,"Via Milano, 82",Como,45.82085438994364,9.094198004588188,2023,"['Servizi di Informazione', 'Energia Rinnovabile']",19689,603722,4,True
SU00220,DigitalSolutions S.R.L.,"Via Brera, 115",Milano,45.43089381842645,9.18416957378165,2021,"['Automotive Tech', 'Aerospace', 'Computer e Prodotti Elettronici']",22981,87266,3,True
SU00221,InnovaWorks S.R.L.,"Via Manzoni, 146",Milano,45.50365621509436,9.198303532046461,2024,['Computer e Prodotti Elettronici'],10000,158730,0,True
SU00222,DataAnalytics S.R.L.,"Via Manzoni, 99",Milano,45.44649018226824,9.193237763724804,2021,['Automazione Industriale'],15560,151820,2,True
SU00223,NanoSystems S.R.L.,"Via Milano, 20",Pavia,45.170973263061306,9.14133196903086,2025,['Servizi di Informazione'],10926,84198,0,True
SU00224,SmartAnalytics S.R.L.,"Via Brera, 137",Sondrio,46.19645484966295,9.89093579109108,2024,"['Fintech', 'Intelligenza Artificiale']",10000,1586401,1,True
SU00225,NanoSolutions S.R.L.,"Via Manzoni, 11",Milano,45.4409228456448,9.226632445693168,2021,"['Fabbricazione Macchinari', 'Aerospace']",69545,83062,3,True
SU00226,DataEngine S.R.L.,"Via Roma, 97",Milano,45.477633963676425,9.178546367196814,2019,"['Automotive Tech', 'Software & Consulenza Informatica', 'Robotica']",52851,1888,0,True
SU00227,GreenSystems S.R.L.,"Corso Buenos Aires, 106",Milano,45.476946493660456,9.222326000854437,2020,"['Fabbricazione Macchinari', 'Automotive Tech']",10000,103470,1,True
SU00228,BioSystems S.R.L.,"Via Garibaldi, 34",Milano,45.458304150984546,9.171266130403788,2022,['Salute Digitale'],10000,112965,2,True
SU00229,CyberLab S.R.L.,"Corso Buenos Aires, 100",Cremona,45.14145704015539,10.043032593497726,2021,"['Blockchain', 'Ricerca e Sviluppo']",13712,32222,0,True
SU00230,FutureLogic S.R.L.,"Via Garibaldi, 44",Milano,45.48330538474414,9.18922514210021,2024,['Intelligenza Artificiale'],62471,19417,6,True
SU00231,FutureLogic S.R.L.,"Via Dante, 85",Milano,45.462581653246744,9.126591485282438,2024,"['Salute Digitale', 'Biotecnologie', 'Fabbricazione Macchinari']",31805,73221,4,True
SU00232,FutureWorks S.R.L.,"Via Brera, 69",Bergamo,45.73038678216618,9.67159811485916,2022,"['Blockchain', 'Salute Digitale']",33590,52229,6,True
SU00233,BioLogic S.R.L.,"Via Montenapoleone, 49",Milano,45.43804791038639,9.15340889907135,2022,['Biotecnologie'],29534,19987,1,True
SU00234,TechHub S.R.L.,"Via Roma, 19",Milano,45.47881917952752,9.176986803452632,2022,['Cybersecurity'],18674,206353,2,True
SU00235,FutureHub S.R.L.,"Via Garibaldi, 103",Milano,45.47932976708632,9.15171879858825,2020,['Aerospace'],89238,90551,1,True
SU00236,CyberWorks S.R.L.,"Corso Buenos Aires, 106",Brescia,45.513066482095596,10.214488250558047,2019,"['Automotive Tech', 'IoT', 'Computer e Prodotti Elettronici']",13145,487456,2,True
SU00237,CyberSystems S.R.L.,"Via Garibaldi, 136",Milano,45.47011975809686,9.197859275052355,2024,"['Software & Consulenza Informatica', 'Servizi di Informazione', 'Marketing Digitale']",54157,155710,2,True
SU00238,FutureWorks S.R.L.,"Via Manzoni, 78",Milano,45.43596296583356,9.185224745602234,2022,"['Marketing Digitale', 'Software & Consulenza Informatica']",10000,38593,1,True
SU00239,GreenSystems S.R.L.,"Via Montenapoleone, 120",Bergamo,45.72242236869549,9.689483504668805,2021,"['Automazione Industriale', 'IoT']",26928,334636,1,False
SU00240,FutureVision S.R.L.,"Via Manzoni, 100",Bergamo,45.711718224965544,9.689375810405558,2020,['Software & Consulenza Informatica'],10000,110632,2,True
SU00241,CyberLab S.R.L.,"Via Brera, 7",Milano,45.4418665186658,9.203018443160818,2021,['Marketing Digitale'],10000,24426,6,True
SU00242,NanoLab S.R.L.,"Corso Buenos Aires, 22",Brescia,45.541662954538126,10.236399807368773,2022,"['Biotecnologie', 'Software & Consulenza Informatica']",17886,321207,30,False
SU00243,CyberDynamics S.R.L.,"Via Roma, 126",Milano,45.44714915513882,9.191457630659418,2021,"['Salute Digitale', 'Automotive Tech']",10000,136247,2,True
SU00244,InnovaHub S.R.L.,"Via Montenapoleone, 9",Brescia,45.51985712999526,10.200569522855705,2025,"['E-commerce', 'Fabbricazione Macchinari']",49243,105602,7,True
SU00245,CyberSolutions S.R.L.,"Via Montenapoleone, 118",Milano,45.4282871365474,9.183398196165971,2019,"['Biotecnologie', 'Computer e Prodotti Elettronici']",10000,144768,5,True
SU00246,BioVision S.R.L.,"Via Manzoni, 145",Bergamo,45.74175899498722,9.691267768686123,2023,"['Computer e Prodotti Elettronici', 'Servizi di Informazione', 'Automazione Industriale']",10058,154215,1,True
SU00247,SmartAnalytics S.R.L.,"Via Dante, 119",Como,45.79126012440477,9.087855756301542,2022,"['Marketing Digitale', 'Fabbricazione Macchinari']",34572,207186,5,True
SU00248,TechEngine S.R.L.,"Via Brera, 140",Brescia,45.55638926938471,10.229083614096837,2023,"['Biotecnologie', 'Automotive Tech', 'IoT']",11313,27917,7,True
SU00249,GreenHub S.R.L.,"Via Montenapoleone, 8",Milano,45.48332590004183,9.236493466117055,2024,['Automazione Industriale'],10000,76470,0,False
SU00250,TechWorks S.R.L.,"Via Brera, 138",Milano,45.492303401111904,9.18517314455194,2019,"['Marketing Digitale', 'E-commerce']",13050,358515,4,True
SU00251,FutureDynamics S.R.L.,"Via Manzoni, 24",Bergamo,45.676595226859526,9.671875277173344,2023,"['Intelligenza Artificiale', 'Cybersecurity']",10000,247374,2,True
SU00252,DataEngine S.R.L.,"Via Garibaldi, 34",Sondrio,46.15735298451532,9.860219214502226,2022,"['Marketing Digitale', 'Blockchain', 'Biotecnologie']",20714,590889,5,True
SU00253,GreenSolutions S.R.L.,"Via Roma, 61",Milano,45.46341527052602,9.154904225157551,2019,"['Fabbricazione Macchinari', 'Cleantech', 'Cybersecurity']",15711,88051,4,True
SU00254,GreenDynamics S.R.L.,"Via Manzoni, 6",Milano,45.475193663725804,9.226028601985329,2022,['E-commerce'],101567,1204358,2,True
SU00255,TechDynamics S.R.L.,"Via Milano, 77",Milano,45.4596394394043,9.218776527589084,2022,['Biotecnologie'],10000,151191,1,True
SU00256,DataAnalytics S.R.L.,"Via Garibaldi, 37",Milano,45.447313431024206,9.202847451832831,2024,"['Automazione Industriale', 'Cybersecurity']",15193,8592,9,True
SU00257,BioLogic S.R.L.,"Via Manzoni, 130",Milano,45.47921745558803,9.203088620542111,2023,['IoT'],12188,15372,3,True
SU00258,DigitalVision S.R.L.,"Via Roma, 130",Mantova,45.18170631961981,10.781828506169749,2021,"['Aerospace', 'Software & Consulenza Informatica']",10000,73034,1,True
SU00259,GreenAnalytics S.R.L.,"Via Milano, 29",Milano,45.448682503536666,9.191579280913361,2024,['Marketing Digitale'],13573,30454,3,True
SU00260,InnovaEngine S.R.L.,"Via Roma, 146",Milano,45.469881131410595,9.195151499417783,2023,"['Servizi di Informazione', 'Fintech', 'Robotica']",149707,164727,8,True
SU00261,BioSystems S.R.L.,"Via Dante, 88",Milano,45.467703498986175,9.170694473208009,2021,['Fintech'],10000,88211,4,True
SU00262,DigitalEngine S.R.L.,"Corso Buenos Aires, 93",Milano,45.482549797915695,9.24454719404819,2025,"['Robotica', 'Automotive Tech']",10000,24432,1,True
SU00263,NanoHub S.R.L.,"Via Manzoni, 65",Milano,45.470580897446396,9.176671332561785,2021,"['Cleantech', 'Automazione Industriale']",21797,226962,3,True
SU00264,InnovaWorks S.R.L.,"Corso Buenos Aires, 122",Milano,45.47283263259275,9.204793509362355,2025,['Biotecnologie'],11686,802309,0,True
SU00265,InnovaDynamics S.R.L.,"Via Milano, 57",Milano,45.48349959100972,9.207250199142404,2025,"['Fintech', 'Marketing Digitale', 'Servizi di Informazione']",19388,16465,1,True
SU00266,BioSystems S.R.L.,"Via Milano, 144",Milano,45.45483550839051,9.176204290928345,2024,['Computer e Prodotti Elettronici'],10000,19410,4,True
SU00267,BioLab S.R.L.,"Via Dante, 18",Brescia,45.551638463169546,10.224938157579214,2021,['Fintech'],10000,73547,3,True
SU00268,InnovaVision S.R.L.,"Via Manzoni, 102",Milano,45.47780767476847,9.18724177496577,2020,"['Intelligenza Artificiale', 'Ricerca e Sviluppo', 'Robotica']",10000,51542,1,True
SU00269,NanoEngine S.R.L.,"Via Roma, 142",Milano,45.45766653504982,9.192495041993277,2022,"['Aerospace', 'Fintech']",13165,1441206,1,True
SU00270,TechAnalytics S.R.L.,"Via Brera, 46",Brescia,45.57894779803505,10.231979583982598,2020,['Cleantech'],10291,625580,4,True
SU00271,InnovaSystems S.R.L.,"Via Brera, 105",Milano,45.50056967975071,9.182156446335979,2020,['E-commerce'],65788,28155,1,True
SU00272,SmartWorks S.R.L.,"Via Roma, 38",Milano,45.4468044393439,9.211944160911283,2023,['Fintech'],10000,158756,0,True
SU00273,FutureEngine S.R.L.,"Via Garibaldi, 64",Bergamo,45.7028980321605,9.666998879540198,2021,['Robotica'],102533,4139,4,True
SU00274,DigitalSystems S.R.L.,"Via Garibaldi, 74",Como,45.7985429520793,9.062745267492627,2020,"['Fabbricazione Macchinari', 'Marketing Digitale']",18541,29812,0,True
SU00275,NanoDynamics S.R.L.,"Corso Buenos Aires, 38",Milano,45.46125803295611,9.150524699047685,2019,"['E-commerce', 'IoT']",94387,112199,2,True
SU00276,GreenSolutions S.R.L.,"Via Roma, 62",Milano,45.47483337567407,9.17619283318393,2025,"['Biotecnologie', 'Automotive Tech']",10000,79544,5,True
SU00277,FutureSolutions S.R.L.,"Via Montenapoleone, 83",Milano,45.45781019858855,9.200857466962074,2022,"['Blockchain', 'E-commerce']",36724,200271,3,True
SU00278,CyberSystems S.R.L.,"Via Manzoni, 100",Milano,45.432459324769475,9.190171762770163,2022,['Automotive Tech'],10000,191606,2,True
SU00279,NanoAnalytics S.R.L.,"Via Milano, 102",Brescia,45.53006796446514,10.197040828873499,2023,['Automotive Tech'],10000,38125,5,True
SU00280,CyberEngine S.R.L.,"Via Milano, 4",Milano,45.426372130936144,9.206758357075445,2023,"['Aerospace', 'E-commerce']",10000,15657,7,True
SU00281,NanoSolutions S.R.L.,"Via Manzoni, 56",Milano,45.43172522835766,9.182601790610857,2023,['Fintech'],10288,119575,8,True
SU00282,TechDynamics S.R.L.,"Via Brera, 41",Bergamo,45.76009779215373,9.682904110821005,2019,"['Servizi di Informazione', 'Fintech', 'Marketing Digitale']",10000,165688,0,True
SU00283,DigitalDynamics S.R.L.,"Corso Buenos Aires, 15",Pavia,45.16957818142365,9.17554566820174,2024,"['IoT', 'Marketing Digitale']",10000,278107,5,True
SU00284,InnovaWorks S.R.L.,"Corso Buenos Aires, 54",Bergamo,45.67960158301188,9.639939554258412,2025,"['Cybersecurity', 'Fabbricazione Macchinari']",37011,6038,3,True
SU00285,FutureSystems S.R.L.,"Via Roma, 85",Milano,45.5182605512881,9.185386766667206,2022,"['Intelligenza Artificiale', 'E-commerce']",10000,34734,4,True
SU00286,TechAnalytics S.R.L.,"Via Montenapoleone, 31",Mantova,45.121111036555384,10.797220137249276,2023,"['Aerospace', 'Automazione Industriale']",10000,516298,0,True
SU00287,FutureWorks S.R.L.,"Via Milano, 67",Milano,45.446392458834794,9.202552224251848,2024,"['Fintech', 'Automotive Tech']",10000,31815,6,True
SU00288,InnovaLogic S.R.L.,"Via Milano, 132",Milano,45.49610565989014,9.183798529534519,2021,"['Biotecnologie', 'Aerospace']",52327,146789,0,False
SU00289,TechHub S.R.L.,"Via Roma, 140",Brescia,45.56540704057913,10.243243109598055,2024,"['Energia Rinnovabile', 'Salute Digitale']",31439,39667,2,True
SU00290,CyberLab S.R.L.,"Via Dante, 71",Como,45.803401514569586,9.067329698149615,2019,"['Biotecnologie', 'Automotive Tech', 'Intelligenza Artificiale']",25018,79233,6,True
SU00291,TechVision S.R.L.,"Via Manzoni, 16",Milano,45.469274134389835,9.172054901450037,2024,['Servizi di Informazione'],10000,12716,3,True
SU00292,FutureAnalytics S.R.L.,"Via Montenapoleone, 72",Milano,45.43086473186421,9.160104877071007,2020,"['Biotecnologie', 'Intelligenza Artificiale']",10000,72719,3,True
SU00293,CyberLab S.R.L.,"Via Dante, 71",Milano,45.46425004600634,9.226181334972887,2022,"['Cleantech', 'Fintech', 'IoT']",500000,510327,6,True
SU00294,DigitalSolutions S.R.L.,"Via Roma, 6",Mantova,45.15862080301942,10.794168108683081,2019,"['Cleantech', 'Intelligenza Artificiale', 'Salute Digitale']",145749,240234,2,True
SU00295,TechDynamics S.R.L.,"Via Montenapoleone, 91",Milano,45.48618974050666,9.186225768005203,2023,['Blockchain'],10000,3449,1,True
SU00296,BioSystems S.R.L.,"Via Brera, 128",Milano,45.477832819272805,9.174708660335945,2023,"['Automotive Tech', 'Cybersecurity']",16233,8926,7,True
SU00297,NanoDynamics S.R.L.,"Via Brera, 77",Milano,45.47102431684984,9.22000549218002,2022,"['Servizi di Informazione', 'Cleantech']",11994,139976,5,True
SU00298,BioLab S.R.L.,"Via Garibaldi, 36",Milano,45.443949078469714,9.194471547150053,2022,"['E-commerce', 'Robotica']",76801,445146,3,True
SU00299,GreenLogic S.R.L.,"Via Montenapoleone, 95",Como,45.805389474620426,9.100646291688815,2024,['Ricerca e Sviluppo'],11918,32877,1,False
SU00300,CyberVision S.R.L.,"Via Montenapoleone, 44",Milano,45.474399538344805,9.175472813840457,2024,['IoT'],31311,5000000,5,True
SU00301,DataEngine S.R.L.,"Via Brera, 17",Milano,45.49365288143955,9.192847184858717,2022,['Energia Rinnovabile'],10000,140669,0,True
SU00302,FutureSolutions S.R.L.,"Via Garibaldi, 147",Bergamo,45.71143481087662,9.680435190447318,2021,"['Blockchain', 'IoT']",10000,12325,6,True
SU00303,TechAnalytics S.R.L.,"Via Dante, 107",Milano,45.47345874809389,9.192676771636146,2024,"['Energia Rinnovabile', 'Biotecnologie']",14925,3582,1,True
SU00304,SmartLogic S.R.L.,"Via Dante, 43",Bergamo,45.724612637243766,9.674403182465285,2022,"['Aerospace', 'Blockchain', 'Robotica']",11766,854128,2,True
SU00305,DataSystems S.R.L.,"Via Montenapoleone, 64",Como,45.80986471507772,9.104678102399864,2022,['Marketing Digitale'],10000,25700,2,True
SU00306,DataHub S.R.L.,"Via Roma, 143",Bergamo,45.66361758620975,9.645434920164211,2021,"['IoT', 'Fabbricazione Macchinari']",17136,70527,2,True
SU00307,GreenWorks S.R.L.,"Via Brera, 51",Brescia,45.56222434267477,10.18307420603434,2023,"['Fabbricazione Macchinari', 'Marketing Digitale']",10302,11040,4,True
SU00308,NanoVision S.R.L.,"Corso Buenos Aires, 131",Milano,45.48013665889618,9.17450950781205,2019,['Aerospace'],10000,937496,1,True
SU00309,SmartHub S.R.L.,"Via Montenapoleone, 29",Milano,45.47244088324295,9.173990778329113,2025,"['Marketing Digitale', 'Fabbricazione Macchinari', 'Robotica']",10000,23679,2,True
SU00310,InnovaLab S.R.L.,"Via Manzoni, 128",Milano,45.46115818227706,9.22091466284307,2022,"['Biotecnologie', 'Energia Rinnovabile', 'Cleantech']",16207,71695,6,True
SU00311,NanoAnalytics S.R.L.,"Via Roma, 114",Milano,45.47967803591598,9.202356735654037,2024,"['Fintech', 'Robotica']",10000,24739,6,True
SU00312,DigitalSolutions S.R.L.,"Via Milano, 66",Milano,45.48235998312365,9.20012841549994,2023,"['Cleantech', 'Robotica']",10000,165222,1,True
SU00313,NanoSolutions S.R.L.,"Via Manzoni, 76",Milano,45.45389658201816,9.18746962206092,2022,['Energia Rinnovabile'],10000,39393,8,True
SU00314,NanoEngine S.R.L.,"Via Dante, 100",Milano,45.47895251860261,9.175882419718794,2020,"['Computer e Prodotti Elettronici', 'Blockchain']",12746,112326,0,True
SU00315,InnovaVision S.R.L.,"Via Garibaldi, 48",Varese,45.826821855391366,8.812928577617171,2021,"['Intelligenza Artificiale', 'Aerospace']",10000,48232,4,True
SU00316,GreenSolutions S.R.L.,"Via Montenapoleone, 51",Cremona,45.125459907673225,10.037124530874975,2020,"['E-commerce', 'Fintech']",10000,109930,4,True
SU00317,FutureLogic S.R.L.,"Corso Buenos Aires, 1",Milano,45.461149998596994,9.18308038338195,2021,"['E-commerce', 'Fintech', 'Marketing Digitale']",29396,108130,2,True
SU00318,GreenWorks S.R.L.,"Via Brera, 88",Milano,45.49234476273536,9.185438135360059,2023,['Fabbricazione Macchinari'],10000,32904,3,True
SU00319,CyberSolutions S.R.L.,"Via Montenapoleone, 135",Milano,45.48957166471295,9.19982825512711,2022,"['Fintech', 'Salute Digitale']",10000,1943294,7,True
SU00320,DataLab S.R.L.,"Via Brera, 134",Milano,45.486593755571064,9.195661063245172,2023,['Servizi di Informazione'],10000,123243,1,True
SU00321,TechHub S.R.L.,"Corso Buenos Aires, 19",Milano,45.47908715576413,9.20309593597302,2019,"['Automotive Tech', 'IoT']",10000,151415,0,True
SU00322,NanoSystems S.R.L.,"Via Dante, 4",Lecco,45.85596286505116,9.407444627476085,2022,"['Ricerca e Sviluppo', 'Software & Consulenza Informatica', 'Aerospace']",30404,1091446,6,True
SU00323,CyberEngine S.R.L.,"Via Montenapoleone, 80",Brescia,45.56255027274175,10.154741129928007,2024,"['Energia Rinnovabile', 'Aerospace']",181280,940,49,True
SU00324,BioLab S.R.L.,"Corso Buenos Aires, 135",Milano,45.44977086234848,9.20095326564015,2023,"['Biotecnologie', 'Fabbricazione Macchinari']",10000,193569,2,True
SU00325,InnovaVision S.R.L.,"Via Montenapoleone, 107",Milano,45.45237963088533,9.198801198580462,2021,['Fintech'],10000,6159,0,True
SU00326,BioEngine S.R.L.,"Via Milano, 44",Milano,45.476658645396235,9.226206551814453,2020,['Ricerca e Sviluppo'],10000,182898,5,True
SU00327,GreenAnalytics S.R.L.,"Via Roma, 44",Milano,45.45525564370542,9.155418016451359,2023,"['Biotecnologie', 'Fabbricazione Macchinari']",37688,457,1,True
SU00328,CyberDynamics S.R.L.,"Via Roma, 135",Cremona,45.176095942861664,10.043906781721345,2023,['Servizi di Informazione'],10000,211345,1,False
SU00329,CyberEngine S.R.L.,"Via Garibaldi, 4",Bergamo,45.729949612586495,9.649178426135252,2023,"['Marketing Digitale', 'Software & Consulenza Informatica']",10000,7379,3,False
SU00330,TechDynamics S.R.L.,"Via Brera, 14",Milano,45.464603755237526,9.193157811982289,2021,"['Fintech', 'Marketing Digitale']",72755,146577,2,True
SU00331,FutureEngine S.R.L.,"Via Manzoni, 26",Milano,45.454577638822585,9.172464429770569,2021,"['Software & Consulenza Informatica', 'Salute Digitale']",17075,63389,1,True
SU00332,SmartLogic S.R.L.,"Via Dante, 26",Milano,45.46355905011672,9.19067049404777,2024,['Cleantech'],10000,126059,3,True
SU00333,NanoAnalytics S.R.L.,"Via Montenapoleone, 19",Milano,45.43229350917129,9.185978637071505,2023,['Fintech'],14320,37120,1,True
SU00334,SmartLogic S.R.L.,"Via Manzoni, 44",Milano,45.427792039038565,9.213752822787178,2025,"['Biotecnologie', 'Intelligenza Artificiale', 'Cleantech']",10000,209252,1,True
SU00335,DataLogic S.R.L.,"Via Garibaldi, 81",Milano,45.44116004904841,9.192181659406996,2020,['Software & Consulenza Informatica'],466514,444013,0,True
SU00336,BioLogic S.R.L.,"Corso Buenos Aires, 102",Como,45.79234864260548,9.067764505180616,2020,"['Salute Digitale', 'Robotica']",10000,5000000,3,True
SU00337,TechLab S.R.L.,"Via Roma, 139",Brescia,45.55262034120453,10.197130358666435,2022,['Fintech'],10000,124460,5,True
SU00338,TechHub S.R.L.,"Via Milano, 67",Milano,45.449795759579864,9.167486900643988,2021,"['Automotive Tech', 'Energia Rinnovabile', 'Software & Consulenza Informatica']",44950,475298,1,True
SU00339,NanoWorks S.R.L.,"Via Manzoni, 26",Milano,45.459591841791806,9.16583239337946,2019,"['Servizi di Informazione', 'E-commerce']",32209,44987,1,True
SU00340,GreenVision S.R.L.,"Via Montenapoleone, 20",Milano,45.49313126582503,9.180802814753697,2020,['Automotive Tech'],10000,115256,0,True
SU00341,SmartVision S.R.L.,"Via Garibaldi, 62",Milano,45.477589526750194,9.212495357824753,2020,"['Salute Digitale', 'Blockchain']",10000,11995,1,True
SU00342,BioVision S.R.L.,"Via Manzoni, 46",Milano,45.44698063265473,9.19470340873957,2023,"['Salute Digitale', 'Intelligenza Artificiale']",12455,265010,0,True
SU00343,BioSolutions S.R.L.,"Via Roma, 79",Milano,45.47596153350335,9.209246903385331,2024,"['Robotica', 'Software & Consulenza Informatica']",21835,27800,9,True
SU00344,CyberEngine S.R.L.,"Corso Buenos Aires, 26",Bergamo,45.67162678554644,9.6709995410343,2021,['Energia Rinnovabile'],27210,1119482,4,True
SU00345,GreenHub S.R.L.,"Via Montenapoleone, 50",Como,45.794154326390604,9.090059127042627,2019,"['Automazione Industriale', 'Fabbricazione Macchinari', 'Cybersecurity']",10668,33122,5,True
SU00346,GreenEngine S.R.L.,"Via Garibaldi, 89",Milano,45.48388082905809,9.224585793514478,2021,"['Fintech', 'IoT']",10000,212312,1,True
SU00347,SmartSolutions S.R.L.,"Via Dante, 64",Milano,45.45802079970804,9.147908344024692,2019,['Aerospace'],24352,508140,3,True
SU00348,TechSolutions S.R.L.,"Via Dante, 6",Milano,45.439039601774674,9.20758276648079,2020,"['Salute Digitale', 'Intelligenza Artificiale', 'Automotive Tech']",10000,16145,0,True
SU00349,CyberDynamics S.R.L.,"Corso Buenos Aires, 18",Milano,45.45823738841468,9.156951752194063,2021,"['Blockchain', 'IoT']",10000,373568,0,True
SU00350,CyberAnalytics S.R.L.,"Corso Buenos Aires, 141",Milano,45.460352008271535,9.202234391473635,2022,"['E-commerce', 'Aerospace', 'Fabbricazione Macchinari']",27327,422275,5,True
SU00351,CyberSystems S.R.L.,"Via Dante, 54",Milano,45.48370676362209,9.195291812491627,2022,['Fintech'],20252,244925,0,True
SU00352,TechVision S.R.L.,"Corso Buenos Aires, 44",Milano,45.5059549197175,9.181473463702634,2024,"['Fintech', 'E-commerce', 'Robotica']",270761,1371554,2,True
SU00353,GreenLab S.R.L.,"Via Montenapoleone, 95",Milano,45.44953640483285,9.19027391919133,2025,"['Fintech', 'Biotecnologie']",10000,69695,1,True
SU00354,TechVision S.R.L.,"Via Roma, 109",Brescia,45.521661860793394,10.193142737764129,2020,"['Intelligenza Artificiale', 'Aerospace']",21691,112070,6,True
SU00355,DataWorks S.R.L.,"Corso Buenos Aires, 112",Milano,45.413295009007264,9.196499691491534,2019,['Intelligenza Artificiale'],31666,2042443,10,True
SU00356,SmartHub S.R.L.,"Via Montenapoleone, 140",Bergamo,45.687522095420285,9.670375755369959,2024,['Aerospace'],10000,14272,6,True
SU00357,BioVision S.R.L.,"Via Manzoni, 124",Brescia,45.55456612085403,10.219268663455216,2020,['IoT'],10000,50889,1,True
SU00358,BioWorks S.R.L.,"Via Manzoni, 48",Como,45.79965856229821,9.085929998636523,2023,['Fabbricazione Macchinari'],10000,956039,5,True
SU00359,InnovaSolutions S.R.L.,"Via Manzoni, 149",Milano,45.464560945049364,9.214213491050844,2024,"['Servizi di Informazione', 'Intelligenza Artificiale']",17857,103004,9,True
SU00360,DigitalDynamics S.R.L.,"Via Milano, 131",Milano,45.44900653964495,9.203272926940656,2021,"['Ricerca e Sviluppo', 'Automotive Tech']",10000,369724,7,True
SU00361,NanoVision S.R.L.,"Via Brera, 55",Como,45.81873331191878,9.09433199697397,2023,"['Automazione Industriale', 'E-commerce']",40863,121987,0,True
SU00362,SmartLogic S.R.L.,"Via Milano, 101",Cremona,45.12353213824505,10.028097000710174,2023,"['Software & Consulenza Informatica', 'Cleantech']",10000,75351,7,True
SU00363,DigitalHub S.R.L.,"Corso Buenos Aires, 45",Milano,45.43381980549343,9.218270988093478,2023,"['Automazione Industriale', 'Energia Rinnovabile']",28510,34263,4,False
SU00364,BioLogic S.R.L.,"Via Milano, 14",Milano,45.45341203796932,9.151990205879645,2025,"['Marketing Digitale', 'Robotica']",10000,910,0,True
SU00365,TechAnalytics S.R.L.,"Via Manzoni, 107",Milano,45.45699446306246,9.202450626878743,2020,"['Ricerca e Sviluppo', 'Automazione Industriale', 'IoT']",10000,522062,5,True
SU00366,DataHub S.R.L.,"Via Dante, 82",Milano,45.476793403421034,9.191271925650886,2021,"['Automotive Tech', 'IoT']",10000,1070,2,True
SU00367,DigitalDynamics S.R.L.,"Via Roma, 57",Milano,45.45525807097422,9.178706157684841,2019,"['Servizi di Informazione', 'Computer e Prodotti Elettronici']",10000,16674,2,True
SU00368,DigitalDynamics S.R.L.,"Via Dante, 97",Milano,45.46443725358361,9.170384239831728,2022,"['Cybersecurity', 'Software & Consulenza Informatica']",10000,887908,1,True
SU00369,GreenLab S.R.L.,"Via Roma, 18",Milano,45.449962813909885,9.187397889323071,2024,['Biotecnologie'],10000,25361,10,True
SU00370,SmartWorks S.R.L.,"Via Milano, 8",Milano,45.443415596720186,9.206359630889077,2023,"['E-commerce', 'Robotica']",55663,198996,6,True
SU00371,SmartDynamics S.R.L.,"Via Garibaldi, 24",Milano,45.4756782998724,9.169026122454147,2025,"['Cybersecurity', 'Ricerca e Sviluppo', 'Robotica']",19279,16054,1,True
SU00372,CyberHub S.R.L.,"Via Roma, 44",Milano,45.47843914933434,9.170618978969248,2020,"['IoT', 'Automazione Industriale']",44058,89208,2,True
SU00373,TechLogic S.R.L.,"Via Montenapoleone, 35",Milano,45.423142511593014,9.166383281660156,2023,['Computer e Prodotti Elettronici'],10000,9548,1,True
SU00374,TechHub S.R.L.,"Via Montenapoleone, 104",Milano,45.46280350352469,9.16651915080757,2022,['Biotecnologie'],10000,133237,1,True
SU00375,SmartSystems S.R.L.,"Via Montenapoleone, 73",Brescia,45.562233075491505,10.183621617946189,2019,"['Cleantech', 'Software & Consulenza Informatica']",10000,496914,6,True
SU00376,BioAnalytics S.R.L.,"Via Roma, 143",Milano,45.459253280722066,9.1966646106998,2024,"['Software & Consulenza Informatica', 'Robotica']",25623,81750,0,True
SU00377,BioSystems S.R.L.,"Via Manzoni, 105",Brescia,45.533516856810415,10.211835897457563,2025,['Software & Consulenza Informatica'],10000,3266,4,True
SU00378,BioWorks S.R.L.,"Via Montenapoleone, 142",Milano,45.47776573741414,9.182581529777003,2019,['Fintech'],26779,13936,0,True
SU00379,SmartLogic S.R.L.,"Corso Buenos Aires, 106",Milano,45.45146409796901,9.196962136294294,2022,['Biotecnologie'],10000,259423,5,True
SU00380,FutureVision S.R.L.,"Via Brera, 77",Como,45.82745118471387,9.069926906931514,2021,"['Servizi di Informazione', 'Robotica']",27672,564375,0,True
SU00381,DigitalSystems S.R.L.,"Via Montenapoleone, 16",Bergamo,45.69970972184518,9.686321297632752,2022,['Automazione Industriale'],47013,30372,0,True
SU00382,DigitalDynamics S.R.L.,"Via Roma, 97",Cremona,45.14642898737085,10.068925180098859,2023,"['Computer e Prodotti Elettronici', 'Cleantech']",10000,31222,0,True
SU00383,GreenSystems S.R.L.,"Via Manzoni, 50",Milano,45.475990060997546,9.133223193384335,2025,"['Servizi di Informazione', 'Automazione Industriale', 'Fintech']",10000,12846,1,True
SU00384,NanoSystems S.R.L.,"Via Brera, 105",Milano,45.437798456245254,9.18522494795873,2021,['Energia Rinnovabile'],19085,66354,0,True
SU00385,DigitalDynamics S.R.L.,"Via Montenapoleone, 14",Como,45.81630806529851,9.081782391770679,2025,"['Blockchain', 'Fintech']",35872,8271,5,True
SU00386,BioAnalytics S.R.L.,"Via Manzoni, 64",Milano,45.47656191680858,9.193295500083627,2023,"['Software & Consulenza Informatica', 'Fabbricazione Macchinari']",15786,197351,0,False
SU00387,InnovaSystems S.R.L.,"Via Milano, 109",Milano,45.473706322717895,9.180757920888306,2021,"['Aerospace', 'Ricerca e Sviluppo']",10000,2216442,3,True
SU00388,DigitalAnalytics S.R.L.,"Via Garibaldi, 2",Milano,45.491240787319484,9.23198815041005,2023,['Software & Consulenza Informatica'],10000,30826,3,True
SU00389,BioHub S.R.L.,"Via Manzoni, 86",Milano,45.474887726110715,9.1491722134972,2019,"['Servizi di Informazione', 'Automazione Industriale']",14704,215646,20,True
SU00390,BioAnalytics S.R.L.,"Via Milano, 119",Milano,45.45303470248388,9.189038051539146,2022,"['Cybersecurity', 'IoT']",17029,96874,0,True
SU00391,FutureHub S.R.L.,"Via Montenapoleone, 35",Milano,45.5066198713169,9.209556951293086,2022,"['Biotecnologie', 'Software & Consulenza Informatica']",11657,122543,5,True
SU00392,DigitalLab S.R.L.,"Via Montenapoleone, 39",Milano,45.431527966516214,9.195051349807636,2024,['Fabbricazione Macchinari'],10000,1935362,2,True
SU00393,NanoDynamics S.R.L.,"Via Manzoni, 72",Milano,45.45344042942356,9.199328891936805,2020,['Robotica'],10000,151116,1,True
SU00394,TechSystems S.R.L.,"Via Dante, 65",Milano,45.46601581805934,9.155640853725604,2025,['Salute Digitale'],19929,323034,2,True
SU00395,NanoSystems S.R.L.,"Via Manzoni, 9",Cremona,45.13412854018708,10.019208245515445,2022,"['Computer e Prodotti Elettronici', 'Salute Digitale']",10000,474101,0,True
SU00396,NanoLogic S.R.L.,"Via Brera, 81",Cremona,45.149456623890586,10.046444800482163,2019,"['Robotica', 'Energia Rinnovabile']",50419,248246,2,False
SU00397,GreenLogic S.R.L.,"Via Milano, 61",Bergamo,45.70766303959369,9.682444755013531,2020,"['Cybersecurity', 'IoT', 'Robotica']",34657,337202,1,True
SU00398,NanoLogic S.R.L.,"Via Roma, 121",Mantova,45.178090010605814,10.79089622632941,2021,"['Fabbricazione Macchinari', 'Servizi di Informazione', 'Marketing Digitale']",71170,75682,15,True
SU00399,TechAnalytics S.R.L.,"Via Manzoni, 123",Milano,45.4606767888159,9.221504358155688,2019,"['Aerospace', 'Servizi di Informazione']",13294,91108,3,True
SU00400,SmartSystems S.R.L.,"Via Dante, 132",Milano,45.47534817113702,9.202644326280636,2023,"['Automazione Industriale', 'Ricerca e Sviluppo']",10000,102220,40,True
SU00401,CyberSolutions S.R.L.,"Corso Buenos Aires, 44",Bergamo,45.66832842005547,9.709680631387805,2021,"['Biotecnologie', 'Software & Consulenza Informatica', 'Automotive Tech']",10000,8142,4,True
SU00402,GreenLab S.R.L.,"Via Manzoni, 94",Milano,45.451031079229566,9.17125851439704,2024,"['Servizi di Informazione', 'E-commerce']",79425,1502,1,True
SU00403,DigitalVision S.R.L.,"Via Montenapoleone, 94",Brescia,45.52656244948825,10.242530683126363,2024,['Automazione Industriale'],47444,247440,6,True
SU00404,TechAnalytics S.R.L.,"Via Garibaldi, 34",Milano,45.50438983183291,9.169126812999458,2025,"['Fabbricazione Macchinari', 'Salute Digitale']",10000,8946,2,True
SU00405,NanoSystems S.R.L.,"Via Dante, 23",Bergamo,45.71884091704356,9.664683580121851,2020,"['Biotecnologie', 'Aerospace']",10000,74395,3,True
SU00406,FutureDynamics S.R.L.,"Corso Buenos Aires, 85",Milano,45.48653268271352,9.194672140486404,2022,"['Automotive Tech', 'Ricerca e Sviluppo']",17305,178023,2,True
SU00407,SmartAnalytics S.R.L.,"Via Garibaldi, 100",Milano,45.44481698534521,9.19048509107774,2023,['Cybersecurity'],10000,6068,3,True
SU00408,DataVision S.R.L.,"Via Roma, 130",Milano,45.49222208130928,9.240666780013957,2025,['Software & Consulenza Informatica'],15971,43990,2,True
SU00409,DigitalHub S.R.L.,"Via Brera, 14",Milano,45.46635971033372,9.211786786186334,2024,"['Salute Digitale', 'Automazione Industriale', 'Software & Consulenza Informatica']",27998,8050,8,True
SU00410,InnovaEngine S.R.L.,"Via Roma, 31",Milano,45.44745238420635,9.207915924364718,2021,['Robotica'],10000,390451,2,True
SU00411,NanoSolutions S.R.L.,"Via Dante, 2",Mantova,45.14418593856699,10.82491080426243,2022,"['Software & Consulenza Informatica', 'Marketing Digitale', 'Automazione Industriale']",156762,10311,2,True
SU00412,GreenSystems S.R.L.,"Corso Buenos Aires, 8",Milano,45.48048933465497,9.171449796305803,2019,"['Ricerca e Sviluppo', 'Cybersecurity']",36192,34245,2,True
SU00413,BioLogic S.R.L.,"Via Montenapoleone, 78",Sondrio,46.18006880440729,9.870506734795798,2020,"['Blockchain', 'Fintech', 'IoT']",50965,39026,0,True
SU00414,InnovaLab S.R.L.,"Via Roma, 13",Milano,45.473762811511115,9.178455425485788,2024,['Salute Digitale'],10000,21618,5,True
SU00415,FutureEngine S.R.L.,"Via Montenapoleone, 147",Milano,45.48002017649699,9.16401298454539,2022,"['Servizi di Informazione', 'Fintech']",61083,31051,0,True
SU00416,FutureVision S.R.L.,"Via Garibaldi, 129",Pavia,45.17480070898218,9.13788009137664,2020,"['Aerospace', 'Automazione Industriale', 'Robotica']",10000,920479,5,True
SU00417,SmartDynamics S.R.L.,"Via Montenapoleone, 20",Milano,45.447143612078555,9.197773170447373,2023,['Energia Rinnovabile'],10000,12835,10,True
SU00418,GreenWorks S.R.L.,"Via Montenapoleone, 7",Milano,45.48768899865976,9.21375106379562,2024,"['Intelligenza Artificiale', 'Cleantech']",49738,51371,1,False
SU00419,CyberSystems S.R.L.,"Via Milano, 18",Bergamo,45.723483626430266,9.71340178700916,2022,"['Intelligenza Artificiale', 'Salute Digitale', 'E-commerce']",10000,55388,4,True
SU00420,DigitalLab S.R.L.,"Corso Buenos Aires, 88",Mantova,45.13502958491835,10.798308283632876,2021,"['Cybersecurity', 'Automazione Industriale']",10000,491785,1,True
SU00421,DigitalLogic S.R.L.,"Via Brera, 50",Milano,45.45372034633404,9.232972510507135,2020,['Cleantech'],17369,103753,7,False
SU00422,NanoDynamics S.R.L.,"Corso Buenos Aires, 9",Bergamo,45.676053450606595,9.653944851682002,2019,"['IoT', 'Energia Rinnovabile']",47918,200265,2,True
SU00423,GreenAnalytics S.R.L.,"Via Manzoni, 74",Bergamo,45.692023947463746,9.65690226397974,2019,"['Blockchain', 'Biotecnologie', 'Energia Rinnovabile']",10000,71118,8,True
SU00424,DataVision S.R.L.,"Via Brera, 115",Milano,45.443064287337,9.207291439449945,2024,['Marketing Digitale'],10000,157308,3,True
SU00425,DataSystems S.R.L.,"Via Brera, 132",Milano,45.46350871520312,9.208114352009947,2020,"['Salute Digitale', 'Aerospace']",15215,117344,0,True
SU00426,FutureSolutions S.R.L.,"Corso Buenos Aires, 79",Milano,45.474246800300186,9.177544977277416,2020,"['Blockchain', 'Robotica']",10000,1114384,4,True
SU00427,FutureWorks S.R.L.,"Via Manzoni, 83",Milano,45.46293924339941,9.200383335018138,2024,['Energia Rinnovabile'],10000,16157,3,True
SU00428,SmartLab S.R.L.,"Via Montenapoleone, 110",Milano,45.47513138325724,9.205416679222472,2022,"['Software & Consulenza Informatica', 'Fintech']",50173,484589,5,False
SU00429,FutureVision S.R.L.,"Via Manzoni, 149",Milano,45.4535839904241,9.16569454847546,2024,"['Intelligenza Artificiale', 'Energia Rinnovabile']",14227,243699,5,True
SU00430,GreenAnalytics S.R.L.,"Via Manzoni, 113",Milano,45.44365654083296,9.19699243945072,2023,"['Automotive Tech', 'Salute Digitale', 'Marketing Digitale']",10000,776413,5,True
SU00431,SmartLogic S.R.L.,"Via Brera, 65",Milano,45.468042285341575,9.191888139068082,2023,"['Cybersecurity', 'Energia Rinnovabile', 'Aerospace']",43322,2219,1,True
SU00432,InnovaDynamics S.R.L.,"Via Montenapoleone, 129",Pavia,45.19050803245937,9.13201074960315,2022,"['Marketing Digitale', 'Software & Consulenza Informatica']",30970,287281,2,True
SU00433,FutureSystems S.R.L.,"Via Montenapoleone, 126",Brescia,45.527217110200255,10.209855926594805,2021,"['Intelligenza Artificiale', 'Cleantech']",10000,363533,2,True
SU00434,SmartHub S.R.L.,"Via Garibaldi, 117",Brescia,45.515733089673304,10.184079029188288,2024,"['E-commerce', 'Automotive Tech']",23294,32876,1,True
SU00435,DataAnalytics S.R.L.,"Via Brera, 45",Milano,45.45279411109477,9.18840533144943,2023,"['Biotecnologie', 'Marketing Digitale', 'E-commerce']",14860,381629,5,True
SU00436,BioHub S.R.L.,"Via Roma, 2",Brescia,45.51457419194603,10.205797424263436,2019,['Marketing Digitale'],12987,88268,0,True
SU00437,FutureEngine S.R.L.,"Via Roma, 98",Milano,45.45276446182781,9.152898426730264,2019,['Fintech'],59607,348429,7,True
SU00438,GreenDynamics S.R.L.,"Via Roma, 49",Como,45.806235269826715,9.094226995691342,2019,"['Energia Rinnovabile', 'Aerospace', 'Computer e Prodotti Elettronici']",11036,30342,6,True
SU00439,InnovaSolutions S.R.L.,"Corso Buenos Aires, 46",Milano,45.47127620369546,9.203028197242055,2020,"['Aerospace', 'Energia Rinnovabile']",32328,51216,2,True
SU00440,FutureLogic S.R.L.,"Via Dante, 73",Milano,45.41378305986854,9.192976175233591,2021,['Fintech'],56177,88923,0,True
SU00441,FutureWorks S.R.L.,"Via Roma, 113",Milano,45.46486046614386,9.21693882488778,2019,['Blockchain'],19039,48090,0,True
SU00442,InnovaWorks S.R.L.,"Via Manzoni, 14",Pavia,45.23532494466526,9.133125728248398,2024,"['Fabbricazione Macchinari', 'Cybersecurity']",16573,2407,2,True
SU00443,FutureVision S.R.L.,"Via Brera, 132",Milano,45.43025820038119,9.168913899147919,2021,['E-commerce'],10453,31705,1,True
SU00444,GreenSolutions S.R.L.,"Via Milano, 23",Brescia,45.54374458576839,10.2018025793099,2022,"['Intelligenza Artificiale', 'Robotica', 'Fabbricazione Macchinari']",10000,477705,0,True
SU00445,SmartHub S.R.L.,"Via Milano, 4",Milano,45.47755086622612,9.231470644920817,2023,"['Energia Rinnovabile', 'Marketing Digitale']",18559,30854,2,True
SU00446,FutureWorks S.R.L.,"Via Montenapoleone, 96",Milano,45.4586900369665,9.212351614644913,2022,['Marketing Digitale'],57795,2731417,7,True
SU00447,NanoLogic S.R.L.,"Via Brera, 95",Cremona,45.13493697018411,10.056931158419802,2021,"['Marketing Digitale', 'Energia Rinnovabile', 'Fintech']",17912,312034,6,True
SU00448,InnovaEngine S.R.L.,"Via Dante, 86",Milano,45.46814236670245,9.193752757087285,2024,"['IoT', 'E-commerce']",10000,45763,4,True
SU00449,TechEngine S.R.L.,"Corso Buenos Aires, 45",Como,45.808481336395616,9.11168658868923,2021,['Salute Digitale'],18129,275617,7,True
SU00450,SmartSolutions S.R.L.,"Via Dante, 1",Cremona,45.10927785021625,10.016494626167706,2019,['Blockchain'],49614,26111,10,True
SU00451,FutureLab S.R.L.,"Via Roma, 74",Milano,45.44538626230059,9.181737542284614,2021,['Energia Rinnovabile'],34143,120799,8,True
SU00452,InnovaLogic S.R.L.,"Via Manzoni, 18",Pavia,45.189596784082,9.18370411472865,2025,['Robotica'],24377,18110,5,True
SU00453,InnovaDynamics S.R.L.,"Via Roma, 97",Milano,45.46815351133908,9.13956790397076,2022,"['Salute Digitale', 'Intelligenza Artificiale']",10000,84071,3,True
SU00454,FutureLogic S.R.L.,"Corso Buenos Aires, 108",Como,45.79403136824095,9.06491953239392,2024,"['Aerospace', 'Energia Rinnovabile']",10000,107096,0,False
SU00455,DataVision S.R.L.,"Via Dante, 4",Bergamo,45.71609921681002,9.72793242819933,2023,['Biotecnologie'],10000,29961,2,True
SU00456,DataHub S.R.L.,"Via Brera, 58",Bergamo,45.69439876707007,9.70661131304732,2023,"['Software & Consulenza Informatica', 'Biotecnologie', 'Servizi di Informazione']",10000,95638,1,False
SU00457,CyberHub S.R.L.,"Corso Buenos Aires, 120",Como,45.83025804996551,9.093744001670366,2023,"['Cleantech', 'Ricerca e Sviluppo', 'Intelligenza Artificiale']",21097,967250,0,True
SU00458,BioAnalytics S.R.L.,"Via Roma, 33",Milano,45.462796527675614,9.20109398677017,2022,"['Robotica', 'Cleantech', 'Automazione Industriale']",10000,64340,0,True
SU00459,FutureDynamics S.R.L.,"Via Montenapoleone, 62",Milano,45.47693816158006,9.180497494431107,2021,"['Aerospace', 'Software & Consulenza Informatica']",10000,96714,2,True
SU00460,NanoHub S.R.L.,"Via Manzoni, 32",Milano,45.45227118796935,9.17440341440936,2019,"['Biotecnologie', 'Fintech', 'E-commerce']",127579,170608,7,True
SU00461,FutureVision S.R.L.,"Via Manzoni, 95",Milano,45.50173302863784,9.165380574276039,2020,['Intelligenza Artificiale'],18198,27640,8,True
SU00462,BioAnalytics S.R.L.,"Via Manzoni, 4",Milano,45.47429156112375,9.206409572391662,2023,"['Intelligenza Artificiale', 'Software & Consulenza Informatica', 'Automazione Industriale']",23331,52745,5,True
SU00463,TechEngine S.R.L.,"Via Montenapoleone, 107",Milano,45.488528919669946,9.169748511383712,2025,"['E-commerce', 'Energia Rinnovabile', 'Salute Digitale']",10000,183179,7,True
SU00464,InnovaSolutions S.R.L.,"Via Montenapoleone, 3",Como,45.799446809732075,9.093049120369411,2021,"['Aerospace', 'IoT']",10998,800319,5,True
SU00465,CyberHub S.R.L.,"Via Brera, 134",Milano,45.416378428694316,9.169603973326108,2023,"['Cleantech', 'Aerospace']",13688,54281,2,True
SU00466,BioHub S.R.L.,"Corso Buenos Aires, 51",Sondrio,46.14742117763893,9.88223521299299,2021,"['Energia Rinnovabile', 'Fintech', 'Automazione Industriale']",146882,781168,3,True
SU00467,NanoVision S.R.L.,"Via Montenapoleone, 138",Cremona,45.146925402734105,10.037620479059656,2023,"['Biotecnologie', 'Salute Digitale']",34193,21504,40,True
SU00468,SmartEngine S.R.L.,"Via Dante, 106",Milano,45.46603852074014,9.194978642119205,2022,"['Cybersecurity', 'Cleantech', 'Automazione Industriale']",26515,1072996,0,True
SU00469,DigitalSolutions S.R.L.,"Via Brera, 131",Milano,45.479088068967606,9.177549073029764,2022,['E-commerce'],25659,263336,3,True
SU00470,TechAnalytics S.R.L.,"Via Roma, 119",Milano,45.40816176861024,9.198685272998441,2019,"['Fintech', 'Marketing Digitale']",10000,2835736,6,True
SU00471,DataLogic S.R.L.,"Via Garibaldi, 51",Milano,45.455196901603145,9.131941453561968,2024,"['Ricerca e Sviluppo', 'Servizi di Informazione']",17499,106659,5,True
SU00472,InnovaHub S.R.L.,"Via Dante, 17",Milano,45.447691122103116,9.197836600203456,2021,['Fintech'],10000,99156,0,True
SU00473,TechSolutions S.R.L.,"Via Milano, 146",Milano,45.476034432027326,9.21323429204059,2019,"['Ricerca e Sviluppo', 'Aerospace']",10000,13123,5,True
SU00474,GreenLab S.R.L.,"Via Roma, 122",Milano,45.48130070136395,9.195479985245264,2024,"['Robotica', 'Computer e Prodotti Elettronici', 'E-commerce']",33253,236470,1,True
SU00475,DataLogic S.R.L.,"Via Dante, 82",Lecco,45.86549408792833,9.391976681309071,2023,"['Software & Consulenza Informatica', 'Servizi di Informazione']",10000,1106,0,True
SU00476,CyberSolutions S.R.L.,"Via Montenapoleone, 101",Milano,45.48266089654453,9.198121880376974,2020,"['IoT', 'Robotica']",61300,20584,2,True
SU00477,NanoWorks S.R.L.,"Via Garibaldi, 97",Milano,45.45692824246363,9.19441601989185,2022,['Cleantech'],10000,192625,9,True
SU00478,TechSystems S.R.L.,"Via Milano, 36",Milano,45.45411016361088,9.180004078828505,2022,['Biotecnologie'],33161,37914,3,True
SU00479,GreenSolutions S.R.L.,"Via Milano, 126",Bergamo,45.6665224016039,9.68528377433763,2020,['Intelligenza Artificiale'],16746,280048,1,False
SU00480,TechSystems S.R.L.,"Corso Buenos Aires, 131",Milano,45.47539398128442,9.213205169492165,2021,['Fintech'],10000,521976,1,True
SU00481,DigitalLab S.R.L.,"Via Milano, 130",Milano,45.452812971528374,9.201833360993863,2022,['Marketing Digitale'],10000,125718,3,True
SU00482,FutureEngine S.R.L.,"Via Garibaldi, 139",Milano,45.44057043182529,9.140130589730285,2019,"['Aerospace', 'Fabbricazione Macchinari', 'Cybersecurity']",10852,43161,2,False
SU00483,CyberWorks S.R.L.,"Via Manzoni, 133",Milano,45.49452499546839,9.218118151032805,2022,['Biotecnologie'],10000,13462,1,True
SU00484,TechHub S.R.L.,"Corso Buenos Aires, 142",Milano,45.42982139174092,9.210939090688564,2023,['Automotive Tech'],30887,101173,1,True
SU00485,CyberLab S.R.L.,"Via Montenapoleone, 3",Milano,45.41733921796696,9.177719236769011,2021,['Software & Consulenza Informatica'],108678,6065,3,True
SU00486,InnovaHub S.R.L.,"Via Brera, 73",Milano,45.51362199559162,9.179559144685179,2022,"['Marketing Digitale', 'Aerospace', 'Ricerca e Sviluppo']",100419,278290,2,True
SU00487,DigitalVision S.R.L.,"Via Milano, 57",Milano,45.43116497664983,9.190687149328845,2021,"['Servizi di Informazione', 'Automazione Industriale']",10000,9509,1,True
SU00488,DataHub S.R.L.,"Via Brera, 68",Bergamo,45.70551378751721,9.698489523348538,2024,"['Salute Digitale', 'Energia Rinnovabile']",10000,21010,0,True
SU00489,SmartVision S.R.L.,"Via Garibaldi, 59",Milano,45.43533217076811,9.224010863506276,2023,['Automotive Tech'],27303,20044,5,True
SU00490,CyberLab S.R.L.,"Via Brera, 105",Milano,45.4597485014555,9.15636062432029,2021,['Blockchain'],10000,25431,1,True
SU00491,NanoVision S.R.L.,"Via Milano, 104",Milano,45.49138661069843,9.173860981910689,2024,"['Ricerca e Sviluppo', 'Computer e Prodotti Elettronici']",37727,199623,4,True
SU00492,CyberLogic S.R.L.,"Corso Buenos Aires, 47",Milano,45.46323274726831,9.185781619203857,2021,['Marketing Digitale'],31477,1183233,1,True
SU00493,FutureLogic S.R.L.,"Via Montenapoleone, 29",Bergamo,45.6940075866923,9.636800933302137,2021,"['Blockchain', 'Cleantech']",10000,152328,4,True
SU00494,GreenWorks S.R.L.,"Via Brera, 109",Milano,45.46826643187856,9.176312363576729,2022,['Ricerca e Sviluppo'],27731,46628,0,True
SU00495,GreenHub S.R.L.,"Via Brera, 91",Milano,45.48309978206737,9.198274254272425,2020,"['Marketing Digitale', 'Aerospace']",27220,646216,0,False
SU00496,InnovaVision S.R.L.,"Via Milano, 110",Varese,45.80791532473226,8.883282184315366,2023,['Automotive Tech'],17697,237706,1,True
SU00497,CyberEngine S.R.L.,"Via Manzoni, 39",Milano,45.49329499070741,9.227615222924053,2021,['Marketing Digitale'],10000,311280,0,True
SU00498,SmartVision S.R.L.,"Via Manzoni, 47",Brescia,45.56534854303364,10.222224599812892,2024,"['Marketing Digitale', 'Fabbricazione Macchinari']",11009,97004,3,True
SU00499,InnovaHub S.R.L.,"Corso Buenos Aires, 21",Como,45.7970183840732,9.048148857304811,2022,['Aerospace'],20113,91320,0,True
SU00500,FutureHub S.R.L.,"Corso Buenos Aires, 65",Milano,45.45414547412135,9.192980356163433,2023,"['Fintech', 'Software & Consulenza Informatica']",34852,60538,6,True
SU00501,DigitalLab S.R.L.,"Via Manzoni, 148",Pavia,45.189979486188726,9.132522922262828,2020,['Fintech'],13197,203335,3,True
SU00502,DataSolutions S.R.L.,"Via Roma, 95",Brescia,45.55905579678564,10.195254715254496,2020,"['Software & Consulenza Informatica', 'Marketing Digitale', 'Blockchain']",10000,483055,2,True
SU00503,InnovaDynamics S.R.L.,"Via Roma, 118",Brescia,45.52852515940386,10.2301080594097,2022,"['Energia Rinnovabile', 'Intelligenza Artificiale']",75398,34232,2,True
SU00504,NanoLab S.R.L.,"Via Milano, 93",Varese,45.831310050411425,8.853926152095884,2021,"['Aerospace', 'Cybersecurity']",10000,19121,1,True
SU00505,NanoWorks S.R.L.,"Via Roma, 142",Milano,45.4755867834585,9.191053444196303,2025,"['E-commerce', 'Robotica', 'Intelligenza Artificiale']",10000,38104,2,True
SU00506,CyberAnalytics S.R.L.,"Via Dante, 65",Bergamo,45.70558460116691,9.67474958696421,2019,['Salute Digitale'],10000,1021630,6,True
SU00507,TechDynamics S.R.L.,"Via Montenapoleone, 109",Milano,45.48198571698428,9.191613463912054,2022,['Energia Rinnovabile'],45860,40198,1,True
SU00508,GreenSolutions S.R.L.,"Via Roma, 16",Milano,45.46425851933359,9.193558167828233,2022,"['Salute Digitale', 'Automazione Industriale']",10000,638951,0,True
SU00509,TechDynamics S.R.L.,"Via Montenapoleone, 10",Milano,45.469220070863,9.193588283420976,2019,"['E-commerce', 'Robotica']",10000,55212,9,True
SU00510,GreenSolutions S.R.L.,"Corso Buenos Aires, 91",Milano,45.4243044128422,9.191654450770088,2021,"['Automotive Tech', 'Servizi di Informazione']",47375,549115,4,False
SU00511,DigitalVision S.R.L.,"Via Montenapoleone, 47",Milano,45.49555357074429,9.204969645887672,2024,"['Fintech', 'Software & Consulenza Informatica', 'Cybersecurity']",19289,62871,2,True
SU00512,DataAnalytics S.R.L.,"Via Montenapoleone, 80",Milano,45.47766700378818,9.154107825163148,2023,"['Cybersecurity', 'Intelligenza Artificiale']",16610,23430,8,True
SU00513,NanoEngine S.R.L.,"Via Garibaldi, 89",Bergamo,45.694130984434615,9.688994581822852,2024,['IoT'],97013,26810,4,True
SU00514,SmartLab S.R.L.,"Via Milano, 96",Milano,45.45368177758781,9.166609180390976,2020,"['Aerospace', 'Fabbricazione Macchinari']",49860,22973,3,True
SU00515,NanoWorks S.R.L.,"Via Milano, 127",Milano,45.48671235554666,9.19352226235219,2024,"['Servizi di Informazione', 'Automotive Tech', 'Software & Consulenza Informatica']",20451,121468,2,True
SU00516,DataEngine S.R.L.,"Via Milano, 12",Como,45.79835665633942,9.04084781839696,2020,"['Servizi di Informazione', 'Intelligenza Artificiale', 'IoT']",16864,19285,2,True
SU00517,DigitalDynamics S.R.L.,"Via Milano, 141",Milano,45.457164174237136,9.181481504160386,2022,"['Intelligenza Artificiale', 'Salute Digitale', 'IoT']",26205,66124,4,True
SU00518,DataSystems S.R.L.,"Via Brera, 70",Milano,45.49019742487061,9.17571916512445,2020,"['Automazione Industriale', 'Intelligenza Artificiale', 'Fabbricazione Macchinari']",10000,260900,5,True
SU00519,SmartHub S.R.L.,"Via Montenapoleone, 73",Milano,45.45981175358056,9.194698562501761,2022,"['Servizi di Informazione', 'Aerospace', 'Biotecnologie']",10000,178001,1,True
SU00520,DigitalWorks S.R.L.,"Via Garibaldi, 91",Milano,45.481238581415816,9.208297355961957,2023,['Software & Consulenza Informatica'],10000,418427,3,True
SU00521,DataDynamics S.R.L.,"Via Roma, 146",Milano,45.432963110999694,9.16114734811537,2022,"['Computer e Prodotti Elettronici', 'Robotica', 'Software & Consulenza Informatica']",10000,14108,1,True
SU00522,NanoWorks S.R.L.,"Via Roma, 85",Milano,45.446757119062,9.212572067842443,2021,['Automazione Industriale'],99408,1054924,0,True
SU00523,DigitalSolutions S.R.L.,"Via Manzoni, 34",Como,45.81437911373541,9.071688171457867,2025,['Salute Digitale'],75782,28880,15,True
SU00524,TechLogic S.R.L.,"Via Montenapoleone, 100",Milano,45.44409064015535,9.234592788668463,2019,"['Fabbricazione Macchinari', 'Aerospace']",10000,47116,0,True
SU00525,DigitalSolutions S.R.L.,"Corso Buenos Aires, 28",Milano,45.47777479106441,9.157936415282576,2019,"['Software & Consulenza Informatica', 'Salute Digitale', 'Ricerca e Sviluppo']",80358,422832,4,True
SU00526,BioLab S.R.L.,"Via Milano, 130",Milano,45.465074207939836,9.214456158442667,2023,['Salute Digitale'],23849,564820,0,True
SU00527,DigitalAnalytics S.R.L.,"Corso Buenos Aires, 73",Milano,45.47888110410006,9.189807618430093,2022,"['Marketing Digitale', 'Salute Digitale', 'IoT']",13292,1720358,2,True
SU00528,NanoHub S.R.L.,"Via Manzoni, 47",Mantova,45.13421641080226,10.786082981530312,2021,['Ricerca e Sviluppo'],10000,232938,1,True
SU00529,NanoAnalytics S.R.L.,"Via Brera, 125",Brescia,45.53471305292659,10.191938330943257,2022,"['Computer e Prodotti Elettronici', 'Salute Digitale']",10000,435854,6,True
SU00530,DataSolutions S.R.L.,"Via Roma, 89",Cremona,45.13752109974621,10.01578914517165,2022,['Automotive Tech'],10000,39304,1,True
SU00531,GreenLogic S.R.L.,"Via Manzoni, 67",Milano,45.41576216005436,9.167349458149486,2021,"['IoT', 'Blockchain']",10000,355068,2,True
SU00532,TechSolutions S.R.L.,"Via Roma, 42",Milano,45.44853212757085,9.204286080814219,2024,['Software & Consulenza Informatica'],10000,35802,4,True
SU00533,FutureVision S.R.L.,"Via Milano, 120",Varese,45.80425166717874,8.801295181227907,2025,['E-commerce'],14506,405122,2,True
SU00534,TechHub S.R.L.,"Via Roma, 78",Milano,45.432225166331676,9.182250956326662,2024,['Cybersecurity'],50970,190797,4,True
SU00535,InnovaSolutions S.R.L.,"Via Garibaldi, 69",Brescia,45.526532408384654,10.235348628987778,2024,"['Energia Rinnovabile', 'Biotecnologie']",29177,1192942,1,True
SU00536,BioSystems S.R.L.,"Via Dante, 59",Pavia,45.21195054739314,9.132568450818992,2020,['Fabbricazione Macchinari'],51575,13351,1,True
SU00537,BioLogic S.R.L.,"Via Montenapoleone, 12",Milano,45.43452633115478,9.184223949849605,2025,['Ricerca e Sviluppo'],10000,12731,3,True
SU00538,SmartDynamics S.R.L.,"Via Manzoni, 143",Bergamo,45.717138059235225,9.670079589647955,2023,['Marketing Digitale'],10000,31321,0,True
SU00539,DataVision S.R.L.,"Via Milano, 30",Mantova,45.17021199742854,10.82655289264307,2022,['Salute Digitale'],10000,48334,9,True
SU00540,GreenEngine S.R.L.,"Corso Buenos Aires, 143",Milano,45.49287262688781,9.212380215367057,2022,"['Ricerca e Sviluppo', 'Automotive Tech']",10000,12172,3,True
SU00541,DataSolutions S.R.L.,"Corso Buenos Aires, 96",Milano,45.438058033112014,9.19372136864941,2021,"['Marketing Digitale', 'Cybersecurity']",10000,334831,1,True
SU00542,CyberSolutions S.R.L.,"Via Roma, 130",Pavia,45.205916001436115,9.176191227534767,2020,"['Marketing Digitale', 'Ricerca e Sviluppo']",10000,75668,2,True
SU00543,DigitalSolutions S.R.L.,"Via Garibaldi, 112",Milano,45.483141567539555,9.132247313985657,2023,['IoT'],10000,43078,25,True
SU00544,GreenLab S.R.L.,"Via Garibaldi, 143",Varese,45.81834032627975,8.822740377537867,2021,"['E-commerce', 'Automotive Tech']",19969,2105085,2,True
SU00545,InnovaAnalytics S.R.L.,"Corso Buenos Aires, 15",Cremona,45.13482037498686,9.999792165562303,2021,['Intelligenza Artificiale'],10000,77274,0,True
SU00546,CyberSolutions S.R.L.,"Via Manzoni, 22",Milano,45.474144663027154,9.199902757400919,2025,"['Automotive Tech', 'Aerospace']",22926,20717,5,True
SU00547,TechEngine S.R.L.,"Corso Buenos Aires, 27",Milano,45.5013615381907,9.219868554997179,2024,"['Ricerca e Sviluppo', 'Robotica', 'Intelligenza Artificiale']",18205,348089,4,True
SU00548,NanoEngine S.R.L.,"Via Dante, 120",Milano,45.46303738037396,9.192642550713131,2023,"['Fintech', 'Software & Consulenza Informatica']",10000,141870,7,True
SU00549,CyberLogic S.R.L.,"Via Roma, 115",Como,45.84021808113077,9.094697946487647,2021,"['Computer e Prodotti Elettronici', 'IoT', 'Biotecnologie']",26068,514361,4,True
SU00550,CyberVision S.R.L.,"Corso Buenos Aires, 137",Milano,45.497053330357126,9.167601217259907,2025,"['Aerospace', 'Fabbricazione Macchinari']",10000,2114,3,True
SU00551,GreenAnalytics S.R.L.,"Corso Buenos Aires, 116",Brescia,45.52714330409644,10.168289024460249,2023,['Salute Digitale'],10000,26780,1,True
SU00552,GreenEngine S.R.L.,"Via Garibaldi, 124",Milano,45.475368969677454,9.187644676003075,2020,"['Energia Rinnovabile', 'Aerospace', 'Fintech']",28075,720341,7,False
SU00553,DataAnalytics S.R.L.,"Via Manzoni, 89",Milano,45.46814790470528,9.190862417699412,2020,"['Salute Digitale', 'Aerospace', 'Fabbricazione Macchinari']",10000,30894,0,True
SU00554,BioEngine S.R.L.,"Corso Buenos Aires, 15",Bergamo,45.6846844886735,9.683145309123114,2021,"['Energia Rinnovabile', 'Cybersecurity', 'Software & Consulenza Informatica']",20163,152137,1,True
SU00555,NanoHub S.R.L.,"Via Dante, 67",Brescia,45.541432784254575,10.231316737832477,2023,['Fabbricazione Macchinari'],10000,2361,0,True
SU00556,GreenEngine S.R.L.,"Via Garibaldi, 60",Sondrio,46.165092227615915,9.893608837656531,2024,['Fintech'],27616,36152,3,True
SU00557,BioDynamics S.R.L.,"Via Dante, 147",Mantova,45.116541273686394,10.77724081258736,2025,['Energia Rinnovabile'],10000,17531,1,True
SU00558,InnovaDynamics S.R.L.,"Corso Buenos Aires, 118",Brescia,45.54119945606313,10.182407478977069,2024,['Automazione Industriale'],10000,20694,10,True
SU00559,SmartDynamics S.R.L.,"Via Manzoni, 46",Milano,45.45047294844375,9.200714055565347,2021,"['Fabbricazione Macchinari', 'Automotive Tech', 'Marketing Digitale']",10000,36927,2,True
SU00560,InnovaHub S.R.L.,"Via Brera, 127",Mantova,45.15670246523169,10.798126459386426,2025,"['Fintech', 'Servizi di Informazione']",18286,117674,2,True
SU00561,TechVision S.R.L.,"Corso Buenos Aires, 104",Milano,45.45469030517621,9.176723337943486,2022,['Cleantech'],10000,341498,0,True
SU00562,CyberEngine S.R.L.,"Via Roma, 59",Milano,45.44780569954265,9.196725259023717,2023,"['E-commerce', 'Automazione Industriale', 'Software & Consulenza Informatica']",10833,8039,1,True
SU00563,BioHub S.R.L.,"Via Montenapoleone, 40",Brescia,45.541899122816645,10.20316096340168,2020,"['Fabbricazione Macchinari', 'Aerospace']",10000,1974884,1,True
SU00564,DataAnalytics S.R.L.,"Via Milano, 106",Milano,45.452377063401485,9.196573646989929,2021,"['Blockchain', 'Automazione Industriale', 'Computer e Prodotti Elettronici']",26472,48335,2,True
SU00565,InnovaSolutions S.R.L.,"Via Garibaldi, 44",Milano,45.461675037045005,9.177727375232394,2021,"['Marketing Digitale', 'Software & Consulenza Informatica']",35663,165757,3,True
SU00566,FutureEngine S.R.L.,"Via Milano, 39",Milano,45.484061727654655,9.177526147736797,2021,"['Cleantech', 'Biotecnologie']",241949,1297000,0,True
SU00567,NanoEngine S.R.L.,"Via Dante, 77",Milano,45.48374526740606,9.193593907622123,2020,"['Ricerca e Sviluppo', 'Automotive Tech']",11237,108540,6,True
SU00568,SmartLab S.R.L.,"Via Dante, 97",Milano,45.44464622923895,9.18385486929862,2024,['Servizi di Informazione'],16065,69535,10,True
SU00569,FutureHub S.R.L.,"Via Montenapoleone, 116",Pavia,45.20065709269084,9.153759517180964,2024,"['Blockchain', 'Cybersecurity']",15088,15418,1,True
SU00570,NanoLab S.R.L.,"Via Garibaldi, 3",Brescia,45.52900811536273,10.187148218716622,2020,"['Servizi di Informazione', 'Intelligenza Artificiale']",10000,946667,4,True
SU00571,CyberHub S.R.L.,"Via Dante, 53",Milano,45.4863082481043,9.20812849174802,2023,"['Intelligenza Artificiale', 'Energia Rinnovabile']",47763,38720,1,True
SU00572,SmartWorks S.R.L.,"Via Brera, 32",Bergamo,45.69150032555297,9.716358891079992,2021,['Ricerca e Sviluppo'],41095,99816,2,True
SU00573,NanoAnalytics S.R.L.,"Via Brera, 114",Brescia,45.51019635800525,10.242368396931463,2019,['Automazione Industriale'],21465,10014,0,True
SU00574,SmartAnalytics S.R.L.,"Via Brera, 64",Brescia,45.53464999400588,10.194954085664598,2021,"['Cleantech', 'Servizi di Informazione']",10000,642166,5,True
SU00575,CyberEngine S.R.L.,"Via Dante, 6",Monza e della Brianza,45.54717508130301,9.259194311227569,2019,"['Software & Consulenza Informatica', 'Cybersecurity']",10000,491892,9,True
SU00576,CyberSolutions S.R.L.,"Via Roma, 129",Milano,45.51873653589324,9.165571174274067,2025,"['Cybersecurity', 'Automotive Tech']",10000,11325,7,True
SU00577,TechVision S.R.L.,"Via Garibaldi, 75",Milano,45.479278310894145,9.195029516379956,2025,"['Robotica', 'Aerospace']",13006,111123,7,True
SU00578,DataSolutions S.R.L.,"Via Roma, 19",Milano,45.456359044346655,9.190566405273556,2020,"['Marketing Digitale', 'Robotica', 'Ricerca e Sviluppo']",10572,206642,0,True
SU00579,TechLogic S.R.L.,"Via Roma, 102",Milano,45.456956581222826,9.185286931989696,2023,"['Aerospace', 'E-commerce']",21811,12704,1,True
SU00580,DigitalWorks S.R.L.,"Via Montenapoleone, 67",Milano,45.42999649797216,9.21074342945064,2022,['Fintech'],12168,696718,9,True
SU00581,TechLab S.R.L.,"Via Manzoni, 86",Milano,45.46121646696103,9.205301033871262,2022,"['Software & Consulenza Informatica', 'Fabbricazione Macchinari']",10000,2623083,0,True
SU00582,GreenDynamics S.R.L.,"Via Brera, 75",Milano,45.480034905480174,9.178561943003801,2021,['Computer e Prodotti Elettronici'],11928,215219,4,True
SU00583,GreenVision S.R.L.,"Corso Buenos Aires, 77",Lecco,45.84026875200429,9.385984723733676,2023,"['Cleantech', 'Intelligenza Artificiale']",26707,4395,1,True
SU00584,DigitalAnalytics S.R.L.,"Via Roma, 131",Brescia,45.52228058150777,10.195556610565474,2021,"['IoT', 'Ricerca e Sviluppo', 'Cleantech']",10000,47867,0,True
SU00585,FutureVision S.R.L.,"Via Milano, 31",Milano,45.45191290781429,9.173971402491034,2024,"['Ricerca e Sviluppo', 'Biotecnologie', 'E-commerce']",52648,73434,0,True
SU00586,DataDynamics S.R.L.,"Via Manzoni, 121",Milano,45.48032720201241,9.17710970561681,2021,"['Automazione Industriale', 'Cybersecurity', 'Biotecnologie']",70378,72174,8,True
SU00587,GreenLab S.R.L.,"Corso Buenos Aires, 20",Milano,45.432001935973126,9.215300284681433,2022,['Automotive Tech'],10746,255379,1,True
SU00588,InnovaWorks S.R.L.,"Via Dante, 69",Milano,45.43678315910342,9.22189840416172,2022,"['Robotica', 'Servizi di Informazione']",24816,491031,4,False
SU00589,InnovaLogic S.R.L.,"Via Roma, 36",Milano,45.45936644070973,9.196950360718105,2020,['Automotive Tech'],24233,1232123,5,True
SU00590,DataAnalytics S.R.L.,"Via Montenapoleone, 42",Bergamo,45.710062759026854,9.651087084313913,2020,"['Marketing Digitale', 'Aerospace', 'Fintech']",12508,123010,25,True
SU00591,SmartEngine S.R.L.,"Via Montenapoleone, 29",Milano,45.49343264215262,9.187339728730052,2022,"['Computer e Prodotti Elettronici', 'Ricerca e Sviluppo', 'Servizi di Informazione']",39589,32360,1,True
SU00592,FutureVision S.R.L.,"Via Milano, 18",Como,45.80538797520199,9.100919856254063,2022,['Intelligenza Artificiale'],75954,16593,3,True
SU00593,CyberVision S.R.L.,"Via Garibaldi, 3",Como,45.80187583421653,9.063379065656118,2022,"['Fabbricazione Macchinari', 'Robotica']",44387,166487,1,True
SU00594,SmartVision S.R.L.,"Via Montenapoleone, 57",Milano,45.50225817932398,9.184233662605196,2021,"['Cybersecurity', 'Computer e Prodotti Elettronici']",10000,19192,3,True
SU00595,TechVision S.R.L.,"Via Brera, 44",Bergamo,45.715395760028265,9.666556810750388,2024,['Marketing Digitale'],24741,1905022,1,True
SU00596,DigitalVision S.R.L.,"Via Milano, 137",Mantova,45.16544138795005,10.751288695041863,2022,"['Intelligenza Artificiale', 'IoT']",24586,19383,5,True
SU00597,BioHub S.R.L.,"Via Montenapoleone, 88",Milano,45.470411249674086,9.194384778349805,2023,['Intelligenza Artificiale'],10000,662120,2,True
SU00598,BioWorks S.R.L.,"Via Dante, 130",Milano,45.45472709034252,9.182060883916131,2019,['Biotecnologie'],87091,5000000,0,True
SU00599,InnovaAnalytics S.R.L.,"Via Brera, 44",Mantova,45.14358241727237,10.771850377404295,2025,['Fabbricazione Macchinari'],50739,22187,8,True
SU00600,GreenAnalytics S.R.L.,"Via Manzoni, 97",Milano,45.45496509917307,9.163919936443266,2024,"['Automazione Industriale', 'E-commerce']",10000,26557,3,True
SU00601,DataDynamics S.R.L.,"Via Brera, 57",Milano,45.447428386810365,9.163800249765364,2023,"['Energia Rinnovabile', 'Intelligenza Artificiale']",10000,122618,4,True
SU00602,GreenLab S.R.L.,"Via Milano, 1",Milano,45.45913720101079,9.222373360924172,2022,"['IoT', 'Salute Digitale']",10000,119685,3,True
SU00603,CyberSolutions S.R.L.,"Via Garibaldi, 22",Mantova,45.109019513768374,10.787452896893306,2021,['Fabbricazione Macchinari'],17144,124546,1,True
SU00604,CyberVision S.R.L.,"Via Roma, 35",Como,45.83730833217329,9.090289855484354,2022,['Aerospace'],32484,363970,9,True
SU00605,SmartEngine S.R.L.,"Via Brera, 110",Bergamo,45.73399117777708,9.673991518956363,2021,"['Automotive Tech', 'E-commerce']",66341,41644,2,True
SU00606,InnovaEngine S.R.L.,"Via Montenapoleone, 67",Milano,45.483910843481524,9.187675947194824,2023,"['IoT', 'E-commerce']",10000,30055,0,True
SU00607,DigitalSystems S.R.L.,"Via Milano, 27",Milano,45.447121594049584,9.22924136723797,2024,"['Salute Digitale', 'Cybersecurity']",17615,201057,0,True
SU00608,FutureSystems S.R.L.,"Via Dante, 111",Milano,45.47837188875954,9.195830161769921,2021,"['Intelligenza Artificiale', 'Cybersecurity', 'Salute Digitale']",10000,33404,3,True
SU00609,TechDynamics S.R.L.,"Via Montenapoleone, 37",Bergamo,45.7038732565061,9.693805268679515,2021,"['Aerospace', 'Automazione Industriale', 'Cleantech']",16259,84598,1,True
SU00610,SmartEngine S.R.L.,"Via Milano, 42",Milano,45.491906916796026,9.18431149027773,2023,['Biotecnologie'],11314,492055,0,True
SU00611,InnovaSolutions S.R.L.,"Via Dante, 93",Milano,45.44341046476756,9.185275426127953,2025,"['Servizi di Informazione', 'Marketing Digitale']",13411,23277,1,True
SU00612,DigitalWorks S.R.L.,"Via Brera, 84",Milano,45.46321395511258,9.187102804148342,2022,"['Aerospace', 'Servizi di Informazione']",10000,365516,1,True
SU00613,TechSystems S.R.L.,"Via Roma, 84",Milano,45.49919805968408,9.201305866334364,2019,"['Salute Digitale', 'Ricerca e Sviluppo']",10000,129207,0,True
SU00614,NanoSystems S.R.L.,"Via Milano, 94",Bergamo,45.692277367484444,9.64785187342048,2021,['Fintech'],447480,21810,0,True
SU00615,DataHub S.R.L.,"Via Dante, 6",Milano,45.51029704679646,9.238757721140233,2021,"['Fintech', 'Servizi di Informazione']",22513,1440273,1,True
SU00616,SmartEngine S.R.L.,"Via Milano, 119",Milano,45.47003946400133,9.190536590618496,2024,"['Biotecnologie', 'Fintech', 'Cleantech']",10000,398301,7,True
SU00617,BioWorks S.R.L.,"Corso Buenos Aires, 69",Lodi,45.341387704464616,9.476075768181955,2025,"['E-commerce', 'Energia Rinnovabile']",10000,725078,0,False
SU00618,SmartSystems S.R.L.,"Corso Buenos Aires, 31",Milano,45.47424469440704,9.157553587734125,2022,"['E-commerce', 'Marketing Digitale']",11364,120702,4,False
SU00619,CyberHub S.R.L.,"Via Garibaldi, 83",Cremona,45.098743879329994,10.012719683297648,2024,['Servizi di Informazione'],12287,77343,3,True
SU00620,BioSolutions S.R.L.,"Via Brera, 70",Milano,45.46095164029621,9.19482593937123,2022,"['E-commerce', 'Ricerca e Sviluppo']",10713,284448,1,True
SU00621,BioEngine S.R.L.,"Via Montenapoleone, 11",Milano,45.503832028053026,9.22488419645184,2022,"['Fabbricazione Macchinari', 'E-commerce']",10000,123306,5,True
SU00622,BioHub S.R.L.,"Via Brera, 112",Milano,45.50696564632917,9.156974923138199,2021,['Automazione Industriale'],41496,247252,9,True
SU00623,DataSystems S.R.L.,"Via Brera, 72",Cremona,45.15366708987388,10.000267067541008,2024,"['Marketing Digitale', 'Intelligenza Artificiale']",17380,920032,0,True
SU00624,TechHub S.R.L.,"Via Brera, 70",Sondrio,46.154692345255775,9.863130642707766,2020,"['Servizi di Informazione', 'Aerospace']",10000,212343,0,True
SU00625,GreenAnalytics S.R.L.,"Via Roma, 101",Milano,45.45471676629003,9.22419884101999,2024,"['Intelligenza Artificiale', 'Cybersecurity', 'E-commerce']",10379,33592,0,True
SU00626,SmartDynamics S.R.L.,"Via Brera, 69",Pavia,45.220646457429254,9.181549364090953,2022,['Software & Consulenza Informatica'],173744,554782,8,True
SU00627,SmartAnalytics S.R.L.,"Corso Buenos Aires, 58",Varese,45.812951976298976,8.804861059007827,2023,"['Cleantech', 'Robotica']",10000,975301,1,True
SU00628,FutureEngine S.R.L.,"Via Brera, 68",Milano,45.43873574452173,9.16364400495782,2024,['Automazione Industriale'],24361,2452,9,True
SU00629,GreenHub S.R.L.,"Via Brera, 113",Milano,45.46236548828672,9.183943091456795,2019,"['Automotive Tech', 'Blockchain']",10835,428698,1,True
SU00630,NanoWorks S.R.L.,"Via Milano, 68",Pavia,45.18664834686128,9.153006262731179,2021,"['Robotica', 'Fabbricazione Macchinari', 'Biotecnologie']",28937,5000000,3,True
SU00631,TechSystems S.R.L.,"Via Dante, 38",Milano,45.46606916983532,9.19784089007737,2021,['Cybersecurity'],10000,29258,3,True
SU00632,GreenDynamics S.R.L.,"Via Manzoni, 84",Milano,45.48576131126785,9.189994692568453,2023,['Automazione Industriale'],31310,66081,5,True
SU00633,CyberDynamics S.R.L.,"Via Montenapoleone, 76",Milano,45.491084424655995,9.192085186180307,2019,"['Automotive Tech', 'IoT']",25078,35676,1,True
SU00634,InnovaAnalytics S.R.L.,"Via Dante, 72",Milano,45.4570614629241,9.167242686506924,2019,"['Salute Digitale', 'Intelligenza Artificiale']",18771,152445,3,True
SU00635,InnovaSystems S.R.L.,"Via Brera, 128",Milano,45.46687521148108,9.211235695339166,2021,['Cybersecurity'],14920,43304,3,True
SU00636,DataLogic S.R.L.,"Via Roma, 124",Pavia,45.18947132252284,9.20153918534494,2023,['IoT'],10000,19536,2,False
SU00637,CyberHub S.R.L.,"Via Garibaldi, 142",Milano,45.44337410477138,9.166110828868495,2022,['Marketing Digitale'],10000,103413,5,True
SU00638,FutureWorks S.R.L.,"Via Dante, 28",Mantova,45.14737249537837,10.794470569145007,2023,['Blockchain'],52239,41351,4,True
SU00639,NanoWorks S.R.L.,"Via Roma, 31",Milano,45.44984336889578,9.20645099949152,2022,"['Fabbricazione Macchinari', 'Ricerca e Sviluppo']",10000,53704,3,True
SU00640,FutureHub S.R.L.,"Via Milano, 81",Milano,45.48506211269418,9.195558340905892,2022,['Computer e Prodotti Elettronici'],24018,656044,1,True
SU00641,DigitalSystems S.R.L.,"Via Milano, 138",Milano,45.44607563747614,9.216131081354689,2021,"['Software & Consulenza Informatica', 'Computer e Prodotti Elettronici', 'Automotive Tech']",70843,362661,3,True
SU00642,TechSystems S.R.L.,"Via Milano, 106",Milano,45.44994148102835,9.166204825103916,2025,"['Energia Rinnovabile', 'IoT']",24382,227291,2,True
SU00643,SmartEngine S.R.L.,"Via Milano, 19",Milano,45.446895818922954,9.174634893592165,2019,"['Fintech', 'Cybersecurity', 'Automotive Tech']",36441,346995,4,True
SU00644,InnovaHub S.R.L.,"Via Brera, 89",Milano,45.48866210587953,9.191741092736152,2021,['Servizi di Informazione'],15841,877925,3,True
SU00645,NanoSolutions S.R.L.,"Via Dante, 19",Como,45.83430389712109,9.102491695835036,2020,"['IoT', 'Fabbricazione Macchinari', 'Robotica']",10000,732436,5,True
SU00646,NanoAnalytics S.R.L.,"Via Brera, 28",Milano,45.4655840800647,9.150665115092318,2022,"['Aerospace', 'E-commerce', 'Blockchain']",10000,872688,0,True
SU00647,TechHub S.R.L.,"Via Montenapoleone, 85",Milano,45.47745043738336,9.210694970517896,2023,"['Automotive Tech', 'Automazione Industriale']",10000,43175,3,False
SU00648,DataVision S.R.L.,"Via Montenapoleone, 81",Milano,45.46734197301287,9.19137361419301,2019,['Cleantech'],25771,395689,4,True
SU00649,BioLogic S.R.L.,"Via Brera, 144",Lodi,45.32354066595097,9.506989745534069,2023,['Marketing Digitale'],31152,71488,6,False
SU00650,DigitalSystems S.R.L.,"Via Roma, 45",Brescia,45.530392936878805,10.208292836512104,2022,"['Blockchain', 'Energia Rinnovabile']",10000,388042,1,True
SU00651,DigitalLab S.R.L.,"Via Roma, 36",Milano,45.461079580758,9.223734529736399,2025,"['IoT', 'Salute Digitale']",10775,50426,5,True
SU00652,TechSystems S.R.L.,"Via Manzoni, 35",Milano,45.46861213845918,9.186626179300356,2020,"['Automazione Industriale', 'Fintech']",17342,147150,20,True
SU00653,NanoWorks S.R.L.,"Via Montenapoleone, 124",Milano,45.4431690488332,9.170444911979159,2023,"['Intelligenza Artificiale', 'Software & Consulenza Informatica']",20578,39708,0,True
SU00654,BioLab S.R.L.,"Via Roma, 135",Sondrio,46.16420259193354,9.86050894136218,2019,"['Energia Rinnovabile', 'IoT']",28578,102639,4,False
SU00655,TechHub S.R.L.,"Corso Buenos Aires, 18",Milano,45.49957925717251,9.19698138396852,2019,"['Servizi di Informazione', 'E-commerce']",10000,48600,6,True
SU00656,DataVision S.R.L.,"Via Manzoni, 121",Milano,45.46479162445389,9.18628156707762,2021,['Servizi di Informazione'],10000,144199,30,False
SU00657,BioWorks S.R.L.,"Corso Buenos Aires, 113",Milano,45.47551477008908,9.19071686589716,2021,['Fintech'],15970,496662,5,True
SU00658,DigitalLogic S.R.L.,"Via Manzoni, 51",Bergamo,45.653143264229165,9.675351282479976,2025,['Fintech'],10000,54467,0,True
SU00659,FutureSolutions S.R.L.,"Via Manzoni, 105",Bergamo,45.69470728597023,9.675646466462803,2021,['Fintech'],25914,18495,1,True
SU00660,FutureWorks S.R.L.,"Via Milano, 147",Mantova,45.15841617661599,10.798765043250786,2020,"['Cybersecurity', 'Software & Consulenza Informatica']",10000,314128,0,True
SU00661,GreenLab S.R.L.,"Via Garibaldi, 136",Milano,45.45158709042637,9.17349666307553,2022,['Fabbricazione Macchinari'],27595,29023,1,True
SU00662,InnovaLogic S.R.L.,"Via Roma, 141",Milano,45.444682153147035,9.183418416532959,2019,['Automotive Tech'],111044,5000000,2,True
SU00663,DataHub S.R.L.,"Via Brera, 36",Brescia,45.54298007001474,10.195448368264447,2020,['Robotica'],10000,201157,0,True
SU00664,InnovaLogic S.R.L.,"Via Garibaldi, 61",Milano,45.453070304597226,9.172699869996531,2022,"['Fabbricazione Macchinari', 'Salute Digitale']",10000,3810,6,True
SU00665,DataVision S.R.L.,"Via Montenapoleone, 72",Milano,45.49105912663262,9.185385780550304,2021,"['Marketing Digitale', 'Computer e Prodotti Elettronici']",13718,6207,4,True
SU00666,TechAnalytics S.R.L.,"Via Roma, 18",Cremona,45.150446726507084,10.02732214337027,2022,"['Fabbricazione Macchinari', 'Blockchain']",16494,286703,2,True
SU00667,BioEngine S.R.L.,"Via Dante, 99",Milano,45.444097411968706,9.203678790413218,2019,"['E-commerce', 'IoT']",10000,305920,1,True
SU00668,SmartSystems S.R.L.,"Via Dante, 49",Milano,45.45025821481644,9.163298953601169,2021,"['Aerospace', 'IoT']",10000,106106,0,True
SU00669,DigitalDynamics S.R.L.,"Via Manzoni, 60",Milano,45.463276373581145,9.166280224268165,2024,"['Automazione Industriale', 'Fintech']",10000,227744,5,True
SU00670,InnovaSystems S.R.L.,"Via Milano, 96",Milano,45.460141520869314,9.188905072086476,2020,['Fabbricazione Macchinari'],14355,460854,2,True
SU00671,DigitalWorks S.R.L.,"Via Brera, 33",Milano,45.414346195573316,9.20745878021051,2025,['Computer e Prodotti Elettronici'],12094,635481,2,True
SU00672,CyberLab S.R.L.,"Via Milano, 52",Milano,45.487969446660394,9.173872924446162,2024,['Software & Consulenza Informatica'],10000,23019,1,True
SU00673,SmartSolutions S.R.L.,"Via Milano, 58",Cremona,45.12377347601338,10.03226850144499,2022,['Energia Rinnovabile'],20589,910073,4,True
SU00674,InnovaSystems S.R.L.,"Via Brera, 60",Milano,45.498527169975986,9.198471176740334,2022,"['Automazione Industriale', 'Fintech']",339281,32065,3,True
SU00675,TechDynamics S.R.L.,"Via Dante, 71",Cremona,45.14010137674737,10.062757870335016,2022,"['Biotecnologie', 'Ricerca e Sviluppo']",40086,363778,2,True
SU00676,NanoSystems S.R.L.,"Corso Buenos Aires, 10",Milano,45.464377469177045,9.225145484341443,2019,"['Aerospace', 'Cleantech']",15752,57479,0,True
SU00677,TechSystems S.R.L.,"Via Milano, 58",Milano,45.480589149903444,9.172435421606831,2023,['Energia Rinnovabile'],10000,440719,4,True
SU00678,DataWorks S.R.L.,"Via Milano, 37",Lecco,45.85341978767363,9.368000116874779,2022,"['Energia Rinnovabile', 'Automazione Industriale']",13213,204155,2,True
SU00679,TechSolutions S.R.L.,"Via Montenapoleone, 122",Milano,45.45408600969102,9.187798756965108,2022,['Salute Digitale'],43444,31504,0,True
SU00680,FutureSystems S.R.L.,"Via Montenapoleone, 111",Mantova,45.16474918062726,10.793022876636991,2019,"['Salute Digitale', 'Intelligenza Artificiale', 'Ricerca e Sviluppo']",26474,129772,2,True
SU00681,CyberDynamics S.R.L.,"Via Roma, 135",Cremona,45.146181618735056,10.030847943552887,2023,"['E-commerce', 'Servizi di Informazione']",10000,782717,15,True
SU00682,BioAnalytics S.R.L.,"Via Manzoni, 120",Milano,45.424702099378614,9.178414440541076,2021,['Automotive Tech'],262178,63231,1,True
SU00683,DigitalLab S.R.L.,"Via Manzoni, 10",Milano,45.493122692743796,9.1968569678416,2019,"['Ricerca e Sviluppo', 'Fabbricazione Macchinari']",10000,200491,1,True
SU00684,SmartDynamics S.R.L.,"Via Manzoni, 76",Sondrio,46.17692546673555,9.856505251824176,2020,"['Fintech', 'Aerospace', 'Energia Rinnovabile']",10000,985879,30,True
SU00685,NanoHub S.R.L.,"Via Manzoni, 126",Milano,45.47802368316754,9.160165213849172,2024,"['Aerospace', 'Robotica']",10000,91743,1,True
SU00686,NanoHub S.R.L.,"Via Montenapoleone, 57",Milano,45.49225809567924,9.183112733386462,2022,"['Cleantech', 'Computer e Prodotti Elettronici', 'Blockchain']",10000,57383,0,True
SU00687,DataLogic S.R.L.,"Via Garibaldi, 83",Cremona,45.147066105081095,10.029505848197562,2019,"['Cybersecurity', 'Automotive Tech', 'Intelligenza Artificiale']",10000,1555151,3,True
SU00688,NanoAnalytics S.R.L.,"Corso Buenos Aires, 9",Milano,45.49138582848673,9.169600625624646,2021,"['Energia Rinnovabile', 'Aerospace']",10000,228991,3,False
SU00689,FutureHub S.R.L.,"Via Manzoni, 76",Milano,45.45079620178828,9.225071046544521,2020,"['Intelligenza Artificiale', 'Robotica']",10895,229252,1,True
SU00690,InnovaVision S.R.L.,"Corso Buenos Aires, 69",Mantova,45.16267596193474,10.778573016392045,2020,['Cybersecurity'],16311,70997,5,True
SU00691,InnovaWorks S.R.L.,"Corso Buenos Aires, 23",Milano,45.45774955761786,9.212363370967479,2023,"['IoT', 'Servizi di Informazione', 'Intelligenza Artificiale']",10000,16577,0,True
SU00692,TechLab S.R.L.,"Via Garibaldi, 111",Milano,45.43028237808511,9.215037065095649,2019,"['Energia Rinnovabile', 'Fabbricazione Macchinari']",10000,20947,6,True
SU00693,SmartDynamics S.R.L.,"Via Montenapoleone, 94",Brescia,45.54305372250128,10.233003078294916,2023,"['Salute Digitale', 'Fabbricazione Macchinari', 'Fintech']",11379,641,4,True
SU00694,DataWorks S.R.L.,"Via Montenapoleone, 110",Milano,45.47581924589447,9.230012518644287,2019,"['Marketing Digitale', 'Cleantech']",33061,53993,10,True
SU00695,InnovaSolutions S.R.L.,"Via Milano, 40",Milano,45.46851472037215,9.198411004894195,2019,"['Marketing Digitale', 'Software & Consulenza Informatica', 'Servizi di Informazione']",124945,317431,0,True
SU00696,SmartVision S.R.L.,"Via Garibaldi, 97",Como,45.79509655455828,9.058675944212727,2021,"['Robotica', 'E-commerce']",32829,132822,1,True
SU00697,CyberSolutions S.R.L.,"Via Garibaldi, 87",Varese,45.82094198647102,8.800219534793802,2022,['E-commerce'],78475,15212,0,True
SU00698,TechLab S.R.L.,"Via Brera, 110",Milano,45.418221283216745,9.191597521085404,2022,['Fintech'],57403,255436,3,True
SU00699,CyberSolutions S.R.L.,"Via Montenapoleone, 49",Cremona,45.14704004794627,10.044876828381435,2024,['Intelligenza Artificiale'],10000,38465,1,True
SU00700,TechSystems S.R.L.,"Via Manzoni, 54",Como,45.80531366958307,9.07271594378341,2023,"['Cybersecurity', 'Energia Rinnovabile']",29651,273237,0,False
SU00701,BioLab S.R.L.,"Via Manzoni, 76",Milano,45.447232669271536,9.17833314134243,2022,['Salute Digitale'],10000,1019045,1,True
SU00702,GreenWorks S.R.L.,"Corso Buenos Aires, 4",Milano,45.46023684842716,9.18784250569181,2023,['Aerospace'],10000,213945,1,True
SU00703,BioDynamics S.R.L.,"Via Milano, 33",Cremona,45.10861637568579,10.01694880387152,2021,"['Cybersecurity', 'Biotecnologie', 'Aerospace']",35402,247171,2,True
SU00704,SmartWorks S.R.L.,"Via Dante, 35",Milano,45.421757331746505,9.173662078236436,2022,['Salute Digitale'],12555,35985,7,True
SU00705,CyberVision S.R.L.,"Via Roma, 62",Como,45.79856041221355,9.072869261457436,2023,['Software & Consulenza Informatica'],42251,31035,2,True
SU00706,TechEngine S.R.L.,"Via Garibaldi, 105",Brescia,45.55390177968299,10.232944474835373,2020,['Aerospace'],19168,66173,4,True
SU00707,DataVision S.R.L.,"Via Roma, 100",Milano,45.44543129310485,9.196985576694317,2019,['Robotica'],36032,572026,1,True
SU00708,FutureHub S.R.L.,"Via Garibaldi, 112",Milano,45.43440127590719,9.164722568785326,2024,['Blockchain'],10000,59067,8,True
SU00709,TechLogic S.R.L.,"Corso Buenos Aires, 109",Milano,45.49718382646669,9.207218202090829,2023,"['Automotive Tech', 'Intelligenza Artificiale']",25179,270138,10,True
SU00710,SmartAnalytics S.R.L.,"Via Dante, 45",Milano,45.45978874931182,9.16286909895427,2022,['Cybersecurity'],35250,31661,0,True
SU00711,GreenEngine S.R.L.,"Via Montenapoleone, 4",Milano,45.467441713852935,9.207247811518354,2023,['Cleantech'],21347,22319,9,True
SU00712,NanoAnalytics S.R.L.,"Via Dante, 14",Milano,45.46743560489375,9.19115012584238,2022,"['Robotica', 'Automazione Industriale']",10000,473980,1,True
SU00713,BioSolutions S.R.L.,"Via Roma, 118",Milano,45.476125995709225,9.18897210145615,2024,"['E-commerce', 'Blockchain']",10000,954438,1,True
SU00714,TechDynamics S.R.L.,"Via Brera, 134",Mantova,45.178895999539556,10.787454288339811,2020,['Automotive Tech'],18653,13144,4,True
SU00715,DataSolutions S.R.L.,"Via Montenapoleone, 93",Cremona,45.15902646033978,10.057284302865524,2024,"['Marketing Digitale', 'Biotecnologie']",36074,253773,4,True
SU00716,DataLab S.R.L.,"Via Brera, 76",Milano,45.46326543233774,9.188650182527653,2022,"['Energia Rinnovabile', 'Automotive Tech']",16666,130791,1,True
SU00717,FutureDynamics S.R.L.,"Via Montenapoleone, 91",Milano,45.46543874394485,9.202869562904224,2020,['Marketing Digitale'],10000,531109,1,True
SU00718,NanoVision S.R.L.,"Via Milano, 46",Bergamo,45.65063775637829,9.67250951366178,2019,"['Fabbricazione Macchinari', 'Computer e Prodotti Elettronici']",10000,4223330,6,True
SU00719,NanoSolutions S.R.L.,"Corso Buenos Aires, 114",Milano,45.46248011368709,9.195290812314722,2020,"['Automotive Tech', 'IoT']",14772,76112,1,False
SU00720,CyberLab S.R.L.,"Via Brera, 22",Milano,45.41748092762397,9.173693777704237,2024,['Ricerca e Sviluppo'],10000,130980,2,True
SU00721,FutureAnalytics S.R.L.,"Via Dante, 104",Milano,45.46164747642699,9.186315080422919,2021,"['Fabbricazione Macchinari', 'Computer e Prodotti Elettronici']",10000,76471,2,True
SU00722,SmartSolutions S.R.L.,"Via Milano, 24",Como,45.791155578995024,9.090013293717146,2024,"['Fintech', 'Servizi di Informazione']",11762,280639,4,True
SU00723,CyberVision S.R.L.,"Via Dante, 47",Milano,45.45686517453841,9.196955789592163,2023,['Automazione Industriale'],27855,183397,10,True
SU00724,NanoVision S.R.L.,"Via Brera, 132",Milano,45.47293535502221,9.192284652890047,2020,"['Robotica', 'Cybersecurity']",10000,32241,4,True
SU00725,TechSolutions S.R.L.,"Via Dante, 135",Milano,45.45514860364136,9.177633198988326,2022,['Marketing Digitale'],27915,77671,3,True
SU00726,DigitalHub S.R.L.,"Via Roma, 48",Milano,45.47723307447641,9.15545150150186,2020,['Automazione Industriale'],10000,9006,1,True
SU00727,CyberVision S.R.L.,"Corso Buenos Aires, 5",Milano,45.465835054929286,9.190869738572076,2020,"['Intelligenza Artificiale', 'Aerospace']",10000,394565,1,True
SU00728,NanoHub S.R.L.,"Via Dante, 22",Milano,45.48183885069688,9.212035121299387,2022,"['IoT', 'Cybersecurity']",62281,92313,5,True
SU00729,TechAnalytics S.R.L.,"Via Brera, 134",Milano,45.502299996808205,9.178835261328317,2020,"['Blockchain', 'Automazione Industriale']",13346,459048,4,True
SU00730,NanoDynamics S.R.L.,"Via Garibaldi, 88",Milano,45.47191625406417,9.17149327257123,2024,"['Software & Consulenza Informatica', 'Servizi di Informazione']",14231,8029,0,True
SU00731,InnovaEngine S.R.L.,"Via Dante, 109",Milano,45.463075127964956,9.168665777850581,2020,['Aerospace'],10000,24782,1,True
SU00732,DataDynamics S.R.L.,"Via Milano, 110",Milano,45.46735268871077,9.177262235761575,2024,"['Salute Digitale', 'Marketing Digitale', 'Intelligenza Artificiale']",35737,328811,2,True
SU00733,DataWorks S.R.L.,"Via Manzoni, 44",Milano,45.47817654170672,9.179853150926023,2020,"['Salute Digitale', 'Automazione Industriale']",10327,304580,1,True
SU00734,DataSystems S.R.L.,"Via Montenapoleone, 143",Lecco,45.80722212822332,9.387316363370923,2024,"['Fintech', 'Blockchain', 'Salute Digitale']",10000,6123,0,False
SU00735,InnovaSystems S.R.L.,"Corso Buenos Aires, 12",Milano,45.43025807713421,9.210833334661666,2023,"['Robotica', 'IoT']",36982,6472,3,True
SU00736,NanoAnalytics S.R.L.,"Via Garibaldi, 14",Milano,45.4439160385964,9.174089746126102,2021,['Software & Consulenza Informatica'],20197,783739,9,True
SU00737,TechAnalytics S.R.L.,"Via Garibaldi, 50",Milano,45.446045000988875,9.169135131816512,2022,['Servizi di Informazione'],14081,451729,4,True
SU00738,FutureWorks S.R.L.,"Via Manzoni, 96",Milano,45.45585585342445,9.149048911419584,2020,"['Cybersecurity', 'Computer e Prodotti Elettronici']",10000,12799,1,True
SU00739,FutureWorks S.R.L.,"Corso Buenos Aires, 6",Milano,45.494354153986265,9.181826553085878,2021,"['Fabbricazione Macchinari', 'IoT']",230937,17103,5,False
SU00740,DigitalSolutions S.R.L.,"Via Milano, 60",Lecco,45.87073759069639,9.355458301488301,2021,"['Robotica', 'Salute Digitale', 'Intelligenza Artificiale']",10000,3072947,1,True
SU00741,TechLogic S.R.L.,"Via Dante, 102",Milano,45.4833150466182,9.1866495997334,2022,['Robotica'],48940,14332,5,True
SU00742,DigitalWorks S.R.L.,"Corso Buenos Aires, 27",Milano,45.49791488383948,9.214654566841364,2022,"['Software & Consulenza Informatica', 'Automotive Tech']",35074,115403,3,True
SU00743,DataEngine S.R.L.,"Corso Buenos Aires, 55",Brescia,45.5239144792728,10.202055581166636,2022,['Cybersecurity'],10000,9617,1,True
SU00744,TechVision S.R.L.,"Via Roma, 73",Milano,45.48745927615582,9.207402144342236,2024,"['Cleantech', 'IoT']",13830,34580,0,True
SU00745,BioDynamics S.R.L.,"Corso Buenos Aires, 117",Milano,45.43241301548867,9.178156800668578,2024,['E-commerce'],26054,18083,1,True
SU00746,DigitalSolutions S.R.L.,"Via Garibaldi, 48",Brescia,45.55151024714433,10.221390550173375,2024,['Cleantech'],11235,364596,3,True
SU00747,FutureWorks S.R.L.,"Corso Buenos Aires, 147",Milano,45.46374711739727,9.186074127645083,2019,"['Biotecnologie', 'Cybersecurity']",500000,35887,0,True
SU00748,DigitalEngine S.R.L.,"Corso Buenos Aires, 119",Bergamo,45.6931635397247,9.67923649323381,2024,['E-commerce'],15695,72108,2,True
SU00749,InnovaEngine S.R.L.,"Via Dante, 8",Bergamo,45.68427749811166,9.696984604350222,2022,"['Energia Rinnovabile', 'Fintech', 'Ricerca e Sviluppo']",10000,98630,20,True
SU00750,DataWorks S.R.L.,"Via Garibaldi, 59",Bergamo,45.671331449744386,9.708246219661754,2025,['Servizi di Informazione'],10000,72252,3,True
SU00751,InnovaVision S.R.L.,"Via Manzoni, 21",Milano,45.49628569296247,9.192254126234758,2024,"['Automotive Tech', 'E-commerce', 'Salute Digitale']",19452,199118,2,True
SU00752,SmartAnalytics S.R.L.,"Via Dante, 132",Sondrio,46.185992459334884,9.87150346021906,2019,['Fintech'],10000,14357,4,True
SU00753,InnovaLogic S.R.L.,"Via Montenapoleone, 10",Bergamo,45.69484253849241,9.67185514965088,2019,"['Aerospace', 'E-commerce']",10000,611621,4,True
SU00754,CyberVision S.R.L.,"Via Montenapoleone, 149",Milano,45.47984231209953,9.184420161994227,2020,"['Cleantech', 'Fabbricazione Macchinari']",81454,103102,9,True
SU00755,FutureAnalytics S.R.L.,"Corso Buenos Aires, 137",Bergamo,45.69826898406038,9.677653570036739,2022,['Intelligenza Artificiale'],10000,55706,4,True
SU00756,NanoAnalytics S.R.L.,"Via Dante, 108",Milano,45.43716405444214,9.175196147274741,2021,['Automazione Industriale'],10000,1841543,2,True
SU00757,TechSolutions S.R.L.,"Via Brera, 16",Bergamo,45.636049451198154,9.681609869359724,2021,"['Robotica', 'Fintech', 'IoT']",10000,139138,10,True
SU00758,DataWorks S.R.L.,"Corso Buenos Aires, 22",Como,45.75950177089848,9.090347418922237,2021,['Cleantech'],10000,72738,3,True
SU00759,TechSolutions S.R.L.,"Via Dante, 73",Lecco,45.831061850758836,9.357437504313282,2023,"['Energia Rinnovabile', 'Automotive Tech']",10000,185446,2,True
SU00760,FutureLogic S.R.L.,"Via Milano, 21",Milano,45.444720701869805,9.163331395657071,2022,"['Automazione Industriale', 'E-commerce', 'Fintech']",10000,15225,1,True
SU00761,SmartSolutions S.R.L.,"Corso Buenos Aires, 81",Milano,45.47931795472111,9.195598493812096,2022,['Fabbricazione Macchinari'],17617,41688,1,True
SU00762,BioHub S.R.L.,"Via Brera, 89",Brescia,45.54585696337208,10.202552131664715,2020,['Intelligenza Artificiale'],19896,13124,2,True
SU00763,InnovaDynamics S.R.L.,"Corso Buenos Aires, 147",Milano,45.46297848370956,9.18736366957844,2023,['Salute Digitale'],10000,84062,6,True
SU00764,FutureSystems S.R.L.,"Via Brera, 12",Milano,45.48393382439989,9.208254995598276,2023,['IoT'],10000,31959,1,False
SU00765,DigitalSystems S.R.L.,"Via Brera, 89",Milano,45.462023493775696,9.193658734956418,2025,"['Marketing Digitale', 'Salute Digitale']",14196,72520,0,True
SU00766,InnovaAnalytics S.R.L.,"Via Montenapoleone, 74",Milano,45.43138374520848,9.16887393161729,2021,"['Software & Consulenza Informatica', 'Salute Digitale', 'Cleantech']",10000,142599,5,True
SU00767,BioDynamics S.R.L.,"Corso Buenos Aires, 5",Milano,45.44808278089493,9.205683901999711,2021,"['Biotecnologie', 'Computer e Prodotti Elettronici', 'Cleantech']",15809,49768,10,True
SU00768,TechEngine S.R.L.,"Via Dante, 17",Como,45.81641020330151,9.111200888049625,2020,"['Automazione Industriale', 'Computer e Prodotti Elettronici']",92964,2354,10,True
SU00769,NanoWorks S.R.L.,"Via Milano, 128",Como,45.83230491028836,9.103093724370602,2025,['Fintech'],11547,12733,7,False
SU00770,SmartVision S.R.L.,"Via Dante, 97",Milano,45.4552709104349,9.18836526647937,2021,"['Aerospace', 'Blockchain']",86370,151645,4,True
SU00771,GreenSystems S.R.L.,"Via Dante, 41",Milano,45.47122590554662,9.179701966766581,2021,"['Cleantech', 'Computer e Prodotti Elettronici', 'Marketing Digitale']",31712,23413,3,True
SU00772,InnovaLogic S.R.L.,"Via Brera, 99",Milano,45.450267806316155,9.227957361515982,2022,"['Aerospace', 'Computer e Prodotti Elettronici']",21750,1244759,2,True
SU00773,GreenSolutions S.R.L.,"Via Dante, 117",Brescia,45.52918501232563,10.233587367522219,2023,"['Automazione Industriale', 'Intelligenza Artificiale', 'IoT']",69611,28628,2,True
SU00774,InnovaSystems S.R.L.,"Via Milano, 126",Milano,45.472521630386964,9.219515998951646,2019,['Blockchain'],12170,4078913,3,True
SU00775,BioLab S.R.L.,"Via Brera, 73",Lecco,45.846114620568585,9.411296589922658,2021,['Ricerca e Sviluppo'],217609,312039,9,True
SU00776,GreenDynamics S.R.L.,"Via Garibaldi, 82",Milano,45.47400190005088,9.195063670735774,2021,['Fintech'],10000,16520,15,True
SU00777,DigitalLogic S.R.L.,"Via Garibaldi, 42",Milano,45.47875040387718,9.170672234813374,2022,['Robotica'],28391,196339,15,True
SU00778,InnovaSystems S.R.L.,"Via Brera, 7",Milano,45.492287753314365,9.181310729734292,2022,"['Cleantech', 'Aerospace']",10000,243187,1,True
SU00779,NanoLogic S.R.L.,"Via Montenapoleone, 11",Milano,45.47013879090403,9.208125331091304,2022,"['Robotica', 'Energia Rinnovabile']",16618,172301,2,False
SU00780,NanoHub S.R.L.,"Via Roma, 139",Milano,45.46882030829152,9.171536845143846,2020,['Automotive Tech'],18966,5000000,6,True
SU00781,BioEngine S.R.L.,"Via Dante, 14",Milano,45.46711212735704,9.193122210634304,2021,"['IoT', 'Robotica']",10000,47430,7,True
SU00782,SmartLab S.R.L.,"Via Brera, 16",Milano,45.470171615024014,9.199194252650779,2021,['Marketing Digitale'],10000,753830,3,True
SU00783,NanoWorks S.R.L.,"Corso Buenos Aires, 105",Milano,45.42476369664536,9.213535667643486,2022,"['Energia Rinnovabile', 'Automotive Tech']",23612,144001,20,True
SU00784,GreenWorks S.R.L.,"Corso Buenos Aires, 6",Pavia,45.16090903346707,9.17627890093334,2022,['Salute Digitale'],21056,59930,9,True
SU00785,CyberWorks S.R.L.,"Via Montenapoleone, 14",Milano,45.46252119299609,9.18748549582902,2022,"['Blockchain', 'Computer e Prodotti Elettronici']",11402,75296,0,True
SU00786,DataAnalytics S.R.L.,"Via Dante, 18",Milano,45.489545472926366,9.182275258225772,2023,['E-commerce'],10000,109555,2,True
SU00787,CyberLogic S.R.L.,"Via Garibaldi, 18",Milano,45.47773675308222,9.168377813043517,2024,"['Fintech', 'Automazione Industriale']",15301,4481284,1,True
SU00788,FutureWorks S.R.L.,"Via Montenapoleone, 72",Milano,45.49626207206381,9.207745189891229,2022,"['E-commerce', 'Software & Consulenza Informatica', 'Intelligenza Artificiale']",10000,8376,7,True
SU00789,FutureHub S.R.L.,"Via Manzoni, 2",Como,45.81113695099283,9.071478769469127,2024,['Salute Digitale'],10000,20461,0,True
SU00790,BioSystems S.R.L.,"Via Brera, 60",Sondrio,46.14833032992763,9.881188059211778,2021,['Automazione Industriale'],10000,2393992,1,False
SU00791,CyberAnalytics S.R.L.,"Via Montenapoleone, 59",Milano,45.46657556813605,9.206192448542538,2024,['IoT'],17994,2218,2,True
SU00792,TechLab S.R.L.,"Via Manzoni, 93",Milano,45.467124705580446,9.201825791785868,2022,"['Ricerca e Sviluppo', 'Biotecnologie']",10000,27700,4,True
SU00793,FutureAnalytics S.R.L.,"Via Garibaldi, 89",Bergamo,45.70895262268755,9.67718195515359,2022,"['Ricerca e Sviluppo', 'Fabbricazione Macchinari']",12887,738321,4,False
SU00794,FutureLogic S.R.L.,"Corso Buenos Aires, 31",Como,45.804727341806164,9.017455308322164,2021,"['Software & Consulenza Informatica', 'Fabbricazione Macchinari', 'Cleantech']",10000,91013,1,True
SU00795,InnovaWorks S.R.L.,"Via Dante, 29",Milano,45.460635592219994,9.172951419005148,2023,['Cybersecurity'],10000,8712,3,True
SU00796,BioSolutions S.R.L.,"Corso Buenos Aires, 64",Milano,45.45349944767543,9.194353766083697,2019,['Intelligenza Artificiale'],15459,17667,20,True
SU00797,InnovaVision S.R.L.,"Via Roma, 102",Bergamo,45.71422408794571,9.679811695615298,2020,"['Biotecnologie', 'Marketing Digitale']",21247,613127,1,True
SU00798,NanoAnalytics S.R.L.,"Via Dante, 96",Milano,45.47308873503225,9.143174678875546,2021,"['E-commerce', 'Fabbricazione Macchinari']",10000,3349711,3,True
SU00799,TechWorks S.R.L.,"Via Manzoni, 9",Milano,45.44941726881538,9.18560059826654,2019,"['Ricerca e Sviluppo', 'Salute Digitale']",10000,26385,1,True
SU00800,BioLab S.R.L.,"Via Garibaldi, 99",Brescia,45.55009170192095,10.205368246311487,2021,['Robotica'],24867,48558,4,True
SU00801,GreenHub S.R.L.,"Via Roma, 68",Brescia,45.55589305543076,10.203667163622718,2022,['Cleantech'],18176,385981,2,True
SU00802,FutureDynamics S.R.L.,"Corso Buenos Aires, 34",Milano,45.454332840618825,9.191800005659546,2023,"['IoT', 'E-commerce']",10000,5442,1,True
SU00803,InnovaEngine S.R.L.,"Via Milano, 14",Milano,45.46296191065129,9.17092857632924,2025,"['Cybersecurity', 'Intelligenza Artificiale', 'Blockchain']",10000,332427,2,True
SU00804,InnovaAnalytics S.R.L.,"Via Roma, 142",Milano,45.465905151120026,9.185962741051341,2023,"['Automazione Industriale', 'Robotica']",10000,275222,1,True
SU00805,InnovaAnalytics S.R.L.,"Via Garibaldi, 84",Cremona,45.12898025300977,10.04116356611246,2022,"['Biotecnologie', 'Automotive Tech', 'Ricerca e Sviluppo']",15932,218586,1,True
SU00806,DigitalSystems S.R.L.,"Corso Buenos Aires, 5",Milano,45.4894034464908,9.18928425774717,2021,"['Salute Digitale', 'Marketing Digitale']",15068,1386484,2,True
SU00807,GreenVision S.R.L.,"Via Garibaldi, 99",Milano,45.47124023182182,9.185726456588235,2019,"['Automazione Industriale', 'Servizi di Informazione']",11903,494734,5,True
SU00808,FutureAnalytics S.R.L.,"Via Milano, 145",Milano,45.484867723102774,9.155244129501858,2020,"['Blockchain', 'Servizi di Informazione', 'Energia Rinnovabile']",19923,3478097,3,True
SU00809,GreenVision S.R.L.,"Via Montenapoleone, 121",Milano,45.458423422444426,9.174079730936333,2023,"['IoT', 'Robotica', 'Cybersecurity']",10000,10967,4,True
SU00810,DataEngine S.R.L.,"Corso Buenos Aires, 22",Milano,45.43443483574354,9.194001881182567,2021,"['Cybersecurity', 'Salute Digitale']",10000,1055605,5,True
SU00811,BioSolutions S.R.L.,"Via Roma, 77",Milano,45.48094266159837,9.187436035182957,2022,"['Ricerca e Sviluppo', 'Salute Digitale']",52917,370087,4,True
SU00812,CyberSystems S.R.L.,"Via Milano, 83",Milano,45.46971971698841,9.231745443235871,2024,['Fintech'],194423,31746,4,True
SU00813,DigitalHub S.R.L.,"Via Garibaldi, 127",Milano,45.47236160755819,9.18801601060687,2024,['E-commerce'],13013,16870,1,True
SU00814,BioAnalytics S.R.L.,"Via Brera, 53",Milano,45.49024595663953,9.183914033515805,2021,"['Cleantech', 'Computer e Prodotti Elettronici']",110082,72305,0,True
SU00815,InnovaSystems S.R.L.,"Via Montenapoleone, 61",Milano,45.471107743617814,9.203190096587118,2020,['Fintech'],12915,126971,25,True
SU00816,SmartSystems S.R.L.,"Via Dante, 107",Milano,45.45962924037337,9.17075957917569,2024,['Energia Rinnovabile'],11092,46116,3,True
SU00817,FutureEngine S.R.L.,"Via Roma, 90",Milano,45.46280557279723,9.189259009383886,2019,"['Computer e Prodotti Elettronici', 'Marketing Digitale']",35818,1603574,0,True
SU00818,InnovaHub S.R.L.,"Via Garibaldi, 85",Cremona,45.14153353857807,10.073469869181235,2024,"['Cybersecurity', 'Robotica']",10000,45986,7,True
SU00819,TechDynamics S.R.L.,"Corso Buenos Aires, 122",Lodi,45.32724945090879,9.517048550049227,2020,"['Software & Consulenza Informatica', 'Blockchain']",10000,155580,2,True
SU00820,InnovaLogic S.R.L.,"Corso Buenos Aires, 133",Milano,45.46847133866585,9.216030227269597,2024,['Salute Digitale'],24379,157263,0,True
SU00821,DataVision S.R.L.,"Via Manzoni, 100",Lecco,45.870620922050904,9.369879179206764,2022,"['Automazione Industriale', 'Software & Consulenza Informatica']",13809,535012,8,True
SU00822,CyberAnalytics S.R.L.,"Via Montenapoleone, 127",Bergamo,45.68623124331023,9.707875576714207,2023,['Cybersecurity'],10000,14213,5,True
SU00823,InnovaLogic S.R.L.,"Via Brera, 79",Cremona,45.1419801978386,10.05139389141509,2022,['Intelligenza Artificiale'],10000,317791,5,True
SU00824,TechWorks S.R.L.,"Via Dante, 129",Bergamo,45.70701892647799,9.690647662062812,2021,"['Fintech', 'Blockchain']",17973,1893517,5,False
SU00825,BioAnalytics S.R.L.,"Via Brera, 31",Milano,45.48591852219372,9.19617534548478,2024,['Ricerca e Sviluppo'],10000,29220,10,True
SU00826,GreenSolutions S.R.L.,"Via Brera, 32",Milano,45.446301244755794,9.217586238895592,2024,"['Cleantech', 'Aerospace']",39260,35462,5,True
SU00827,TechWorks S.R.L.,"Via Montenapoleone, 17",Milano,45.47548399376117,9.196225833005329,2019,"['E-commerce', 'Software & Consulenza Informatica', 'Biotecnologie']",10000,37512,0,False
SU00828,TechSystems S.R.L.,"Corso Buenos Aires, 24",Milano,45.47498420267969,9.18333731339684,2019,"['Intelligenza Artificiale', 'Fintech']",10000,74104,6,True
SU00829,GreenLab S.R.L.,"Via Roma, 87",Bergamo,45.70464768736276,9.682338505240185,2021,['Automotive Tech'],35232,3376589,1,True
SU00830,FutureHub S.R.L.,"Via Milano, 84",Milano,45.4569243094078,9.174597617855364,2022,"['Biotecnologie', 'Intelligenza Artificiale']",140050,277816,3,True
SU00831,CyberVision S.R.L.,"Via Montenapoleone, 89",Milano,45.44112392613528,9.199174456904041,2023,['Fintech'],93153,26778,5,True
SU00832,DataLogic S.R.L.,"Via Garibaldi, 90",Milano,45.46343273386188,9.215041101831162,2019,"['Fintech', 'Marketing Digitale']",10000,934208,3,True
SU00833,NanoLogic S.R.L.,"Via Montenapoleone, 74",Milano,45.43350794334298,9.227003512778893,2021,"['Automotive Tech', 'IoT']",22999,69865,7,True
SU00834,TechWorks S.R.L.,"Corso Buenos Aires, 7",Milano,45.46375332364563,9.17252471814505,2022,"['Automotive Tech', 'IoT', 'E-commerce']",10000,2447,4,True
SU00835,BioSolutions S.R.L.,"Via Roma, 24",Sondrio,46.180077496017866,9.85228154437593,2023,['Cleantech'],38485,165924,4,True
SU00836,InnovaVision S.R.L.,"Via Manzoni, 136",Brescia,45.5486837818643,10.221081293354104,2020,"['IoT', 'Aerospace', 'Fintech']",10054,388460,5,True
SU00837,GreenHub S.R.L.,"Corso Buenos Aires, 19",Como,45.80778289732225,9.090839684853888,2019,"['Ricerca e Sviluppo', 'Robotica']",41238,47106,1,False
SU00838,FutureEngine S.R.L.,"Corso Buenos Aires, 82",Milano,45.454329727419136,9.179498613553717,2022,['Robotica'],17970,130929,3,False
SU00839,FutureEngine S.R.L.,"Via Milano, 134",Milano,45.499976366140736,9.239483479266076,2021,"['Automazione Industriale', 'Servizi di Informazione']",26900,20882,0,True
SU00840,FutureSystems S.R.L.,"Via Roma, 48",Milano,45.485702216491774,9.199029798266249,2023,['IoT'],113216,595268,1,True
SU00841,TechSolutions S.R.L.,"Via Manzoni, 100",Milano,45.47951621243312,9.197377870031607,2024,['Servizi di Informazione'],10000,7171,3,True
SU00842,InnovaVision S.R.L.,"Via Montenapoleone, 136",Milano,45.47346539138295,9.195673568993977,2022,"['Fintech', 'Software & Consulenza Informatica']",10000,141330,0,True
SU00843,FutureWorks S.R.L.,"Via Roma, 113",Brescia,45.54408933301193,10.211419680950996,2022,['Robotica'],10000,119534,2,True
SU00844,DataLogic S.R.L.,"Via Garibaldi, 146",Brescia,45.53056161440935,10.19807347603153,2019,"['Automotive Tech', 'Automazione Industriale']",10000,192034,7,True
SU00845,GreenEngine S.R.L.,"Via Dante, 29",Pavia,45.1553382916086,9.189449469908018,2022,['Marketing Digitale'],10000,26953,8,True
SU00846,NanoSystems S.R.L.,"Via Manzoni, 23",Milano,45.49375836898373,9.181290066258155,2021,"['Computer e Prodotti Elettronici', 'E-commerce']",53848,652386,25,True
SU00847,NanoLab S.R.L.,"Via Brera, 148",Cremona,45.14623285302399,10.012979694789136,2022,"['Ricerca e Sviluppo', 'E-commerce']",10000,6599,4,True
SU00848,TechVision S.R.L.,"Via Brera, 89",Milano,45.455034521692035,9.137035256573068,2021,"['Biotecnologie', 'Blockchain']",10000,1060855,10,True
SU00849,BioLogic S.R.L.,"Via Montenapoleone, 24",Milano,45.46101267428095,9.232691911028445,2019,"['Servizi di Informazione', 'Automazione Industriale']",71151,499841,2,True
SU00850,SmartEngine S.R.L.,"Via Manzoni, 94",Brescia,45.53402031851884,10.227995585451229,2021,['Automotive Tech'],10000,183510,4,True
SU00851,SmartLogic S.R.L.,"Via Manzoni, 68",Milano,45.472025699142414,9.17690793958142,2024,['Servizi di Informazione'],18638,387487,3,True
SU00852,InnovaWorks S.R.L.,"Via Garibaldi, 117",Milano,45.427656081250575,9.165580988580022,2019,"['Cleantech', 'Automazione Industriale']",11396,151326,1,True
SU00853,BioSolutions S.R.L.,"Via Manzoni, 133",Milano,45.44578767411257,9.170005438556045,2020,['Robotica'],85510,836412,8,True
SU00854,FutureAnalytics S.R.L.,"Via Roma, 128",Milano,45.4696125203685,9.19398548825035,2019,"['Automotive Tech', 'Fabbricazione Macchinari', 'Cleantech']",128497,126428,2,True
SU00855,CyberHub S.R.L.,"Via Milano, 58",Como,45.805875195781205,9.072448167995416,2023,"['Biotecnologie', 'Automazione Industriale', 'Computer e Prodotti Elettronici']",19036,348176,0,True
SU00856,CyberLab S.R.L.,"Via Brera, 39",Sondrio,46.18770904301562,9.879143865557456,2022,"['Cybersecurity', 'Servizi di Informazione']",10595,501971,1,True
SU00857,FutureHub S.R.L.,"Via Dante, 30",Como,45.817200901884846,9.121647856651029,2020,"['Ricerca e Sviluppo', 'Cleantech', 'Intelligenza Artificiale']",10000,927012,0,True
SU00858,InnovaSystems S.R.L.,"Via Manzoni, 26",Como,45.802263012564076,9.104963377794661,2021,['Intelligenza Artificiale'],35887,69380,3,True
SU00859,TechDynamics S.R.L.,"Via Roma, 133",Milano,45.43428605095331,9.150050872916744,2024,"['Fintech', 'Marketing Digitale']",31474,19778,2,True
SU00860,BioHub S.R.L.,"Via Manzoni, 57",Milano,45.46956098931691,9.184626263516527,2021,['Automotive Tech'],10000,11877,2,True
SU00861,BioAnalytics S.R.L.,"Via Dante, 86",Milano,45.46077129477044,9.19678694022773,2024,['Fabbricazione Macchinari'],10000,85663,2,True
SU00862,SmartLab S.R.L.,"Via Garibaldi, 65",Milano,45.443503702228504,9.19739457482068,2020,['Energia Rinnovabile'],13393,96563,2,True
SU00863,SmartSystems S.R.L.,"Via Manzoni, 73",Milano,45.464692363881504,9.193261839649375,2020,['Blockchain'],10000,442026,0,True
SU00864,BioWorks S.R.L.,"Via Garibaldi, 6",Bergamo,45.70917613307777,9.659307626849085,2024,"['Computer e Prodotti Elettronici', 'Cleantech', 'Intelligenza Artificiale']",37353,935391,1,False
SU00865,FutureWorks S.R.L.,"Via Garibaldi, 21",Brescia,45.54043606974441,10.235726466557715,2021,"['Computer e Prodotti Elettronici', 'Biotecnologie']",12142,188197,4,True
SU00866,InnovaLogic S.R.L.,"Via Manzoni, 146",Como,45.79777870963172,9.071296616589821,2022,['Software & Consulenza Informatica'],101313,53693,7,True
SU00867,SmartSolutions S.R.L.,"Corso Buenos Aires, 148",Brescia,45.544489713424824,10.193321578456148,2021,"['Biotecnologie', 'Energia Rinnovabile', 'Ricerca e Sviluppo']",10000,59066,2,True
SU00868,FutureLab S.R.L.,"Via Brera, 111",Como,45.83406021680171,9.03874707622214,2021,"['Ricerca e Sviluppo', 'Automotive Tech']",38568,50019,2,True
SU00869,SmartSystems S.R.L.,"Via Dante, 79",Sondrio,46.208276683150046,9.818270744058186,2024,"['Intelligenza Artificiale', 'Fintech']",151244,154474,1,True
SU00870,FutureSolutions S.R.L.,"Via Montenapoleone, 124",Brescia,45.54981667615562,10.240030235770796,2019,"['Cleantech', 'E-commerce']",31923,1250326,3,False
SU00871,SmartVision S.R.L.,"Via Dante, 5",Como,45.83226513465307,9.063264343411712,2025,"['Automotive Tech', 'Automazione Industriale']",10000,40862,0,True
SU00872,TechLogic S.R.L.,"Via Milano, 54",Cremona,45.142399425862386,10.036285063714004,2024,"['Ricerca e Sviluppo', 'Biotecnologie', 'Fabbricazione Macchinari']",29873,7705,2,True
SU00873,SmartLab S.R.L.,"Via Manzoni, 133",Milano,45.48302323731493,9.166232362556878,2021,['Energia Rinnovabile'],24401,10298,2,True
SU00874,BioDynamics S.R.L.,"Corso Buenos Aires, 143",Cremona,45.15380763044768,9.981045674786209,2020,"['E-commerce', 'Robotica', 'Servizi di Informazione']",10000,70803,2,True
SU00875,DigitalEngine S.R.L.,"Via Dante, 87",Milano,45.462180393076814,9.16756298349999,2020,['Ricerca e Sviluppo'],37436,300883,1,True
SU00876,TechDynamics S.R.L.,"Via Brera, 23",Milano,45.49761415005979,9.175563965751552,2020,"['Servizi di Informazione', 'Fabbricazione Macchinari']",13760,23637,4,True
SU00877,GreenSolutions S.R.L.,"Via Dante, 65",Bergamo,45.6865335793008,9.665574543488345,2022,['Software & Consulenza Informatica'],10000,8167,4,True
SU00878,FutureSolutions S.R.L.,"Via Garibaldi, 28",Cremona,45.12507217159841,9.98641219027239,2020,['Cybersecurity'],10000,7663,4,True
SU00879,SmartHub S.R.L.,"Via Brera, 15",Lodi,45.31217303754126,9.479054844962228,2019,"['Salute Digitale', 'Blockchain']",10000,124705,0,True
SU00880,CyberHub S.R.L.,"Via Garibaldi, 27",Milano,45.487215505982014,9.194746755482534,2021,['Biotecnologie'],15076,83992,25,True
SU00881,DigitalLogic S.R.L.,"Via Montenapoleone, 13",Milano,45.4485338248655,9.20570510719143,2020,"['E-commerce', 'Fintech']",41385,619413,5,True
SU00882,GreenHub S.R.L.,"Via Roma, 148",Milano,45.449405953529414,9.173496037356934,2019,"['Servizi di Informazione', 'Fintech']",30171,25090,8,True
SU00883,CyberVision S.R.L.,"Via Montenapoleone, 88",Milano,45.48362176676764,9.161926032305095,2021,"['Automotive Tech', 'Software & Consulenza Informatica']",10000,187387,2,True
SU00884,CyberVision S.R.L.,"Via Milano, 134",Cremona,45.148630258405724,10.011242780538572,2022,['Ricerca e Sviluppo'],14957,275575,5,True
SU00885,TechEngine S.R.L.,"Via Milano, 60",Bergamo,45.69224793953143,9.661464277280684,2019,"['Software & Consulenza Informatica', 'Robotica']",11123,45682,4,True
SU00886,BioHub S.R.L.,"Corso Buenos Aires, 27",Como,45.80054754356806,9.072503217514221,2024,"['Fintech', 'Automotive Tech']",10000,17961,5,True
SU00887,GreenDynamics S.R.L.,"Via Dante, 51",Milano,45.449332799934034,9.181668406985278,2023,"['Marketing Digitale', 'Automotive Tech']",35631,144441,3,True
SU00888,SmartVision S.R.L.,"Via Brera, 105",Como,45.820590726791416,9.061357711084526,2025,"['Fabbricazione Macchinari', 'Aerospace', 'Energia Rinnovabile']",10000,406441,2,False
SU00889,TechEngine S.R.L.,"Via Dante, 128",Milano,45.46558850268179,9.17400555489178,2023,"['IoT', 'E-commerce']",23722,157965,5,True
SU00890,FutureWorks S.R.L.,"Via Dante, 75",Bergamo,45.711452627179945,9.658420440562058,2022,"['Automotive Tech', 'Biotecnologie']",10400,303258,1,True
SU00891,FutureWorks S.R.L.,"Corso Buenos Aires, 115",Milano,45.46006613292811,9.201401766484414,2020,"['E-commerce', 'Automotive Tech']",11852,1419226,9,True
SU00892,TechSolutions S.R.L.,"Via Brera, 121",Milano,45.42208590673826,9.18311462232004,2024,"['Cleantech', 'Servizi di Informazione']",19926,54681,2,True
SU00893,SmartAnalytics S.R.L.,"Via Milano, 75",Brescia,45.55252974558156,10.181057575546115,2024,['Biotecnologie'],17675,44800,2,True
SU00894,TechSystems S.R.L.,"Via Brera, 108",Milano,45.4551507637713,9.151077022781708,2021,"['Automazione Industriale', 'Biotecnologie']",23450,26702,3,True
SU00895,NanoLogic S.R.L.,"Via Manzoni, 42",Milano,45.475537996370775,9.175222849973816,2023,"['Automazione Industriale', 'Marketing Digitale']",21170,12324,20,True
SU00896,InnovaAnalytics S.R.L.,"Via Roma, 99",Milano,45.4460318097305,9.194724342099125,2020,"['Robotica', 'Automotive Tech']",16492,495467,0,True
SU00897,TechLab S.R.L.,"Via Manzoni, 39",Milano,45.4778387842729,9.173472191033332,2019,"['Software & Consulenza Informatica', 'Aerospace']",12091,21925,4,True
SU00898,TechDynamics S.R.L.,"Via Montenapoleone, 66",Milano,45.48885837173355,9.183265139399042,2022,['Cleantech'],10000,15625,4,True
SU00899,TechLab S.R.L.,"Via Manzoni, 53",Milano,45.469937276856385,9.216505272062546,2019,"['Aerospace', 'IoT']",21859,33067,3,True
SU00900,NanoWorks S.R.L.,"Corso Buenos Aires, 10",Milano,45.45156338620208,9.223180820462044,2019,"['E-commerce', 'Fintech']",16159,776988,8,False
SU00901,TechWorks S.R.L.,"Via Garibaldi, 13",Sondrio,46.151989251328175,9.881306361066418,2024,"['Marketing Digitale', 'Energia Rinnovabile']",10000,71804,4,True
SU00902,DataLogic S.R.L.,"Via Milano, 87",Mantova,45.17518956639361,10.757832206118277,2024,"['Blockchain', 'Robotica']",11330,43295,8,True
SU00903,SmartVision S.R.L.,"Via Milano, 40",Milano,45.44867532401034,9.198157877075788,2023,['Biotecnologie'],10000,31622,2,True
SU00904,NanoLab S.R.L.,"Via Montenapoleone, 145",Pavia,45.16463132378483,9.1388235177193,2019,['Servizi di Informazione'],480589,830696,7,True
SU00905,DigitalSolutions S.R.L.,"Via Dante, 102",Milano,45.46164984042181,9.181121470111302,2023,"['Intelligenza Artificiale', 'Cybersecurity']",33879,242979,2,True
SU00906,BioHub S.R.L.,"Via Milano, 72",Milano,45.47648419388314,9.18829212678774,2020,"['Biotecnologie', 'E-commerce']",10000,42490,40,True
SU00907,GreenHub S.R.L.,"Via Brera, 118",Milano,45.44078970139742,9.210635238089992,2022,"['Marketing Digitale', 'Fintech']",10000,636036,8,True
SU00908,TechAnalytics S.R.L.,"Via Roma, 47",Milano,45.472163575760305,9.148714754551092,2025,"['Automotive Tech', 'Cybersecurity']",10000,88254,2,True
SU00909,BioAnalytics S.R.L.,"Via Montenapoleone, 51",Milano,45.45849972749638,9.15002777856564,2019,"['Intelligenza Artificiale', 'Ricerca e Sviluppo']",87409,33647,1,True
SU00910,GreenAnalytics S.R.L.,"Via Milano, 83",Milano,45.471269298425376,9.197160329116441,2020,['Automazione Industriale'],11416,22701,3,False
SU00911,InnovaAnalytics S.R.L.,"Via Garibaldi, 44",Milano,45.4844074170038,9.196817415826924,2024,"['Cybersecurity', 'Aerospace', 'Robotica']",10000,660467,4,True
SU00912,BioDynamics S.R.L.,"Via Manzoni, 32",Milano,45.466200972555555,9.185945599411266,2019,"['Cybersecurity', 'Automotive Tech']",26637,45075,5,True
SU00913,TechDynamics S.R.L.,"Corso Buenos Aires, 11",Milano,45.44145073860422,9.185344251097662,2022,"['Blockchain', 'Fintech', 'E-commerce']",10000,71061,0,True
SU00914,DigitalAnalytics S.R.L.,"Via Garibaldi, 31",Milano,45.45543528903928,9.212574923118893,2022,['Aerospace'],57660,78803,3,True
SU00915,DigitalHub S.R.L.,"Via Roma, 32",Milano,45.442445285597536,9.178521957259116,2022,"['Software & Consulenza Informatica', 'IoT', 'Aerospace']",75268,50716,10,True
SU00916,CyberSystems S.R.L.,"Via Dante, 46",Milano,45.46144639620245,9.174343634728567,2021,"['Intelligenza Artificiale', 'Marketing Digitale']",10000,21908,2,True
SU00917,FutureLab S.R.L.,"Via Garibaldi, 38",Milano,45.478105350005045,9.21254562246864,2024,['Blockchain'],70554,17519,7,True
SU00918,GreenAnalytics S.R.L.,"Via Milano, 82",Varese,45.817329739910605,8.811435943638328,2021,['Ricerca e Sviluppo'],10000,339034,3,True
SU00919,SmartDynamics S.R.L.,"Via Brera, 100",Milano,45.474365346429266,9.22325412032007,2022,"['Robotica', 'Aerospace']",10000,5224,4,True
SU00920,GreenAnalytics S.R.L.,"Via Brera, 31",Brescia,45.54144650120956,10.208797944002365,2023,"['Fabbricazione Macchinari', 'Cybersecurity']",27031,33717,5,True
SU00921,BioVision S.R.L.,"Via Brera, 143",Milano,45.421139811227114,9.195742012748024,2025,['Servizi di Informazione'],44676,310953,0,True
SU00922,BioDynamics S.R.L.,"Via Manzoni, 143",Milano,45.46882923164998,9.19619459006174,2019,"['E-commerce', 'Marketing Digitale', 'IoT']",19522,1392850,5,True
SU00923,CyberSystems S.R.L.,"Via Brera, 113",Milano,45.438847194067066,9.207784340320957,2022,"['Fabbricazione Macchinari', 'Servizi di Informazione']",10000,360437,25,True
SU00924,BioSystems S.R.L.,"Corso Buenos Aires, 73",Milano,45.478680977498456,9.214313235853517,2025,"['Salute Digitale', 'E-commerce']",10000,55585,0,True
SU00925,DigitalDynamics S.R.L.,"Corso Buenos Aires, 24",Varese,45.80697484286583,8.78754264210332,2022,"['Computer e Prodotti Elettronici', 'IoT', 'Biotecnologie']",10000,22261,2,True
SU00926,TechEngine S.R.L.,"Via Brera, 100",Bergamo,45.66492741146999,9.668397189747374,2021,['Marketing Digitale'],13452,152537,2,True
SU00927,FutureLogic S.R.L.,"Via Montenapoleone, 90",Milano,45.49101078357091,9.180580720648775,2022,['Energia Rinnovabile'],10000,35715,9,True
SU00928,TechEngine S.R.L.,"Via Dante, 124",Milano,45.50560556059181,9.215377652950359,2024,['Robotica'],29180,503349,0,True
SU00929,NanoVision S.R.L.,"Via Dante, 72",Milano,45.444072594739715,9.228783694014252,2023,['Computer e Prodotti Elettronici'],10000,284144,4,True
SU00930,DigitalLogic S.R.L.,"Via Montenapoleone, 55",Milano,45.47049160728308,9.211060248128447,2025,['Automotive Tech'],88155,15829,0,True
SU00931,BioSystems S.R.L.,"Corso Buenos Aires, 62",Milano,45.447885216562725,9.174998703670964,2020,['Automotive Tech'],10000,1682014,6,True
SU00932,NanoHub S.R.L.,"Via Garibaldi, 51",Milano,45.47258009200836,9.209872726078663,2022,"['Salute Digitale', 'Cybersecurity', 'Cleantech']",12204,288358,4,True
SU00933,InnovaHub S.R.L.,"Via Roma, 68",Pavia,45.16157326200946,9.151227798423141,2024,"['Software & Consulenza Informatica', 'Aerospace', 'Fabbricazione Macchinari']",11132,110171,7,True
SU00934,NanoDynamics S.R.L.,"Via Dante, 44",Milano,45.46990635074535,9.204906131831086,2025,"['Computer e Prodotti Elettronici', 'Aerospace']",10080,328151,1,True
SU00935,BioVision S.R.L.,"Via Manzoni, 91",Milano,45.43881046467088,9.136179827946153,2024,"['E-commerce', 'IoT', 'Robotica']",64753,109637,2,True
SU00936,BioLogic S.R.L.,"Via Garibaldi, 90",Milano,45.45255842513732,9.20558918001414,2023,['Fabbricazione Macchinari'],10000,173372,7,True
SU00937,SmartHub S.R.L.,"Via Roma, 85",Bergamo,45.71010519030746,9.706793818725577,2025,"['Energia Rinnovabile', 'Servizi di Informazione', 'Computer e Prodotti Elettronici']",27058,73729,4,True
SU00938,BioAnalytics S.R.L.,"Via Manzoni, 86",Mantova,45.146900126256845,10.788894202573838,2024,"['Robotica', 'Fintech']",16472,31756,0,True
SU00939,SmartVision S.R.L.,"Via Roma, 1",Pavia,45.16197651526949,9.154293180070828,2023,"['Energia Rinnovabile', 'Blockchain']",44262,575035,0,True
SU00940,CyberLogic S.R.L.,"Via Milano, 40",Como,45.793714039364005,9.073343010495849,2019,['Computer e Prodotti Elettronici'],11261,78090,30,True
SU00941,GreenLogic S.R.L.,"Via Roma, 14",Brescia,45.535612123133355,10.19995511244752,2020,"['E-commerce', 'Blockchain']",10000,84990,6,True
SU00942,FutureDynamics S.R.L.,"Via Milano, 133",Milano,45.49752074493795,9.182453509682595,2020,"['Salute Digitale', 'Automazione Industriale']",27484,530035,1,True
SU00943,BioHub S.R.L.,"Via Roma, 67",Cremona,45.121635921301326,10.01864210779977,2021,['Computer e Prodotti Elettronici'],14730,331898,1,True
SU00944,DigitalEngine S.R.L.,"Via Roma, 59",Milano,45.46335299687935,9.200403341774587,2020,"['Intelligenza Artificiale', 'Cleantech']",50492,61475,8,True
SU00945,DigitalVision S.R.L.,"Via Brera, 11",Milano,45.43883055701091,9.184986553078303,2023,['E-commerce'],105386,14398,1,True
SU00946,FutureDynamics S.R.L.,"Via Dante, 29",Mantova,45.15316444011307,10.779119157538954,2024,"['Software & Consulenza Informatica', 'IoT']",54659,165776,3,True
SU00947,GreenEngine S.R.L.,"Corso Buenos Aires, 41",Milano,45.509123760271166,9.201135918936554,2022,"['Robotica', 'Ricerca e Sviluppo', 'Energia Rinnovabile']",10000,5930,3,True
SU00948,SmartSolutions S.R.L.,"Via Dante, 122",Milano,45.42465596377491,9.210547505223568,2020,['Blockchain'],10000,25067,0,True
SU00949,InnovaLogic S.R.L.,"Via Brera, 14",Milano,45.46263977423547,9.202540573318384,2022,"['Salute Digitale', 'E-commerce', 'Fabbricazione Macchinari']",10000,103381,0,True
SU00950,DataLogic S.R.L.,"Via Manzoni, 72",Milano,45.47457025667205,9.198218419877636,2023,['Cleantech'],10000,19511,1,True
SU00951,TechAnalytics S.R.L.,"Via Dante, 118",Milano,45.43117893209876,9.19830145019398,2021,['E-commerce'],16187,840008,5,True
SU00952,FutureWorks S.R.L.,"Via Montenapoleone, 10",Milano,45.48276547912926,9.17575847771368,2021,"['Energia Rinnovabile', 'Aerospace', 'Marketing Digitale']",13931,29072,3,True
SU00953,GreenSolutions S.R.L.,"Via Brera, 12",Lodi,45.292800782842896,9.530455996913913,2021,"['Aerospace', 'Energia Rinnovabile']",10000,22097,1,False
SU00954,CyberLab S.R.L.,"Via Brera, 125",Milano,45.48414888319348,9.197742448372425,2019,"['Cleantech', 'E-commerce']",10538,974165,2,True
SU00955,CyberEngine S.R.L.,"Via Brera, 81",Brescia,45.56226974585537,10.186328019979285,2023,"['Biotecnologie', 'Fabbricazione Macchinari']",10633,2519,2,True
SU00956,TechEngine S.R.L.,"Corso Buenos Aires, 96",Milano,45.51991823827988,9.209636438888772,2019,"['Aerospace', 'Intelligenza Artificiale', 'Automotive Tech']",10099,17777,3,True
SU00957,InnovaDynamics S.R.L.,"Via Roma, 12",Milano,45.46655342795558,9.154089023767968,2024,['Software & Consulenza Informatica'],22918,245250,6,True
SU00958,CyberSystems S.R.L.,"Via Montenapoleone, 145",Milano,45.462156024867525,9.161761460539717,2020,['Marketing Digitale'],10000,28273,4,True
SU00959,CyberAnalytics S.R.L.,"Via Roma, 25",Milano,45.49556399381055,9.196964422082884,2023,"['Salute Digitale', 'E-commerce']",15122,442407,0,True
SU00960,BioWorks S.R.L.,"Via Roma, 101",Milano,45.463602963055244,9.22059027472603,2021,"['Salute Digitale', 'Software & Consulenza Informatica', 'Robotica']",10000,1728261,5,True
SU00961,TechHub S.R.L.,"Via Dante, 13",Milano,45.47237724027664,9.181293919242446,2020,['Ricerca e Sviluppo'],10000,108655,2,True
SU00962,BioLogic S.R.L.,"Via Brera, 37",Milano,45.442018538549526,9.19314952363137,2022,"['Intelligenza Artificiale', 'Biotecnologie']",10000,22117,0,True
SU00963,DataHub S.R.L.,"Corso Buenos Aires, 103",Milano,45.466359596257696,9.199415064830955,2022,"['Robotica', 'Energia Rinnovabile', 'Intelligenza Artificiale']",10000,380333,0,True
SU00964,DataVision S.R.L.,"Via Dante, 97",Milano,45.49600963252146,9.1807275229078,2019,['Ricerca e Sviluppo'],10913,239864,3,True
SU00965,DataLogic S.R.L.,"Corso Buenos Aires, 11",Milano,45.51157432930389,9.184504311283998,2021,['Software & Consulenza Informatica'],10000,53862,9,True
SU00966,NanoDynamics S.R.L.,"Via Milano, 2",Milano,45.48876932980847,9.160523182063805,2024,['Software & Consulenza Informatica'],34847,79650,0,True
SU00967,GreenEngine S.R.L.,"Via Milano, 79",Brescia,45.57123069994257,10.195440865149003,2019,['Aerospace'],10939,146380,3,True
SU00968,DataSolutions S.R.L.,"Via Milano, 73",Milano,45.445713916630375,9.185271481232586,2021,"['Intelligenza Artificiale', 'Robotica']",10000,182991,2,True
SU00969,CyberHub S.R.L.,"Corso Buenos Aires, 91",Como,45.80843241348813,9.06394705879008,2023,['Cleantech'],12292,1483194,49,True
SU00970,SmartDynamics S.R.L.,"Via Dante, 106",Milano,45.46138422222292,9.18012004285687,2021,"['Blockchain', 'Marketing Digitale']",16754,121743,8,True
SU00971,SmartSolutions S.R.L.,"Via Manzoni, 115",Bergamo,45.669211322868684,9.69335556894612,2021,"['Servizi di Informazione', 'Robotica', 'Software & Consulenza Informatica']",10000,34976,2,True
SU00972,BioVision S.R.L.,"Via Manzoni, 9",Milano,45.4429097526717,9.182539889798955,2023,"['Salute Digitale', 'Intelligenza Artificiale']",10000,123085,2,True
SU00973,GreenSolutions S.R.L.,"Corso Buenos Aires, 117",Milano,45.454221448994836,9.184669004899902,2023,['Cybersecurity'],461509,145030,1,True
SU00974,FutureLab S.R.L.,"Via Dante, 101",Milano,45.48044076144083,9.201369504234986,2020,['Ricerca e Sviluppo'],10000,277879,3,True
SU00975,InnovaAnalytics S.R.L.,"Via Dante, 49",Bergamo,45.69627906557935,9.690492531363267,2024,"['Automotive Tech', 'Marketing Digitale']",14632,13131,4,True
SU00976,GreenDynamics S.R.L.,"Via Brera, 124",Milano,45.46056493652948,9.159897442443139,2022,"['Fintech', 'Cybersecurity']",10422,45543,1,True
SU00977,FutureDynamics S.R.L.,"Via Garibaldi, 28",Milano,45.45833995551754,9.166797861517386,2024,"['IoT', 'Computer e Prodotti Elettronici']",37992,1647629,4,True
SU00978,DigitalLogic S.R.L.,"Via Dante, 75",Milano,45.46718324703716,9.161617467544655,2022,"['Blockchain', 'Servizi di Informazione', 'Computer e Prodotti Elettronici']",126537,34887,0,True
SU00979,FutureDynamics S.R.L.,"Via Roma, 70",Milano,45.445992753451335,9.175794388894467,2024,"['Cleantech', 'Cybersecurity', 'Intelligenza Artificiale']",10000,52613,2,True
SU00980,DigitalVision S.R.L.,"Corso Buenos Aires, 9",Milano,45.47800605856184,9.206434042450296,2022,"['Automotive Tech', 'Ricerca e Sviluppo']",59240,5470,1,True
SU00981,InnovaSystems S.R.L.,"Via Manzoni, 148",Milano,45.406316298848566,9.21385538003294,2021,"['Biotecnologie', 'Automotive Tech']",10000,447513,0,True
SU00982,GreenVision S.R.L.,"Via Montenapoleone, 27",Bergamo,45.66010834465607,9.661493372366031,2022,['Blockchain'],10000,61658,6,True
SU00983,FutureWorks S.R.L.,"Via Manzoni, 8",Bergamo,45.721203761139634,9.700555707836378,2020,['Automazione Industriale'],80992,48309,5,True
SU00984,InnovaEngine S.R.L.,"Via Garibaldi, 2",Milano,45.45983438027704,9.179756420289873,2022,"['E-commerce', 'Servizi di Informazione']",10000,55815,5,True
SU00985,DigitalHub S.R.L.,"Via Montenapoleone, 29",Milano,45.46339480350092,9.186657480726806,2022,['Cybersecurity'],19140,122208,1,True
SU00986,DigitalDynamics S.R.L.,"Via Montenapoleone, 85",Milano,45.433050720086186,9.203878035484527,2021,"['Biotecnologie', 'Computer e Prodotti Elettronici']",10000,485479,1,True
SU00987,CyberDynamics S.R.L.,"Via Dante, 104",Milano,45.429105664399245,9.179709844264933,2023,['Marketing Digitale'],10000,36114,1,True
SU00988,NanoWorks S.R.L.,"Via Milano, 116",Bergamo,45.68786402630508,9.693364511210492,2019,"['Blockchain', 'Marketing Digitale']",10000,299929,2,True
SU00989,SmartAnalytics S.R.L.,"Via Brera, 123",Milano,45.48057457672039,9.218453416645042,2023,['Biotecnologie'],22473,63089,4,True
SU00990,TechLab S.R.L.,"Via Dante, 5",Milano,45.45576122550982,9.23204269388529,2019,['Biotecnologie'],14746,30197,0,True
SU00991,GreenLogic S.R.L.,"Corso Buenos Aires, 22",Brescia,45.51704758855643,10.194080534026032,2022,['Salute Digitale'],10000,463298,0,True
SU00992,DataSolutions S.R.L.,"Via Roma, 115",Milano,45.46354763228543,9.23146661201744,2022,"['Aerospace', 'Fabbricazione Macchinari', 'Fintech']",10717,196336,4,True
SU00993,GreenVision S.R.L.,"Via Roma, 108",Milano,45.48289496259083,9.194492646317121,2023,"['Fabbricazione Macchinari', 'IoT']",58868,4729,1,True
SU00994,InnovaSolutions S.R.L.,"Via Roma, 24",Cremona,45.14330887524804,9.99888366573234,2021,['IoT'],10000,185922,5,True
SU00995,DataLogic S.R.L.,"Via Montenapoleone, 63",Milano,45.45182044863186,9.180901986637897,2021,"['Blockchain', 'E-commerce', 'Servizi di Informazione']",58050,78933,6,True
SU00996,GreenAnalytics S.R.L.,"Corso Buenos Aires, 121",Como,45.803749412323334,9.065130558227139,2022,"['Salute Digitale', 'Software & Consulenza Informatica', 'Intelligenza Artificiale']",10000,179912,2,False
SU00997,CyberLab S.R.L.,"Via Dante, 140",Milano,45.4935807743126,9.172618909365445,2022,"['Ricerca e Sviluppo', 'Biotecnologie']",35695,62734,2,True
SU00998,FutureVision S.R.L.,"Via Montenapoleone, 76",Sondrio,46.18861026127111,9.862958797959031,2019,['Marketing Digitale'],10000,82198,3,True
SU00999,FutureLogic S.R.L.,"Via Brera, 13",Cremona,45.12384863982577,10.019340745173471,2025,"['Blockchain', 'Intelligenza Artificiale', 'Biotecnologie']",10000,202241,0,False
SU01000,FutureHub S.R.L.,"Via Montenapoleone, 99",Milano,45.48816964704768,9.18414218339594,2023,['Blockchain'],10000,13781,25,True
SU01001,BioHub S.R.L.,"Via Montenapoleone, 133",Milano,45.50437011468578,9.191616263692152,2025,"['Energia Rinnovabile', 'E-commerce']",16480,7735,4,True
SU01002,GreenVision S.R.L.,"Via Roma, 148",Milano,45.485150908691715,9.178253047594541,2021,['Automazione Industriale'],10000,555710,7,True
SU01003,SmartLogic S.R.L.,"Via Milano, 29",Bergamo,45.65009956514201,9.69722144678238,2021,['Automotive Tech'],11323,385230,2,True
SU01004,GreenWorks S.R.L.,"Via Dante, 9",Milano,45.4809998433274,9.200888194617152,2025,"['Software & Consulenza Informatica', 'Robotica']",10000,458900,3,False
SU01005,SmartVision S.R.L.,"Via Roma, 133",Milano,45.464261272748814,9.169130010098105,2023,['Ricerca e Sviluppo'],24621,741911,0,True
SU01006,BioHub S.R.L.,"Via Manzoni, 87",Milano,45.464317675557005,9.192580055160276,2023,['Automotive Tech'],10000,30537,1,True
SU01007,InnovaHub S.R.L.,"Via Roma, 139",Milano,45.478314612153675,9.197851011690304,2023,"['Energia Rinnovabile', 'Cybersecurity']",10000,41433,2,True
SU01008,FutureWorks S.R.L.,"Via Brera, 129",Bergamo,45.67744675787385,9.646149393536074,2023,"['Blockchain', 'Salute Digitale']",54532,123339,1,True
SU01009,GreenDynamics S.R.L.,"Via Manzoni, 47",Brescia,45.556689316578705,10.181663967103294,2020,"['Fabbricazione Macchinari', 'Computer e Prodotti Elettronici', 'Automotive Tech']",84631,252514,0,True
SU01010,GreenEngine S.R.L.,"Via Garibaldi, 47",Brescia,45.51768261250754,10.214470450165107,2020,"['Biotecnologie', 'Salute Digitale']",60976,20267,3,True
SU01011,InnovaSolutions S.R.L.,"Via Garibaldi, 30",Milano,45.48743802259913,9.210693993921746,2019,['Energia Rinnovabile'],27205,1371245,1,True
SU01012,FutureWorks S.R.L.,"Via Dante, 146",Milano,45.47182428690114,9.164693345204903,2022,['Robotica'],14121,11287,8,True
SU01013,FutureDynamics S.R.L.,"Corso Buenos Aires, 62",Milano,45.48537743693151,9.195929351320984,2023,['Salute Digitale'],13870,17865,6,True
SU01014,CyberDynamics S.R.L.,"Via Dante, 95",Pavia,45.203278309477106,9.15321088373036,2024,['E-commerce'],19024,23145,6,True
SU01015,DigitalEngine S.R.L.,"Via Dante, 70",Milano,45.45897001956725,9.213267831254498,2020,"['Salute Digitale', 'Software & Consulenza Informatica']",10000,35031,2,True
SU01016,SmartAnalytics S.R.L.,"Via Manzoni, 55",Bergamo,45.711402005432454,9.649237231838221,2020,['Blockchain'],10000,1045986,6,True
SU01017,DigitalHub S.R.L.,"Via Roma, 29",Milano,45.46231582833021,9.202719742827309,2021,"['Salute Digitale', 'Ricerca e Sviluppo', 'Fabbricazione Macchinari']",58103,30149,10,True
SU01018,InnovaWorks S.R.L.,"Via Milano, 2",Pavia,45.19771673673772,9.133559174664784,2020,"['Servizi di Informazione', 'Aerospace']",10000,11729,7,False
SU01019,BioHub S.R.L.,"Corso Buenos Aires, 103",Milano,45.49373507459698,9.175567556175412,2023,"['Marketing Digitale', 'Salute Digitale', 'Intelligenza Artificiale']",16964,286767,7,True
SU01020,GreenWorks S.R.L.,"Via Garibaldi, 110",Milano,45.44897577003696,9.1657701269584,2024,['Software & Consulenza Informatica'],10000,450612,1,True
SU01021,FutureEngine S.R.L.,"Via Milano, 69",Milano,45.43960943500542,9.204695528039506,2024,['Fintech'],19514,768,2,True
SU01022,DataVision S.R.L.,"Via Brera, 107",Milano,45.486716786034584,9.174980646043934,2025,['Cleantech'],10000,4996,1,True
SU01023,SmartLab S.R.L.,"Via Manzoni, 54",Brescia,45.512134571207476,10.194620702231898,2020,['IoT'],71228,36133,1,True
SU01024,GreenAnalytics S.R.L.,"Via Montenapoleone, 18",Milano,45.45572407435168,9.179575402452597,2022,"['Intelligenza Artificiale', 'Aerospace']",18413,57939,1,True
SU01025,NanoEngine S.R.L.,"Via Garibaldi, 131",Pavia,45.165867644688326,9.168318686116416,2021,['Aerospace'],38830,796216,2,True
SU01026,SmartSolutions S.R.L.,"Via Roma, 141",Brescia,45.54455937761266,10.194219662276705,2024,['Servizi di Informazione'],14106,48522,0,True
SU01027,BioEngine S.R.L.,"Via Brera, 2",Bergamo,45.73067768681597,9.688386503927587,2023,"['Automotive Tech', 'Servizi di Informazione']",12072,18491,1,True
SU01028,InnovaSolutions S.R.L.,"Via Manzoni, 136",Mantova,45.163965179646354,10.79303810825208,2022,"['Energia Rinnovabile', 'Fabbricazione Macchinari']",34183,54308,3,True
SU01029,NanoVision S.R.L.,"Via Brera, 98",Milano,45.439420681103904,9.175490565812838,2022,"['Intelligenza Artificiale', 'E-commerce', 'Software & Consulenza Informatica']",10000,386223,5,True
SU01030,TechLab S.R.L.,"Via Brera, 3",Milano,45.50018257017047,9.19401287173744,2022,"['Fintech', 'Software & Consulenza Informatica']",12891,883382,0,True
SU01031,GreenSystems S.R.L.,"Via Milano, 43",Milano,45.462568984098205,9.164055769216674,2020,['Servizi di Informazione'],88229,100323,6,True
SU01032,BioVision S.R.L.,"Via Manzoni, 31",Milano,45.45390360675205,9.216767598075279,2022,['Salute Digitale'],10000,661988,3,True
SU01033,FutureDynamics S.R.L.,"Via Roma, 70",Milano,45.47419583460994,9.218675000684284,2023,"['Robotica', 'Servizi di Informazione']",56779,19954,4,True
SU01034,InnovaSystems S.R.L.,"Via Montenapoleone, 66",Milano,45.44075227268429,9.204867964672896,2024,"['Fabbricazione Macchinari', 'Blockchain', 'Automazione Industriale']",10000,24010,2,True
SU01035,SmartLab S.R.L.,"Via Garibaldi, 68",Milano,45.467782612035684,9.208672817017353,2021,"['Biotecnologie', 'Computer e Prodotti Elettronici']",10000,310256,5,True
SU01036,SmartLab S.R.L.,"Via Montenapoleone, 57",Milano,45.48489396684956,9.208012971950268,2023,['Cybersecurity'],33573,133789,0,True
SU01037,BioSystems S.R.L.,"Via Manzoni, 6",Milano,45.47158188626895,9.181588908080803,2024,['Cleantech'],47442,11376,5,True
SU01038,DigitalDynamics S.R.L.,"Via Montenapoleone, 70",Como,45.82451069657835,9.088447387713593,2020,"['E-commerce', 'IoT']",15820,70903,0,True
SU01039,CyberVision S.R.L.,"Via Dante, 48",Milano,45.43260339848623,9.175157320550515,2021,"['Blockchain', 'Intelligenza Artificiale']",16771,84850,4,True
SU01040,BioAnalytics S.R.L.,"Via Manzoni, 72",Pavia,45.18372462759609,9.157812001668812,2024,"['Computer e Prodotti Elettronici', 'Robotica']",28007,400519,8,True
SU01041,NanoHub S.R.L.,"Via Garibaldi, 29",Milano,45.453530565096216,9.205625827910607,2019,"['Blockchain', 'Cleantech', 'Cybersecurity']",115058,118811,3,True
SU01042,SmartHub S.R.L.,"Via Milano, 46",Milano,45.483417413072964,9.19333206695277,2020,['IoT'],10000,100877,0,True
SU01043,NanoHub S.R.L.,"Corso Buenos Aires, 134",Milano,45.45025436141687,9.1817389694348,2022,"['Cleantech', 'Ricerca e Sviluppo', 'Marketing Digitale']",10000,32293,5,True
SU01044,DataEngine S.R.L.,"Corso Buenos Aires, 23",Milano,45.45963855801884,9.188691094007545,2024,"['Salute Digitale', 'Servizi di Informazione']",180613,182014,10,True
SU01045,TechSolutions S.R.L.,"Via Brera, 13",Milano,45.50729163137639,9.176238183831682,2024,['Automotive Tech'],17606,115466,4,True
SU01046,NanoLogic S.R.L.,"Via Brera, 3",Milano,45.4458522964345,9.174565241329839,2023,['Software & Consulenza Informatica'],113536,21740,2,True
SU01047,InnovaAnalytics S.R.L.,"Via Milano, 87",Cremona,45.13171121019279,9.972643850481305,2022,['Servizi di Informazione'],10000,122119,0,True
SU01048,BioAnalytics S.R.L.,"Via Brera, 147",Milano,45.47096050994501,9.166240989428484,2024,['Blockchain'],10000,22937,0,True
SU01049,BioLab S.R.L.,"Corso Buenos Aires, 144",Milano,45.44511367517702,9.20931551474244,2019,['IoT'],16561,42316,7,True
SU01050,DigitalWorks S.R.L.,"Via Brera, 123",Bergamo,45.691705136822605,9.693016928263123,2023,"['Servizi di Informazione', 'Software & Consulenza Informatica', 'Energia Rinnovabile']",10000,430785,5,True
SU01051,FutureVision S.R.L.,"Via Garibaldi, 10",Milano,45.46110143592705,9.1839689991593,2022,"['Salute Digitale', 'Servizi di Informazione', 'Robotica']",10000,20039,1,True
SU01052,BioDynamics S.R.L.,"Via Dante, 82",Milano,45.47737381627811,9.157821469011088,2021,['E-commerce'],17259,1848327,9,True
SU01053,FutureVision S.R.L.,"Via Manzoni, 29",Milano,45.46536920913668,9.207926203715573,2019,['Marketing Digitale'],10000,13029,0,True
SU01054,NanoAnalytics S.R.L.,"Via Brera, 121",Milano,45.515943964856774,9.217206923101012,2022,"['Biotecnologie', 'Computer e Prodotti Elettronici', 'Intelligenza Artificiale']",20523,114772,1,True
SU01055,NanoSolutions S.R.L.,"Via Milano, 103",Bergamo,45.70122374680336,9.688543550520501,2022,"['E-commerce', 'Cleantech']",26143,1136741,20,True
SU01056,BioAnalytics S.R.L.,"Via Montenapoleone, 136",Milano,45.46480695049432,9.179613132528285,2023,['Salute Digitale'],50065,37011,15,True
SU01057,DataHub S.R.L.,"Via Manzoni, 11",Como,45.80657527373444,9.07417177635803,2020,['Fabbricazione Macchinari'],10000,28604,20,True
SU01058,FutureVision S.R.L.,"Via Roma, 120",Pavia,45.18691343219261,9.16900304144702,2022,"['Biotecnologie', 'Cybersecurity']",60368,16553,1,True
SU01059,TechSolutions S.R.L.,"Via Roma, 78",Milano,45.45803702851548,9.188206848441785,2021,['Fabbricazione Macchinari'],10000,430198,10,True
SU01060,BioLab S.R.L.,"Via Roma, 120",Brescia,45.52945881030331,10.223314984366334,2022,"['Servizi di Informazione', 'Biotecnologie']",10000,385318,20,False
SU01061,SmartLab S.R.L.,"Via Garibaldi, 121",Milano,45.461748455423546,9.223792289098524,2023,"['Computer e Prodotti Elettronici', 'Ricerca e Sviluppo', 'Blockchain']",12313,163450,3,True
SU01062,SmartVision S.R.L.,"Via Dante, 143",Milano,45.46629266605063,9.218866876973413,2024,"['IoT', 'Blockchain', 'Automazione Industriale']",26092,2782,1,True
SU01063,TechVision S.R.L.,"Via Manzoni, 93",Milano,45.46360569435857,9.188928879118897,2024,['Cleantech'],10000,4522,0,True
SU01064,BioHub S.R.L.,"Via Montenapoleone, 146",Cremona,45.12738699809822,9.998951876902927,2024,"['Energia Rinnovabile', 'Marketing Digitale', 'Biotecnologie']",28192,9586,6,True
SU01065,BioSystems S.R.L.,"Via Montenapoleone, 138",Milano,45.45570713342168,9.198244413871308,2020,['Servizi di Informazione'],10000,41959,1,True
SU01066,DataLogic S.R.L.,"Via Garibaldi, 67",Milano,45.44168745775886,9.179183986165889,2020,"['Software & Consulenza Informatica', 'E-commerce']",76769,60888,2,True
SU01067,GreenDynamics S.R.L.,"Via Brera, 79",Como,45.772832968963776,9.064994057508297,2020,"['Robotica', 'Biotecnologie']",12080,127348,6,True
SU01068,SmartDynamics S.R.L.,"Via Garibaldi, 96",Brescia,45.55897308116874,10.21587384556953,2023,['Cybersecurity'],10000,4626,1,True
SU01069,BioDynamics S.R.L.,"Via Dante, 83",Milano,45.44567122201088,9.210128879798065,2023,"['Energia Rinnovabile', 'Automotive Tech', 'Marketing Digitale']",20469,29313,1,True
SU01070,GreenHub S.R.L.,"Via Roma, 95",Bergamo,45.72528946210524,9.658170657125208,2022,"['IoT', 'Cybersecurity', 'Robotica']",15167,16591,0,True
SU01071,TechHub S.R.L.,"Via Milano, 8",Bergamo,45.68292345869216,9.683305716328348,2019,['E-commerce'],13628,159441,0,True
SU01072,CyberLogic S.R.L.,"Via Roma, 139",Milano,45.482669489504424,9.175589189514,2020,"['IoT', 'Automazione Industriale']",13340,34273,4,True
SU01073,InnovaHub S.R.L.,"Via Montenapoleone, 42",Como,45.80031282854698,9.08528776523505,2025,"['Biotecnologie', 'Robotica', 'Cybersecurity']",130079,488863,6,True
SU01074,InnovaHub S.R.L.,"Corso Buenos Aires, 140",Milano,45.46538716020181,9.184755949170716,2023,"['Salute Digitale', 'Cybersecurity']",14413,49529,1,False
SU01075,InnovaLogic S.R.L.,"Via Garibaldi, 102",Bergamo,45.71016064604058,9.683741990156614,2024,"['Aerospace', 'Computer e Prodotti Elettronici']",10000,48064,3,True
SU01076,FutureSystems S.R.L.,"Via Dante, 99",Cremona,45.124585867230714,10.034212369651947,2024,"['Servizi di Informazione', 'Marketing Digitale']",22282,194897,6,True
SU01077,InnovaWorks S.R.L.,"Via Manzoni, 62",Milano,45.481786345829775,9.177208365317615,2024,['Energia Rinnovabile'],10000,2384,5,True
SU01078,CyberDynamics S.R.L.,"Via Montenapoleone, 119",Bergamo,45.680087676045915,9.69327662868547,2023,"['Fabbricazione Macchinari', 'Cybersecurity']",17050,61360,2,True
SU01079,DataLab S.R.L.,"Corso Buenos Aires, 68",Milano,45.49649536633687,9.189880912448503,2022,"['Energia Rinnovabile', 'Aerospace']",10000,549734,1,True
SU01080,NanoHub S.R.L.,"Via Garibaldi, 89",Milano,45.45748279705517,9.191043177950801,2021,['Cleantech'],11577,510707,4,False
SU01081,NanoLogic S.R.L.,"Corso Buenos Aires, 36",Milano,45.473818872765506,9.205533044863849,2022,"['Automazione Industriale', 'Intelligenza Artificiale']",17473,111398,4,True
SU01082,DigitalVision S.R.L.,"Via Roma, 58",Milano,45.47811344654574,9.172788065016478,2021,['Automotive Tech'],12512,75538,2,True
SU01083,FutureSystems S.R.L.,"Via Brera, 49",Bergamo,45.712978157637295,9.65437816079094,2023,"['Robotica', 'Servizi di Informazione', 'Automotive Tech']",10808,27632,0,True
SU01084,InnovaLab S.R.L.,"Via Milano, 106",Milano,45.47137688765187,9.153255295704206,2020,['Automotive Tech'],12568,33532,30,True
SU01085,TechLogic S.R.L.,"Via Dante, 143",Milano,45.441283177206444,9.191231888831673,2024,['Intelligenza Artificiale'],10000,16452,0,True
SU01086,SmartWorks S.R.L.,"Corso Buenos Aires, 114",Milano,45.45997115624717,9.19589068945747,2019,['Servizi di Informazione'],10000,900693,7,False
SU01087,BioSolutions S.R.L.,"Via Brera, 47",Milano,45.47983686626487,9.167783827524888,2024,"['Software & Consulenza Informatica', 'Ricerca e Sviluppo', 'Salute Digitale']",13364,269368,6,True
SU01088,DigitalWorks S.R.L.,"Corso Buenos Aires, 130",Milano,45.49290284471162,9.207822572793653,2019,"['E-commerce', 'Energia Rinnovabile']",14568,591551,4,True
SU01089,SmartWorks S.R.L.,"Via Roma, 107",Bergamo,45.680824342257836,9.66975878365636,2023,"['Software & Consulenza Informatica', 'Fabbricazione Macchinari', 'Intelligenza Artificiale']",75296,208897,5,True
SU01090,BioWorks S.R.L.,"Via Brera, 14",Cremona,45.1237505295453,9.993920381800189,2022,['Computer e Prodotti Elettronici'],22533,91020,0,True
SU01091,DigitalEngine S.R.L.,"Via Brera, 75",Brescia,45.54806787710132,10.212801802971416,2020,"['Automazione Industriale', 'Cybersecurity', 'Computer e Prodotti Elettronici']",11908,6691,1,False
SU01092,BioVision S.R.L.,"Via Brera, 131",Milano,45.44678151557205,9.206399431798406,2021,"['E-commerce', 'Ricerca e Sviluppo', 'Computer e Prodotti Elettronici']",57589,514013,3,True
SU01093,DataLogic S.R.L.,"Via Garibaldi, 138",Bergamo,45.70753894841235,9.69274017480579,2022,['Servizi di Informazione'],37007,25927,4,True
SU01094,BioLogic S.R.L.,"Via Garibaldi, 29",Milano,45.46614101971645,9.193185340451315,2020,['Salute Digitale'],10000,232751,2,True
SU01095,InnovaSolutions S.R.L.,"Via Brera, 10",Milano,45.47418790267234,9.18435615130713,2021,['Ricerca e Sviluppo'],10000,263193,3,True
SU01096,GreenHub S.R.L.,"Via Dante, 38",Milano,45.43081667013672,9.221260357857188,2021,"['Marketing Digitale', 'Servizi di Informazione', 'Automazione Industriale']",11349,51390,0,True
SU01097,SmartWorks S.R.L.,"Via Montenapoleone, 54",Milano,45.46448067467764,9.176008346070054,2022,"['Marketing Digitale', 'Salute Digitale']",14286,36891,1,True
SU01098,InnovaDynamics S.R.L.,"Via Manzoni, 128",Bergamo,45.73227440908039,9.69630572473785,2022,"['Software & Consulenza Informatica', 'Fintech']",10000,649687,3,True
SU01099,BioEngine S.R.L.,"Via Milano, 67",Cremona,45.176171945590816,10.01293338441312,2024,"['Ricerca e Sviluppo', 'E-commerce', 'Marketing Digitale']",115190,7710,1,True
SU01100,DataLogic S.R.L.,"Corso Buenos Aires, 64",Bergamo,45.70911180197644,9.701737185009643,2021,"['Intelligenza Artificiale', 'Aerospace', 'Biotecnologie']",10000,76562,3,True
SU01101,TechLogic S.R.L.,"Via Roma, 129",Milano,45.474182372962545,9.203469062166318,2020,"['Cleantech', 'Computer e Prodotti Elettronici']",10534,204848,3,True
SU01102,TechVision S.R.L.,"Via Montenapoleone, 81",Como,45.80026355695239,9.065044178918246,2019,"['Biotecnologie', 'Aerospace']",131302,5000000,2,True
SU01103,GreenLab S.R.L.,"Via Milano, 24",Milano,45.44288546529384,9.185993813882842,2023,"['Servizi di Informazione', 'IoT']",10000,800902,2,True
SU01104,SmartDynamics S.R.L.,"Via Dante, 16",Cremona,45.12974781710711,10.002362109715248,2024,['Aerospace'],10000,112978,4,True
SU01105,InnovaVision S.R.L.,"Via Brera, 18",Como,45.81259698777411,9.070600532098466,2022,"['E-commerce', 'Cybersecurity']",10000,556833,3,True
SU01106,CyberLab S.R.L.,"Via Brera, 19",Milano,45.43116241467472,9.199341625595679,2020,"['Energia Rinnovabile', 'E-commerce']",44464,95021,0,False
SU01107,InnovaVision S.R.L.,"Via Roma, 118",Milano,45.49104919778813,9.213419929864084,2021,"['E-commerce', 'Salute Digitale']",19330,14445,7,True
SU01108,DataWorks S.R.L.,"Via Roma, 98",Milano,45.424057888919464,9.176913083785298,2020,"['Cybersecurity', 'Cleantech', 'Computer e Prodotti Elettronici']",55118,75603,8,True
SU01109,BioDynamics S.R.L.,"Via Brera, 115",Milano,45.47430709261983,9.180718749397426,2023,"['Cybersecurity', 'Biotecnologie', 'Robotica']",14887,717142,0,True
SU01110,CyberSolutions S.R.L.,"Via Roma, 79",Milano,45.47590337488418,9.187255496468829,2024,['Marketing Digitale'],11734,18654,3,True
SU01111,SmartAnalytics S.R.L.,"Corso Buenos Aires, 59",Lecco,45.86668412526017,9.354753792023988,2024,"['Ricerca e Sviluppo', 'Biotecnologie']",26475,33013,1,True
SU01112,DataDynamics S.R.L.,"Via Manzoni, 74",Milano,45.459954871566524,9.187811518724054,2022,"['Energia Rinnovabile', 'Marketing Digitale']",10000,685248,2,True
SU01113,NanoSolutions S.R.L.,"Via Brera, 110",Milano,45.47075151324265,9.207592065061265,2022,"['Aerospace', 'Cleantech']",43242,956304,1,True
SU01114,SmartDynamics S.R.L.,"Corso Buenos Aires, 112",Milano,45.443260587294,9.194815511219899,2023,['Automazione Industriale'],59802,214877,7,True
SU01115,DataVision S.R.L.,"Via Dante, 131",Milano,45.44303876565419,9.179121204660568,2020,"['Salute Digitale', 'Fabbricazione Macchinari', 'Automazione Industriale']",16491,773770,3,True
SU01116,NanoVision S.R.L.,"Via Milano, 28",Bergamo,45.73112335818945,9.666801846051873,2022,"['IoT', 'Biotecnologie']",13244,48343,1,True
SU01117,DigitalHub S.R.L.,"Via Dante, 114",Milano,45.469229800693256,9.1963335931958,2023,"['Biotecnologie', 'Automotive Tech']",10000,73444,1,True
SU01118,DigitalLogic S.R.L.,"Via Brera, 1",Milano,45.468958719634436,9.23085602036813,2019,['Ricerca e Sviluppo'],24654,7449,3,True
SU01119,CyberVision S.R.L.,"Via Milano, 48",Milano,45.485426887435054,9.194024498620418,2021,['Computer e Prodotti Elettronici'],19205,7140,1,True
SU01120,FutureVision S.R.L.,"Via Milano, 130",Milano,45.46722695135026,9.193071805126895,2023,"['IoT', 'Marketing Digitale']",27628,45019,1,True
SU01121,InnovaSolutions S.R.L.,"Via Montenapoleone, 90",Como,45.821123742378056,9.084016005566909,2020,['Cybersecurity'],36698,3046,0,True
SU01122,SmartWorks S.R.L.,"Via Milano, 2",Bergamo,45.698787581948345,9.664770422232653,2022,['E-commerce'],10000,248053,0,True
SU01123,NanoLogic S.R.L.,"Via Roma, 122",Bergamo,45.69645939932822,9.672998980851748,2022,"['Computer e Prodotti Elettronici', 'Intelligenza Artificiale', 'Ricerca e Sviluppo']",11807,48635,10,True
SU01124,TechWorks S.R.L.,"Via Brera, 13",Milano,45.46427731869664,9.16168214525867,2021,['Computer e Prodotti Elettronici'],213785,42182,4,True
SU01125,BioEngine S.R.L.,"Via Milano, 129",Brescia,45.5403184736532,10.17372222936296,2022,['Cleantech'],31603,30079,7,True
SU01126,GreenSolutions S.R.L.,"Corso Buenos Aires, 126",Milano,45.456155436259806,9.18151928689375,2021,['Ricerca e Sviluppo'],54562,263602,30,True
SU01127,FutureAnalytics S.R.L.,"Via Brera, 142",Cremona,45.15793669812011,10.037242275266776,2022,['IoT'],12166,87195,3,True
SU01128,FutureLogic S.R.L.,"Via Milano, 134",Lodi,45.29917516558464,9.51658057252985,2022,['Marketing Digitale'],31372,64278,2,True
SU01129,SmartWorks S.R.L.,"Via Milano, 41",Milano,45.470864406012645,9.222942483332723,2024,['Robotica'],10000,74523,2,True
SU01130,BioHub S.R.L.,"Via Milano, 80",Milano,45.502724896672476,9.21135553185075,2023,"['Cybersecurity', 'Software & Consulenza Informatica', 'E-commerce']",71885,5000000,1,True
SU01131,DigitalAnalytics S.R.L.,"Via Milano, 103",Bergamo,45.65788810934921,9.64601896013239,2021,['IoT'],10000,214462,3,True
SU01132,NanoLogic S.R.L.,"Via Montenapoleone, 88",Brescia,45.53937774571855,10.205496833873696,2021,"['Fintech', 'Salute Digitale', 'Fabbricazione Macchinari']",72859,27258,0,True
SU01133,TechVision S.R.L.,"Via Garibaldi, 35",Milano,45.45455284010881,9.170711334648686,2023,['Software & Consulenza Informatica'],12901,11601,1,True
SU01134,InnovaEngine S.R.L.,"Corso Buenos Aires, 47",Milano,45.42743460531205,9.192191645008768,2021,['Aerospace'],57326,300640,0,True
SU01135,BioAnalytics S.R.L.,"Via Milano, 94",Milano,45.45875466855903,9.19869882434284,2022,"['Intelligenza Artificiale', 'Software & Consulenza Informatica']",10000,2446121,6,True
SU01136,TechLogic S.R.L.,"Via Garibaldi, 135",Milano,45.4423797108071,9.190663066089304,2024,"['Biotecnologie', 'IoT']",10000,9318,1,True
SU01137,FutureEngine S.R.L.,"Via Manzoni, 70",Brescia,45.53122220260363,10.232678723408455,2019,"['Cybersecurity', 'Blockchain', 'Aerospace']",17670,81518,2,True
SU01138,DigitalVision S.R.L.,"Via Manzoni, 43",Lodi,45.293087063871624,9.533745333040807,2021,['Blockchain'],74439,534186,1,True
SU01139,CyberLogic S.R.L.,"Via Montenapoleone, 42",Cremona,45.12448901158824,10.035275641992607,2024,"['Cybersecurity', 'Software & Consulenza Informatica']",10000,247118,5,True
SU01140,NanoHub S.R.L.,"Via Montenapoleone, 135",Milano,45.47461646371972,9.214443642330103,2021,"['Fintech', 'IoT']",21197,170179,3,False
SU01141,TechLogic S.R.L.,"Corso Buenos Aires, 107",Milano,45.48723241213628,9.19556519397258,2019,"['Intelligenza Artificiale', 'Fabbricazione Macchinari']",47826,17522,1,True
SU01142,FutureLab S.R.L.,"Via Roma, 63",Mantova,45.14951490982746,10.792352393130816,2022,"['Fintech', 'Servizi di Informazione']",18833,28600,3,True
SU01143,GreenVision S.R.L.,"Via Brera, 134",Como,45.797525567343264,9.09694228794142,2020,"['Computer e Prodotti Elettronici', 'Intelligenza Artificiale']",46120,221592,8,False
SU01144,DataWorks S.R.L.,"Via Brera, 85",Milano,45.46026254509674,9.176708535723666,2024,"['Fabbricazione Macchinari', 'Intelligenza Artificiale']",10000,37059,2,True
SU01145,SmartHub S.R.L.,"Via Milano, 104",Milano,45.47558387847051,9.1903431621653,2025,['Intelligenza Artificiale'],27642,1337535,1,True
SU01146,SmartAnalytics S.R.L.,"Via Brera, 135",Pavia,45.16203345546726,9.139170346795646,2021,"['Salute Digitale', 'Energia Rinnovabile']",12100,179995,1,True
SU01147,InnovaWorks S.R.L.,"Via Roma, 63",Milano,45.45956081601113,9.172075799424459,2019,"['Ricerca e Sviluppo', 'Robotica']",10000,32033,3,True
SU01148,GreenWorks S.R.L.,"Via Dante, 123",Cremona,45.10523035460411,10.036231608402776,2021,['Aerospace'],10000,68052,1,True
SU01149,GreenEngine S.R.L.,"Via Montenapoleone, 84",Bergamo,45.73134906292861,9.693372360925704,2020,"['Robotica', 'Fintech']",24573,130343,1,True
SU01150,CyberSolutions S.R.L.,"Via Roma, 16",Milano,45.45256359502326,9.186151937228486,2019,"['Ricerca e Sviluppo', 'Computer e Prodotti Elettronici']",10000,886706,5,True
SU01151,GreenSolutions S.R.L.,"Via Manzoni, 70",Bergamo,45.683567781329856,9.67646012297543,2019,"['Fintech', 'Software & Consulenza Informatica']",18607,793403,6,True
SU01152,GreenSolutions S.R.L.,"Via Dante, 18",Milano,45.43951188684476,9.158531303220188,2024,"['IoT', 'Fabbricazione Macchinari']",10000,4722,6,True
SU01153,DataLab S.R.L.,"Via Brera, 127",Bergamo,45.73152045815025,9.697421957644625,2020,"['Automotive Tech', 'Cybersecurity']",10000,318304,0,True
SU01154,DigitalSolutions S.R.L.,"Via Dante, 145",Milano,45.47819796341739,9.159468253517144,2021,['Blockchain'],10000,9974,4,True
SU01155,FutureVision S.R.L.,"Via Roma, 121",Bergamo,45.70639408225321,9.678596477975109,2020,['Automazione Industriale'],10000,846593,6,True
SU01156,InnovaDynamics S.R.L.,"Via Roma, 119",Brescia,45.531533369332145,10.173866571804588,2024,['Robotica'],11547,564482,1,True
SU01157,SmartDynamics S.R.L.,"Via Manzoni, 8",Bergamo,45.69137214022626,9.724776050078855,2024,"['Intelligenza Artificiale', 'IoT', 'Energia Rinnovabile']",10000,38243,0,False
SU01158,CyberSolutions S.R.L.,"Via Dante, 100",Milano,45.46091689133012,9.197512424634061,2024,['IoT'],18467,104150,5,True
SU01159,GreenSystems S.R.L.,"Corso Buenos Aires, 18",Milano,45.45927583046329,9.189648371027236,2024,"['Biotecnologie', 'Robotica', 'Servizi di Informazione']",10000,133409,6,True
SU01160,InnovaLab S.R.L.,"Via Dante, 89",Sondrio,46.1440142189716,9.90641041806176,2020,"['Software & Consulenza Informatica', 'Cybersecurity']",48382,2796496,2,True
SU01161,InnovaAnalytics S.R.L.,"Via Garibaldi, 120",Milano,45.43908730742274,9.185803717299013,2023,"['Intelligenza Artificiale', 'Servizi di Informazione']",15163,34390,6,True
SU01162,InnovaVision S.R.L.,"Via Dante, 148",Milano,45.461791142747174,9.197156421250398,2023,['E-commerce'],10000,56111,0,True
SU01163,DataLab S.R.L.,"Corso Buenos Aires, 16",Sondrio,46.15388977685362,9.851011969780053,2024,"['Energia Rinnovabile', 'Aerospace', 'Fabbricazione Macchinari']",124426,13503,1,True
SU01164,InnovaDynamics S.R.L.,"Via Brera, 112",Milano,45.45191094147446,9.191466196889332,2022,['Servizi di Informazione'],73166,42275,1,True
SU01165,GreenEngine S.R.L.,"Corso Buenos Aires, 14",Milano,45.49266127983623,9.181813444169173,2021,"['Biotecnologie', 'Fintech', 'Servizi di Informazione']",22318,41369,1,True
SU01166,TechHub S.R.L.,"Via Dante, 26",Brescia,45.56600164553706,10.233426393434081,2022,"['Computer e Prodotti Elettronici', 'Fintech', 'Aerospace']",10000,692143,2,True
SU01167,GreenSystems S.R.L.,"Via Dante, 137",Milano,45.488182802212165,9.185451775738848,2022,['Ricerca e Sviluppo'],34064,676670,3,True
SU01168,DataEngine S.R.L.,"Via Milano, 62",Milano,45.458116461651834,9.191255916987908,2020,"['E-commerce', 'Aerospace']",135715,29566,3,True
SU01169,SmartSystems S.R.L.,"Via Dante, 21",Milano,45.477228996720264,9.209178613771389,2021,"['Cleantech', 'Ricerca e Sviluppo']",27176,220422,1,True
SU01170,SmartSystems S.R.L.,"Via Milano, 115",Milano,45.444582813434586,9.163586328979111,2023,['Blockchain'],10000,664700,5,True
SU01171,NanoHub S.R.L.,"Via Brera, 17",Pavia,45.19480667887748,9.139816044652445,2023,"['Salute Digitale', 'E-commerce']",10000,7126,0,True
SU01172,DataHub S.R.L.,"Via Garibaldi, 109",Milano,45.480739823249884,9.173564007346924,2024,"['Computer e Prodotti Elettronici', 'Cleantech', 'Fintech']",10000,273295,1,True
SU01173,DigitalSystems S.R.L.,"Via Brera, 23",Brescia,45.55150360881697,10.199674375023013,2024,['Aerospace'],10000,238735,6,True
SU01174,GreenHub S.R.L.,"Via Milano, 136",Milano,45.461955444606346,9.166560778866208,2022,"['Fintech', 'Servizi di Informazione', 'Marketing Digitale']",17231,129729,3,True
SU01175,NanoSolutions S.R.L.,"Via Roma, 7",Bergamo,45.728441940675275,9.690589884201456,2019,['Intelligenza Artificiale'],10000,23529,2,True
SU01176,GreenSolutions S.R.L.,"Via Montenapoleone, 124",Milano,45.48224174228956,9.211029659224653,2024,"['Biotecnologie', 'Robotica']",10000,534130,0,True
SU01177,InnovaVision S.R.L.,"Corso Buenos Aires, 13",Milano,45.49648595716379,9.213901697792679,2022,['Computer e Prodotti Elettronici'],31431,1570064,15,True
SU01178,BioLab S.R.L.,"Via Milano, 70",Milano,45.410856208241896,9.202672636562482,2021,['E-commerce'],10000,45425,1,True
SU01179,BioSystems S.R.L.,"Via Montenapoleone, 73",Brescia,45.56379544762718,10.197014825510319,2019,"['Automazione Industriale', 'Biotecnologie', 'Servizi di Informazione']",52189,161750,0,True
SU01180,BioSystems S.R.L.,"Corso Buenos Aires, 20",Brescia,45.54243602900171,10.203610638828438,2022,"['Robotica', 'E-commerce', 'IoT']",28357,297861,1,True
SU01181,InnovaVision S.R.L.,"Via Roma, 132",Milano,45.46385365035443,9.197117032183018,2023,"['Aerospace', 'Software & Consulenza Informatica']",11719,33022,2,True
SU01182,BioSolutions S.R.L.,"Via Dante, 65",Sondrio,46.16554189103809,9.855249431749803,2019,"['Fabbricazione Macchinari', 'Salute Digitale']",66155,630935,1,True
SU01183,DigitalDynamics S.R.L.,"Via Roma, 37",Brescia,45.52367551206364,10.21240977628571,2025,"['Intelligenza Artificiale', 'E-commerce']",32756,54726,1,False
SU01184,BioWorks S.R.L.,"Via Garibaldi, 85",Milano,45.47585861014683,9.171113583297423,2024,"['Fabbricazione Macchinari', 'Aerospace', 'Robotica']",28104,69709,4,True
SU01185,NanoAnalytics S.R.L.,"Corso Buenos Aires, 35",Milano,45.44086615608121,9.212810326696923,2020,"['Robotica', 'Automazione Industriale']",10000,2333488,0,True
SU01186,GreenDynamics S.R.L.,"Via Garibaldi, 21",Milano,45.41809394191317,9.213362337669713,2022,['E-commerce'],10000,1342485,4,True
SU01187,DataLab S.R.L.,"Via Manzoni, 122",Brescia,45.51073766290378,10.191734210178087,2023,"['Servizi di Informazione', 'Cybersecurity']",58945,146632,4,False
SU01188,FutureWorks S.R.L.,"Via Dante, 110",Milano,45.48225241357465,9.16457256297867,2023,"['Energia Rinnovabile', 'E-commerce']",11834,59573,8,True
SU01189,CyberEngine S.R.L.,"Via Roma, 55",Como,45.79660405407506,9.098655236818013,2023,['Cybersecurity'],42364,149032,7,True
SU01190,DigitalHub S.R.L.,"Via Montenapoleone, 10",Milano,45.48040644568407,9.186524539061587,2020,"['Computer e Prodotti Elettronici', 'Marketing Digitale']",22896,211858,3,True
SU01191,SmartEngine S.R.L.,"Via Montenapoleone, 147",Milano,45.447710515215185,9.178640476680858,2022,['Ricerca e Sviluppo'],14265,5828,0,True
SU01192,NanoEngine S.R.L.,"Via Brera, 103",Milano,45.47632241833815,9.185555531839062,2022,"['IoT', 'Cybersecurity']",11952,28883,5,True
SU01193,InnovaWorks S.R.L.,"Via Brera, 61",Milano,45.42989361462302,9.216035855332908,2021,"['Marketing Digitale', 'E-commerce']",136491,13108,9,True
SU01194,BioSystems S.R.L.,"Via Brera, 18",Milano,45.42399744536437,9.19422327069525,2022,"['Cleantech', 'Biotecnologie']",16059,25023,3,True
SU01195,CyberAnalytics S.R.L.,"Via Milano, 14",Brescia,45.53051832106051,10.234905272718136,2019,['Fintech'],14665,110859,1,True
SU01196,TechHub S.R.L.,"Via Milano, 119",Milano,45.46514645477996,9.191034984069837,2024,"['Intelligenza Artificiale', 'Marketing Digitale']",11890,73561,5,True
SU01197,NanoSystems S.R.L.,"Via Montenapoleone, 69",Bergamo,45.66837809017211,9.607399095550228,2022,"['Cybersecurity', 'Fintech']",15052,90768,7,True
SU01198,InnovaEngine S.R.L.,"Corso Buenos Aires, 57",Brescia,45.548762853556084,10.229057921044706,2020,"['E-commerce', 'Fintech']",10000,223021,4,True
SU01199,InnovaSolutions S.R.L.,"Via Roma, 30",Lecco,45.859602063823104,9.390136096943792,2025,"['IoT', 'Biotecnologie']",10000,25826,2,False
SU01200,InnovaLab S.R.L.,"Via Dante, 41",Milano,45.5066201844054,9.19785007819041,2021,['Servizi di Informazione'],23947,29477,4,True
SU01201,GreenWorks S.R.L.,"Via Milano, 56",Milano,45.48471852129648,9.202100929715554,2025,['Fintech'],10000,74099,6,True
SU01202,DataAnalytics S.R.L.,"Via Dante, 106",Milano,45.48926302801704,9.199758255042557,2020,"['E-commerce', 'IoT']",21857,26333,3,True
SU01203,DigitalLogic S.R.L.,"Via Dante, 93",Milano,45.429525035415445,9.157181558847636,2021,"['Computer e Prodotti Elettronici', 'Salute Digitale']",10000,25138,1,True
SU01204,DataEngine S.R.L.,"Via Montenapoleone, 96",Milano,45.47811939886562,9.197058566865802,2024,['Fabbricazione Macchinari'],10000,132218,10,True
SU01205,InnovaLab S.R.L.,"Via Roma, 36",Milano,45.47770424860827,9.16989784998324,2023,['Servizi di Informazione'],10000,70885,3,True
SU01206,CyberVision S.R.L.,"Via Montenapoleone, 46",Como,45.83329235978338,9.085033676739593,2023,['IoT'],20521,61778,2,True
SU01207,DataSolutions S.R.L.,"Via Milano, 142",Milano,45.44060172075013,9.207360617138214,2022,"['Intelligenza Artificiale', 'Blockchain', 'Cybersecurity']",13293,660938,1,False
SU01208,FutureAnalytics S.R.L.,"Via Milano, 38",Milano,45.49552270520034,9.17829421262032,2021,"['Blockchain', 'Energia Rinnovabile']",34039,477565,0,True
SU01209,GreenSystems S.R.L.,"Via Manzoni, 46",Brescia,45.53950291570659,10.210653384575838,2022,['Automotive Tech'],10000,1041817,1,True
SU01210,NanoSolutions S.R.L.,"Via Garibaldi, 125",Milano,45.462342913657814,9.169994382349227,2024,"['Automazione Industriale', 'Computer e Prodotti Elettronici']",15208,20222,3,True
SU01211,NanoLab S.R.L.,"Corso Buenos Aires, 79",Bergamo,45.64540608211581,9.632223555846833,2021,"['Marketing Digitale', 'Servizi di Informazione']",73123,210047,1,True
SU01212,SmartLogic S.R.L.,"Corso Buenos Aires, 2",Milano,45.5033898111352,9.194995224165629,2025,['Blockchain'],14349,109849,1,True
SU01213,NanoWorks S.R.L.,"Via Dante, 9",Bergamo,45.67684605686158,9.686069027833394,2021,"['Fabbricazione Macchinari', 'Robotica']",166950,402021,2,True
SU01214,FutureSolutions S.R.L.,"Via Dante, 111",Milano,45.50548988779687,9.203276071574127,2019,"['Robotica', 'IoT', 'Ricerca e Sviluppo']",10156,15802,1,True
SU01215,DigitalHub S.R.L.,"Via Roma, 76",Milano,45.457498634561446,9.163729932134604,2020,['Marketing Digitale'],10000,353594,8,True
SU01216,SmartLab S.R.L.,"Via Milano, 61",Bergamo,45.67258650294402,9.642902104664072,2023,"['Automazione Industriale', 'Ricerca e Sviluppo', 'Software & Consulenza Informatica']",28238,61577,3,True
SU01217,DigitalDynamics S.R.L.,"Via Milano, 32",Milano,45.45691117993789,9.197231257371124,2021,"['Biotecnologie', 'Servizi di Informazione', 'Aerospace']",10000,14348,1,True
SU01218,SmartDynamics S.R.L.,"Via Montenapoleone, 65",Milano,45.47669957398356,9.18144019103149,2020,"['Robotica', 'Energia Rinnovabile']",41468,754520,7,True
SU01219,DigitalSolutions S.R.L.,"Via Manzoni, 142",Bergamo,45.693585636700135,9.700803111075498,2021,['Automazione Industriale'],10000,26122,2,True
SU01220,NanoDynamics S.R.L.,"Via Roma, 49",Milano,45.4825437888227,9.164536305084509,2022,"['Software & Consulenza Informatica', 'Ricerca e Sviluppo']",49532,4723,5,True
SU01221,DataLogic S.R.L.,"Corso Buenos Aires, 46",Milano,45.51229248984145,9.201963362679054,2025,"['Intelligenza Artificiale', 'Salute Digitale']",12815,378901,2,True
SU01222,BioAnalytics S.R.L.,"Via Brera, 71",Mantova,45.14271510539824,10.756664087360294,2021,"['Cybersecurity', 'Aerospace']",10000,647567,3,True
SU01223,GreenLogic S.R.L.,"Via Montenapoleone, 54",Bergamo,45.699236921447906,9.692245521677444,2019,"['Aerospace', 'Blockchain']",18575,102691,1,True
SU01224,DigitalVision S.R.L.,"Via Manzoni, 55",Milano,45.441059884191176,9.171218941201568,2021,['Robotica'],10000,290506,3,True
SU01225,GreenWorks S.R.L.,"Via Montenapoleone, 19",Milano,45.467697754735255,9.175680159423592,2019,"['Automazione Industriale', 'Aerospace']",25110,83432,6,True
SU01226,GreenEngine S.R.L.,"Via Brera, 101",Milano,45.49670445490576,9.235136288050503,2023,"['Biotecnologie', 'Automazione Industriale', 'Servizi di Informazione']",29194,3391,1,True
SU01227,InnovaLab S.R.L.,"Via Garibaldi, 98",Milano,45.44489015618004,9.198449692438684,2024,['Automazione Industriale'],11661,345629,7,True
SU01228,DataLogic S.R.L.,"Via Garibaldi, 33",Milano,45.475194723747734,9.147779732623592,2022,"['Computer e Prodotti Elettronici', 'Software & Consulenza Informatica', 'Automazione Industriale']",14274,353476,1,True
SU01229,NanoWorks S.R.L.,"Via Manzoni, 10",Milano,45.45186433751558,9.196185492861666,2023,"['Marketing Digitale', 'Software & Consulenza Informatica']",10000,18606,0,True
SU01230,BioSystems S.R.L.,"Corso Buenos Aires, 4",Como,45.843873793324995,9.064217921254235,2022,"['Automotive Tech', 'Intelligenza Artificiale', 'Salute Digitale']",94453,47270,8,True
SU01231,SmartLab S.R.L.,"Via Manzoni, 48",Milano,45.48743990535163,9.194441422333359,2020,['Robotica'],13719,91673,2,False
SU01232,SmartWorks S.R.L.,"Via Roma, 36",Bergamo,45.663777777695344,9.664222288292251,2021,"['Computer e Prodotti Elettronici', 'Cleantech']",10573,104185,2,True
SU01233,NanoLab S.R.L.,"Via Milano, 142",Milano,45.445144348701454,9.166963533453874,2021,"['IoT', 'Blockchain', 'Fintech']",10000,3151,7,True
SU01234,InnovaEngine S.R.L.,"Via Dante, 23",Mantova,45.17509524969527,10.789275807651165,2024,['Computer e Prodotti Elettronici'],29904,17649,1,True
SU01235,InnovaDynamics S.R.L.,"Corso Buenos Aires, 142",Milano,45.453798801480374,9.163690039203404,2023,['Cybersecurity'],166836,608974,1,True
SU01236,FutureVision S.R.L.,"Via Dante, 47",Bergamo,45.69365716293544,9.669328895566975,2021,"['E-commerce', 'Salute Digitale']",11051,180994,1,True
SU01237,NanoWorks S.R.L.,"Corso Buenos Aires, 56",Milano,45.428252286557424,9.159764909623169,2022,"['Intelligenza Artificiale', 'Automotive Tech']",10000,20950,0,True
SU01238,DataWorks S.R.L.,"Via Roma, 41",Milano,45.45798445642424,9.18347879355096,2021,['Cleantech'],61117,16469,2,True
SU01239,FutureWorks S.R.L.,"Via Roma, 142",Milano,45.44391365638042,9.206215187195113,2022,"['E-commerce', 'Automazione Industriale']",10000,2009275,30,True
SU01240,InnovaHub S.R.L.,"Via Montenapoleone, 139",Milano,45.4815512430336,9.171045268432643,2022,['Automazione Industriale'],15721,143559,1,True
SU01241,GreenLogic S.R.L.,"Via Manzoni, 27",Cremona,45.141576528379474,9.998140747530071,2020,['E-commerce'],10000,68668,0,True
SU01242,GreenWorks S.R.L.,"Via Brera, 102",Milano,45.46052835421013,9.197368596168696,2022,"['Fintech', 'Automotive Tech']",18394,487636,3,True
SU01243,FutureLogic S.R.L.,"Via Roma, 36",Milano,45.447651695718285,9.204239498808299,2022,['Fabbricazione Macchinari'],10000,316594,0,True
SU01244,SmartEngine S.R.L.,"Via Brera, 127",Bergamo,45.716330359964765,9.683897851947625,2025,"['Intelligenza Artificiale', 'Fintech']",108535,9527,1,True
SU01245,NanoDynamics S.R.L.,"Via Roma, 92",Bergamo,45.720319972896306,9.643869182270553,2024,['Computer e Prodotti Elettronici'],11894,26926,6,True
SU01246,InnovaHub S.R.L.,"Via Brera, 120",Milano,45.44437456292292,9.180737034590381,2024,['Software & Consulenza Informatica'],10000,136413,1,False
SU01247,DigitalLogic S.R.L.,"Via Montenapoleone, 72",Milano,45.451769199991716,9.18202876154254,2022,"['Automazione Industriale', 'Robotica']",22522,79633,1,True
SU01248,GreenHub S.R.L.,"Via Manzoni, 62",Milano,45.448498985170176,9.206159405318308,2021,"['Aerospace', 'Salute Digitale']",10000,53431,1,True
SU01249,SmartVision S.R.L.,"Corso Buenos Aires, 95",Milano,45.52580496298141,9.211955494252818,2022,['Energia Rinnovabile'],10000,2043599,0,True
SU01250,CyberDynamics S.R.L.,"Via Milano, 56",Cremona,45.13417985192655,9.999416950932755,2019,"['Cybersecurity', 'Marketing Digitale']",31573,263321,2,True
SU01251,FutureSystems S.R.L.,"Via Manzoni, 130",Milano,45.45640836530567,9.165729651271588,2024,"['Automotive Tech', 'IoT']",16802,45817,15,False
SU01252,SmartSystems S.R.L.,"Via Dante, 81",Milano,45.46960642491687,9.187366524350892,2020,"['Software & Consulenza Informatica', 'Computer e Prodotti Elettronici']",10000,52339,8,True
SU01253,GreenDynamics S.R.L.,"Via Brera, 138",Milano,45.47742244108536,9.192863211463575,2023,['Cleantech'],25595,484774,3,True
SU01254,GreenAnalytics S.R.L.,"Via Brera, 39",Milano,45.474454676462585,9.193457294691585,2024,"['IoT', 'Cleantech', 'Automotive Tech']",42214,26171,1,True
SU01255,CyberLogic S.R.L.,"Via Dante, 49",Milano,45.44253447704821,9.183681182983083,2022,"['E-commerce', 'IoT']",37830,1141361,3,True
SU01256,DigitalSolutions S.R.L.,"Via Montenapoleone, 82",Sondrio,46.156343915069044,9.851651160463346,2024,['Aerospace'],10000,4066,3,True
SU01257,TechVision S.R.L.,"Via Manzoni, 98",Como,45.82703721546029,9.091575400622963,2025,['Automazione Industriale'],10000,12277,0,True
SU01258,FutureAnalytics S.R.L.,"Via Manzoni, 58",Milano,45.41593433257756,9.198911419878248,2022,['Servizi di Informazione'],16785,157232,3,True
SU01259,NanoLab S.R.L.,"Via Dante, 122",Milano,45.45319025472016,9.200260318615692,2020,['Intelligenza Artificiale'],10000,83419,2,True
SU01260,NanoSolutions S.R.L.,"Via Montenapoleone, 80",Milano,45.47165393039111,9.200813254109384,2022,"['Fabbricazione Macchinari', 'Intelligenza Artificiale']",30640,139484,6,True
SU01261,InnovaVision S.R.L.,"Via Milano, 130",Como,45.81098944036315,9.111746179163731,2024,"['E-commerce', 'Automotive Tech']",10000,31423,3,True
SU01262,BioEngine S.R.L.,"Via Roma, 4",Milano,45.462687246360964,9.189795196403189,2020,['Robotica'],25289,596586,25,True
SU01263,NanoVision S.R.L.,"Via Dante, 43",Milano,45.42209878496154,9.199628666539814,2023,['Aerospace'],27750,1214637,3,True
SU01264,TechVision S.R.L.,"Corso Buenos Aires, 136",Como,45.7691762996443,9.085055965913973,2023,['Energia Rinnovabile'],62539,66328,10,False
SU01265,FutureSolutions S.R.L.,"Via Garibaldi, 28",Cremona,45.15552148773786,10.07445660995521,2023,"['Automazione Industriale', 'Servizi di Informazione', 'Intelligenza Artificiale']",10000,888207,30,True
SU01266,NanoEngine S.R.L.,"Via Garibaldi, 65",Milano,45.473954425634936,9.177202424907046,2022,"['Intelligenza Artificiale', 'Blockchain']",33525,5000000,1,True
SU01267,GreenSystems S.R.L.,"Corso Buenos Aires, 146",Milano,45.470886809474756,9.173469292608878,2019,['Fintech'],10000,18141,7,False
SU01268,CyberSystems S.R.L.,"Via Manzoni, 17",Milano,45.44731378200145,9.200567655558368,2023,"['Ricerca e Sviluppo', 'Servizi di Informazione']",10000,27427,1,True
SU01269,SmartEngine S.R.L.,"Via Dante, 110",Varese,45.77303540534299,8.815491486217516,2019,['IoT'],69181,1398335,1,True
SU01270,DataAnalytics S.R.L.,"Via Dante, 38",Milano,45.46271375345579,9.20981430024313,2021,['Automazione Industriale'],12084,104189,0,True
SU01271,NanoLab S.R.L.,"Via Dante, 76",Milano,45.45571576169966,9.155927372210165,2025,"['Ricerca e Sviluppo', 'Marketing Digitale']",10000,38924,10,True
SU01272,DataWorks S.R.L.,"Via Dante, 63",Cremona,45.10103907775576,10.014404878583123,2022,"['Robotica', 'Fintech']",32707,487429,1,True
SU01273,CyberDynamics S.R.L.,"Via Milano, 15",Milano,45.46632379893666,9.170543306061557,2023,"['Software & Consulenza Informatica', 'Intelligenza Artificiale']",39677,4212,3,True
SU01274,TechDynamics S.R.L.,"Via Garibaldi, 81",Milano,45.47232038679359,9.181401359716386,2020,"['Automotive Tech', 'Servizi di Informazione']",25678,158101,4,True
SU01275,InnovaLogic S.R.L.,"Via Roma, 130",Bergamo,45.713466148525505,9.673100928643793,2025,['Robotica'],19278,7879,2,True
SU01276,BioWorks S.R.L.,"Via Montenapoleone, 5",Milano,45.48398572152788,9.215762610516583,2021,['Fabbricazione Macchinari'],10000,546819,7,True
SU01277,GreenSystems S.R.L.,"Via Milano, 39",Mantova,45.15672731226345,10.803864299251101,2020,"['Marketing Digitale', 'Biotecnologie']",15613,30817,4,True
SU01278,CyberAnalytics S.R.L.,"Via Brera, 108",Milano,45.48210470433327,9.215070681155591,2022,"['Cybersecurity', 'Computer e Prodotti Elettronici']",14821,588354,4,True
SU01279,FutureHub S.R.L.,"Via Manzoni, 32",Milano,45.43515808864001,9.212066997446545,2021,['Automotive Tech'],10000,211779,9,True
SU01280,SmartSystems S.R.L.,"Via Garibaldi, 41",Milano,45.49846322225076,9.194291248653835,2021,"['Marketing Digitale', 'Blockchain']",10000,181548,6,True
SU01281,InnovaLogic S.R.L.,"Via Dante, 27",Milano,45.47757271670375,9.180754724338763,2025,"['Energia Rinnovabile', 'Software & Consulenza Informatica', 'Robotica']",10163,18787,30,True
SU01282,NanoAnalytics S.R.L.,"Via Milano, 84",Milano,45.45405412924283,9.182459874521404,2022,"['Fabbricazione Macchinari', 'Servizi di Informazione']",72158,4847077,2,False
SU01283,TechLogic S.R.L.,"Via Roma, 116",Milano,45.480736694357454,9.19837653371409,2024,['IoT'],20522,15277,5,True
SU01284,SmartSystems S.R.L.,"Via Manzoni, 143",Lodi,45.3061430303533,9.49192586626717,2023,"['Salute Digitale', 'Intelligenza Artificiale']",14024,7516,1,True
SU01285,GreenLogic S.R.L.,"Via Dante, 43",Cremona,45.15632178362295,10.024202818575139,2021,"['Biotecnologie', 'Cleantech']",10271,61855,2,True
SU01286,DigitalLab S.R.L.,"Via Montenapoleone, 128",Milano,45.502830154694536,9.192786168184718,2020,['Ricerca e Sviluppo'],29106,862149,4,True
SU01287,FutureLab S.R.L.,"Via Montenapoleone, 9",Milano,45.450839121843025,9.205316276278408,2021,['Servizi di Informazione'],33836,2020202,4,True
SU01288,GreenVision S.R.L.,"Via Brera, 92",Pavia,45.203153734933885,9.15124949316408,2019,['Blockchain'],28634,40100,1,True
SU01289,NanoVision S.R.L.,"Via Milano, 60",Cremona,45.12677628392756,10.026521608732645,2020,['Robotica'],10704,289317,1,True
SU01290,BioLab S.R.L.,"Via Milano, 71",Milano,45.45562248323473,9.201222154974685,2021,"['Fintech', 'Computer e Prodotti Elettronici', 'Servizi di Informazione']",10000,325221,1,True
SU01291,BioSystems S.R.L.,"Via Montenapoleone, 26",Bergamo,45.7166803132504,9.677629232448762,2021,"['Ricerca e Sviluppo', 'Energia Rinnovabile']",22402,70222,6,True
SU01292,NanoSystems S.R.L.,"Via Milano, 4",Como,45.81860401932032,9.082068028681663,2020,['Energia Rinnovabile'],21284,28844,5,True
SU01293,DataVision S.R.L.,"Via Manzoni, 9",Milano,45.47266924983202,9.179088636994123,2023,"['Energia Rinnovabile', 'Automotive Tech', 'Robotica']",10000,61358,0,True
SU01294,BioEngine S.R.L.,"Via Dante, 23",Como,45.80944356835805,9.097483706903043,2020,['Intelligenza Artificiale'],52425,131977,0,True
SU01295,SmartLab S.R.L.,"Via Garibaldi, 148",Mantova,45.17446576242196,10.795119225071215,2024,"['Ricerca e Sviluppo', 'Cleantech']",15121,9321,6,True
SU01296,DigitalWorks S.R.L.,"Via Roma, 136",Milano,45.46769514921764,9.189449216041453,2021,['Software & Consulenza Informatica'],10000,406661,1,True
SU01297,NanoSystems S.R.L.,"Via Dante, 41",Milano,45.49909992535456,9.188557936804592,2024,['Aerospace'],10000,144770,3,True
SU01298,GreenWorks S.R.L.,"Via Roma, 103",Brescia,45.52448212392538,10.246938581163988,2025,['Fintech'],23720,6503,1,True
SU01299,TechSolutions S.R.L.,"Via Brera, 75",Brescia,45.52946928998674,10.18088282060428,2022,"['Automazione Industriale', 'Blockchain', 'Cleantech']",75628,62502,0,True
SU01300,GreenLab S.R.L.,"Corso Buenos Aires, 87",Milano,45.46265494499678,9.181870219464473,2019,"['Energia Rinnovabile', 'Fabbricazione Macchinari']",10228,137209,0,True
SU01301,DigitalWorks S.R.L.,"Via Manzoni, 85",Milano,45.45492484610401,9.171100874584404,2023,['Servizi di Informazione'],22566,400384,7,True
SU01302,InnovaVision S.R.L.,"Via Garibaldi, 59",Como,45.82780803633814,9.10902286745496,2020,"['Software & Consulenza Informatica', 'Robotica']",27428,279989,3,False
SU01303,DigitalLogic S.R.L.,"Via Garibaldi, 70",Milano,45.46102381751262,9.180005863030278,2019,"['Blockchain', 'Fintech', 'Aerospace']",12425,300519,3,True
SU01304,FutureHub S.R.L.,"Via Garibaldi, 68",Milano,45.43931979969327,9.187232593195969,2024,['E-commerce'],10000,960591,4,True
SU01305,InnovaWorks S.R.L.,"Via Dante, 128",Brescia,45.52962196128711,10.233409323201425,2020,['Fintech'],10000,26712,2,True
SU01306,CyberDynamics S.R.L.,"Via Roma, 89",Bergamo,45.69994740901308,9.67903095295236,2024,"['Automazione Industriale', 'IoT']",16126,12821,8,True
SU01307,SmartAnalytics S.R.L.,"Via Manzoni, 110",Brescia,45.53162843503398,10.235818107475492,2024,['Salute Digitale'],50769,6456,1,True
SU01308,SmartDynamics S.R.L.,"Via Manzoni, 145",Milano,45.4938296849377,9.190662749243801,2025,"['Energia Rinnovabile', 'Cybersecurity']",29794,16134,3,True
SU01309,BioHub S.R.L.,"Via Garibaldi, 15",Brescia,45.54462784501596,10.193325732312397,2024,"['Marketing Digitale', 'Aerospace']",10000,224151,4,True
SU01310,FutureSolutions S.R.L.,"Corso Buenos Aires, 116",Bergamo,45.70687580059265,9.660329482614502,2021,['Intelligenza Artificiale'],23732,65737,3,True
SU01311,NanoEngine S.R.L.,"Via Milano, 59",Milano,45.45904420761001,9.197866152171347,2022,"['Marketing Digitale', 'Fintech']",10000,31770,2,True
SU01312,TechHub S.R.L.,"Corso Buenos Aires, 106",Milano,45.445108076486015,9.193555825435423,2021,"['Intelligenza Artificiale', 'Software & Consulenza Informatica']",10806,34650,8,True
SU01313,SmartDynamics S.R.L.,"Via Garibaldi, 66",Milano,45.46714555947218,9.196743468080694,2022,"['Energia Rinnovabile', 'Ricerca e Sviluppo']",11279,6005,9,True
SU01314,TechLab S.R.L.,"Corso Buenos Aires, 78",Milano,45.44580931631024,9.206089411659582,2024,['Automotive Tech'],67700,126195,1,True
SU01315,DigitalVision S.R.L.,"Via Brera, 103",Como,45.77651938218888,9.055831467971982,2022,"['E-commerce', 'Automotive Tech']",10000,17665,1,True
SU01316,FutureHub S.R.L.,"Via Milano, 144",Monza e della Brianza,45.552691709264785,9.275589698799942,2019,"['Blockchain', 'Robotica']",10000,102419,0,True
SU01317,TechWorks S.R.L.,"Via Milano, 125",Milano,45.44528543862891,9.218350955652946,2019,"['Computer e Prodotti Elettronici', 'Fabbricazione Macchinari']",37394,185172,6,True
SU01318,FutureLogic S.R.L.,"Via Brera, 59",Milano,45.465796603899804,9.166429482643593,2024,['Servizi di Informazione'],11288,14824,0,True
SU01319,CyberAnalytics S.R.L.,"Via Dante, 37",Milano,45.467268819061836,9.13731363503982,2019,['Software & Consulenza Informatica'],10000,249822,7,True
SU01320,GreenLogic S.R.L.,"Via Milano, 77",Milano,45.45694217602563,9.201723031806512,2020,"['Salute Digitale', 'Energia Rinnovabile']",15708,249959,2,True
SU01321,FutureWorks S.R.L.,"Via Garibaldi, 56",Milano,45.46206294779834,9.17097402407007,2020,['Robotica'],23256,457465,4,True
SU01322,DataHub S.R.L.,"Via Roma, 130",Bergamo,45.70321942137304,9.680456548675824,2025,"['Software & Consulenza Informatica', 'Computer e Prodotti Elettronici', 'Salute Digitale']",57530,521443,0,True
SU01323,SmartHub S.R.L.,"Corso Buenos Aires, 143",Milano,45.44223655957169,9.19719681659201,2022,"['Cybersecurity', 'Biotecnologie']",10000,202332,4,True
SU01324,NanoLogic S.R.L.,"Corso Buenos Aires, 120",Milano,45.42896087563764,9.200804999607195,2022,['Biotecnologie'],10000,43664,8,True
SU01325,NanoWorks S.R.L.,"Via Dante, 125",Brescia,45.544653708096085,10.225277718925183,2022,"['Aerospace', 'Intelligenza Artificiale', 'IoT']",37918,8248,1,True
SU01326,InnovaVision S.R.L.,"Via Montenapoleone, 120",Milano,45.437939376331556,9.186423771441714,2019,['Fintech'],10000,142975,4,True
SU01327,DataLab S.R.L.,"Via Roma, 20",Milano,45.43933098396151,9.170309846225486,2020,"['Marketing Digitale', 'Biotecnologie', 'Cleantech']",48984,56660,3,True
SU01328,CyberLab S.R.L.,"Corso Buenos Aires, 2",Milano,45.47104323719935,9.210321879138238,2021,"['Cleantech', 'Fintech']",20802,593771,9,True
SU01329,InnovaSystems S.R.L.,"Via Dante, 146",Milano,45.47055085514038,9.176318847188371,2020,"['E-commerce', 'Biotecnologie']",10000,326925,5,True
SU01330,DataSystems S.R.L.,"Via Dante, 109",Milano,45.488703343206375,9.188003112517306,2022,"['Servizi di Informazione', 'Marketing Digitale']",10000,6334,4,False
SU01331,DataHub S.R.L.,"Corso Buenos Aires, 49",Como,45.78677418463529,9.067333118065125,2019,['Fabbricazione Macchinari'],10000,249210,1,False
SU01332,TechDynamics S.R.L.,"Via Manzoni, 2",Cremona,45.109605365324846,10.023044750700063,2024,['Cybersecurity'],13863,868996,2,True
SU01333,CyberWorks S.R.L.,"Corso Buenos Aires, 45",Milano,45.482042040808935,9.20752742379668,2019,['Cleantech'],33056,298494,0,True
SU01334,FutureAnalytics S.R.L.,"Via Roma, 99",Milano,45.468702750851506,9.169016455643536,2019,['Blockchain'],10000,229705,0,True
SU01335,GreenLogic S.R.L.,"Via Garibaldi, 142",Milano,45.48957637251312,9.193572226681802,2024,['Robotica'],10000,222411,2,True
SU01336,SmartDynamics S.R.L.,"Via Montenapoleone, 90",Bergamo,45.753586970322345,9.715262340316372,2021,['Ricerca e Sviluppo'],10000,541693,8,True
SU01337,CyberLab S.R.L.,"Via Milano, 75",Milano,45.46725409325714,9.185164386073055,2023,['Automotive Tech'],16939,19391,1,True
SU01338,SmartDynamics S.R.L.,"Via Montenapoleone, 27",Milano,45.48983222223052,9.182308103231696,2023,"['Servizi di Informazione', 'Fintech']",52325,38161,6,True
SU01339,GreenSystems S.R.L.,"Via Dante, 89",Como,45.78961840522498,9.043186722058316,2021,"['Energia Rinnovabile', 'Salute Digitale']",11926,4243743,2,True
SU01340,NanoSolutions S.R.L.,"Via Dante, 116",Milano,45.44708236987245,9.220027250096404,2020,['Automazione Industriale'],10000,1529420,3,False
SU01341,CyberSolutions S.R.L.,"Via Manzoni, 94",Bergamo,45.692898041573805,9.671260084514625,2023,"['Automotive Tech', 'IoT', 'Energia Rinnovabile']",36120,24053,3,True
SU01342,GreenWorks S.R.L.,"Corso Buenos Aires, 63",Lodi,45.30012276343775,9.495088699017906,2024,"['Fintech', 'Biotecnologie']",15000,4425212,7,True
SU01343,CyberWorks S.R.L.,"Via Dante, 47",Milano,45.477473896942165,9.214909607160989,2023,['Computer e Prodotti Elettronici'],10000,287901,1,True
SU01344,BioAnalytics S.R.L.,"Via Manzoni, 66",Milano,45.46181529165245,9.202731421553404,2019,"['Blockchain', 'Computer e Prodotti Elettronici']",12744,102551,0,True
SU01345,DataHub S.R.L.,"Via Garibaldi, 128",Milano,45.439610784305536,9.189223943234902,2020,"['Automotive Tech', 'Computer e Prodotti Elettronici', 'Automazione Industriale']",10000,337953,3,True
SU01346,FutureLogic S.R.L.,"Via Roma, 92",Como,45.81600007341749,9.073771579786971,2023,"['Fintech', 'Software & Consulenza Informatica']",25543,17703,0,True
SU01347,InnovaHub S.R.L.,"Via Milano, 11",Milano,45.47073290198773,9.19213507931432,2020,['Robotica'],10000,304818,4,True
SU01348,BioSystems S.R.L.,"Via Dante, 2",Mantova,45.14458950860321,10.783401225457913,2022,"['Automazione Industriale', 'Fabbricazione Macchinari']",37239,74527,2,True
SU01349,SmartWorks S.R.L.,"Via Garibaldi, 83",Bergamo,45.68004915169738,9.655921818464472,2020,['Salute Digitale'],38800,35986,0,True
SU01350,TechHub S.R.L.,"Via Dante, 111",Bergamo,45.704588506653316,9.65927817117826,2023,['Software & Consulenza Informatica'],39211,235461,0,True
SU01351,SmartSolutions S.R.L.,"Via Brera, 33",Milano,45.45211994045734,9.165458184922509,2023,['Energia Rinnovabile'],19140,273317,1,True
SU01352,GreenSolutions S.R.L.,"Corso Buenos Aires, 149",Brescia,45.537849505942,10.254935089772474,2022,['Computer e Prodotti Elettronici'],11578,232244,1,True
SU01353,NanoHub S.R.L.,"Via Milano, 143",Milano,45.49530750174578,9.18238138733917,2020,"['Fabbricazione Macchinari', 'Robotica', 'Fintech']",10000,61661,4,True
SU01354,CyberHub S.R.L.,"Via Roma, 7",Milano,45.51367978883714,9.171246259446875,2024,"['Salute Digitale', 'Servizi di Informazione']",10000,2836,6,True
SU01355,DigitalEngine S.R.L.,"Via Manzoni, 25",Brescia,45.5454831919139,10.19344894163316,2020,['Blockchain'],10000,812181,4,True
SU01356,FutureEngine S.R.L.,"Via Manzoni, 71",Sondrio,46.160678546533994,9.87743512538521,2024,"['Biotecnologie', 'Marketing Digitale']",20563,25347,3,True
SU01357,CyberWorks S.R.L.,"Via Montenapoleone, 121",Milano,45.521930961234304,9.211025044205483,2019,['Servizi di Informazione'],10000,10527,9,True
SU01358,GreenWorks S.R.L.,"Corso Buenos Aires, 28",Milano,45.47998919928094,9.199549278482808,2019,"['Salute Digitale', 'Software & Consulenza Informatica', 'Robotica']",41417,106240,5,True
SU01359,DigitalVision S.R.L.,"Via Milano, 52",Bergamo,45.71930122169195,9.660047428243317,2020,"['Computer e Prodotti Elettronici', 'Automotive Tech']",10000,6802,3,True
SU01360,InnovaVision S.R.L.,"Via Brera, 21",Brescia,45.58197470834435,10.249026557939679,2021,['Cybersecurity'],11380,74531,4,True
SU01361,BioSolutions S.R.L.,"Via Milano, 118",Milano,45.47215463007823,9.169889769803943,2021,['Cybersecurity'],189760,30452,6,True
SU01362,DataSystems S.R.L.,"Via Roma, 149",Como,45.822612776231026,9.111422631045336,2021,"['E-commerce', 'Software & Consulenza Informatica']",10000,29567,1,True
SU01363,NanoSolutions S.R.L.,"Via Brera, 66",Como,45.81405794350921,9.068610524022446,2024,"['IoT', 'Software & Consulenza Informatica', 'Biotecnologie']",10000,86228,2,True
SU01364,BioVision S.R.L.,"Via Montenapoleone, 63",Milano,45.48722044756402,9.185727195063475,2025,['Cleantech'],16855,641617,8,True
SU01365,FutureAnalytics S.R.L.,"Via Garibaldi, 52",Milano,45.46669203793266,9.191719093982183,2023,"['IoT', 'Energia Rinnovabile']",24154,703048,3,True
SU01366,FutureDynamics S.R.L.,"Via Manzoni, 71",Milano,45.448437195807806,9.183905732426613,2023,['Cybersecurity'],16381,148338,7,True
SU01367,DigitalLogic S.R.L.,"Via Garibaldi, 50",Milano,45.47931183785177,9.19066450405715,2022,"['Automotive Tech', 'Marketing Digitale']",10000,25614,1,True
SU01368,GreenVision S.R.L.,"Corso Buenos Aires, 18",Milano,45.479532138223284,9.193706862067337,2024,['Intelligenza Artificiale'],10000,7045,0,True
SU01369,SmartWorks S.R.L.,"Via Roma, 41",Milano,45.49378608888837,9.160108442579414,2020,"['Aerospace', 'E-commerce', 'Intelligenza Artificiale']",11613,5612,4,True
SU01370,DataAnalytics S.R.L.,"Via Dante, 66",Milano,45.433658074773184,9.202549931361753,2021,"['Blockchain', 'Servizi di Informazione']",14381,39022,1,True
SU01371,SmartEngine S.R.L.,"Corso Buenos Aires, 75",Como,45.801525927195144,9.121771814310852,2024,"['Robotica', 'Biotecnologie', 'Servizi di Informazione']",11026,63843,5,True
SU01372,GreenHub S.R.L.,"Via Brera, 117",Milano,45.43684117773589,9.193603824564558,2022,"['Fabbricazione Macchinari', 'Automotive Tech', 'Software & Consulenza Informatica']",10000,69652,5,True
SU01373,CyberLab S.R.L.,"Via Roma, 51",Milano,45.45872027591575,9.17920818913815,2021,['Automazione Industriale'],137473,393051,2,True
SU01374,NanoSystems S.R.L.,"Via Brera, 107",Milano,45.494926357521074,9.194584312158064,2020,['Computer e Prodotti Elettronici'],44770,520692,10,True
SU01375,FutureEngine S.R.L.,"Via Brera, 88",Milano,45.45042698382222,9.19478456853812,2021,['Blockchain'],31673,12892,0,True
SU01376,TechWorks S.R.L.,"Corso Buenos Aires, 85",Milano,45.483016597250405,9.19967728888073,2021,"['Ricerca e Sviluppo', 'IoT']",10000,21038,1,True
SU01377,TechLogic S.R.L.,"Via Brera, 112",Milano,45.43330637614025,9.20818918550904,2022,['Robotica'],10000,7285,0,False
SU01378,FutureVision S.R.L.,"Via Brera, 105",Milano,45.444287182781764,9.186657425575058,2022,['Cleantech'],10000,7378,8,True
SU01379,InnovaVision S.R.L.,"Via Roma, 95",Milano,45.470648237108186,9.191518420464567,2019,['Salute Digitale'],10000,183758,2,True
SU01380,DataSystems S.R.L.,"Via Milano, 121",Milano,45.43389669066789,9.195847230431566,2020,"['Salute Digitale', 'Automazione Industriale']",10000,509589,0,True
SU01381,BioHub S.R.L.,"Via Milano, 100",Brescia,45.55882052675694,10.237027387088368,2021,"['Automotive Tech', 'IoT']",16086,29637,20,True
SU01382,TechWorks S.R.L.,"Via Milano, 65",Mantova,45.18038475113218,10.776898356544548,2024,['Fintech'],10000,32605,6,True
SU01383,InnovaWorks S.R.L.,"Via Montenapoleone, 5",Milano,45.47699290357363,9.158889822192876,2025,"['Computer e Prodotti Elettronici', 'Aerospace']",10000,11744,3,True
SU01384,GreenEngine S.R.L.,"Via Manzoni, 39",Milano,45.46734465531378,9.229313845931085,2024,['Software & Consulenza Informatica'],45284,64940,2,True
SU01385,FutureSystems S.R.L.,"Via Garibaldi, 110",Milano,45.49367941614007,9.168421778101846,2024,"['Automazione Industriale', 'Marketing Digitale', 'Fintech']",12384,985,5,True
SU01386,DataSystems S.R.L.,"Via Garibaldi, 136",Milano,45.50198660798372,9.166153276514637,2025,['IoT'],10000,1958,0,True
SU01387,FutureLogic S.R.L.,"Via Montenapoleone, 123",Milano,45.474664649044186,9.176427220146648,2020,"['E-commerce', 'Aerospace', 'Servizi di Informazione']",23585,166140,4,True
SU01388,GreenHub S.R.L.,"Via Manzoni, 128",Mantova,45.17083052862258,10.793011409350006,2022,"['Biotecnologie', 'Automotive Tech']",10000,299851,8,True
SU01389,InnovaVision S.R.L.,"Via Milano, 50",Milano,45.454206482839915,9.165990836510671,2020,['Fabbricazione Macchinari'],10000,2285,3,True
SU01390,SmartLab S.R.L.,"Via Milano, 36",Pavia,45.16671958633331,9.160795381884254,2019,['Energia Rinnovabile'],37080,190428,3,False
SU01391,TechSolutions S.R.L.,"Via Roma, 22",Cremona,45.136210485950585,10.020146499111721,2024,['Automazione Industriale'],18694,618372,5,True
SU01392,DataVision S.R.L.,"Via Brera, 128",Lecco,45.8319629034279,9.366520910856915,2024,['Software & Consulenza Informatica'],15071,9976,5,True
SU01393,DigitalWorks S.R.L.,"Via Manzoni, 36",Cremona,45.13764537439727,10.04633154828162,2022,"['Salute Digitale', 'E-commerce']",78301,374183,1,True
SU01394,NanoSystems S.R.L.,"Via Dante, 43",Milano,45.47772496354469,9.189324206088397,2024,"['Cybersecurity', 'Computer e Prodotti Elettronici']",40384,1350728,3,True
SU01395,FutureSolutions S.R.L.,"Via Brera, 122",Bergamo,45.701690395154735,9.673411237455287,2022,['Servizi di Informazione'],10000,18817,1,True
SU01396,SmartSystems S.R.L.,"Corso Buenos Aires, 8",Milano,45.44965912849383,9.159247051294981,2020,"['Intelligenza Artificiale', 'Robotica', 'Cybersecurity']",46441,174372,1,True
SU01397,NanoSystems S.R.L.,"Via Roma, 89",Milano,45.46260617398042,9.18021919670119,2024,['Blockchain'],29036,157716,0,False
SU01398,NanoSystems S.R.L.,"Via Dante, 112",Cremona,45.134821226886494,9.99050989744684,2022,"['Cybersecurity', 'Automotive Tech', 'Servizi di Informazione']",10000,311734,2,True
SU01399,DataSolutions S.R.L.,"Via Manzoni, 57",Milano,45.47134571160118,9.189107415559004,2019,['Aerospace'],10000,19951,0,True
SU01400,BioAnalytics S.R.L.,"Via Manzoni, 105",Milano,45.455996755543374,9.244677808550453,2020,"['Fintech', 'Robotica', 'Biotecnologie']",12682,89334,1,True
SU01401,DigitalVision S.R.L.,"Via Milano, 94",Milano,45.42909984064568,9.2098170638533,2022,"['Computer e Prodotti Elettronici', 'Software & Consulenza Informatica']",10000,35547,1,True
SU01402,BioSolutions S.R.L.,"Via Montenapoleone, 69",Milano,45.475899922015806,9.208780176920644,2022,['E-commerce'],10758,522079,3,True
SU01403,CyberLogic S.R.L.,"Via Brera, 85",Milano,45.46252019553355,9.199535553828774,2025,['Energia Rinnovabile'],28036,5000000,2,True
SU01404,FutureWorks S.R.L.,"Via Montenapoleone, 55",Milano,45.47183019530203,9.22206665337389,2020,['Marketing Digitale'],10000,1396698,3,True
SU01405,TechLab S.R.L.,"Via Manzoni, 121",Como,45.805655980937686,9.06078224960372,2021,"['Automazione Industriale', 'Automotive Tech']",10000,1753255,1,True
SU01406,InnovaSystems S.R.L.,"Via Dante, 129",Milano,45.471973260246585,9.190689181308471,2021,"['Automotive Tech', 'Automazione Industriale', 'Biotecnologie']",38352,95621,5,True
SU01407,GreenHub S.R.L.,"Corso Buenos Aires, 61",Milano,45.45820095739701,9.175768168320841,2021,"['Energia Rinnovabile', 'Robotica']",19815,391078,1,True
SU01408,FutureDynamics S.R.L.,"Via Manzoni, 113",Brescia,45.518687569356395,10.246195232792052,2023,['Automotive Tech'],234823,279538,6,True
SU01409,BioLogic S.R.L.,"Via Roma, 110",Bergamo,45.691479338689625,9.704205828247245,2021,['IoT'],10000,258698,9,True
SU01410,GreenSolutions S.R.L.,"Via Garibaldi, 67",Milano,45.47393417694873,9.160056254313558,2020,"['Ricerca e Sviluppo', 'Energia Rinnovabile']",10000,68995,2,True
SU01411,GreenSystems S.R.L.,"Via Roma, 23",Milano,45.46390759314522,9.172436400308328,2020,"['Automazione Industriale', 'Robotica', 'Software & Consulenza Informatica']",19753,466766,7,True
SU01412,SmartLogic S.R.L.,"Via Montenapoleone, 134",Como,45.78928055354961,9.077478710887322,2021,['Aerospace'],10000,33780,1,True
SU01413,NanoHub S.R.L.,"Corso Buenos Aires, 93",Milano,45.43835174622592,9.168367143547378,2019,"['Computer e Prodotti Elettronici', 'Automazione Industriale']",30469,1116239,4,True
SU01414,InnovaHub S.R.L.,"Via Milano, 51",Como,45.805445584991595,9.123452371169565,2024,"['Computer e Prodotti Elettronici', 'Ricerca e Sviluppo']",45331,75450,2,True
SU01415,InnovaWorks S.R.L.,"Via Dante, 83",Milano,45.49596198664721,9.178328187324876,2022,['Salute Digitale'],10000,343635,0,True
SU01416,DigitalLogic S.R.L.,"Via Dante, 49",Milano,45.45369737409555,9.161773670845703,2020,"['Marketing Digitale', 'Automazione Industriale']",10000,115052,20,True
SU01417,BioAnalytics S.R.L.,"Via Roma, 92",Pavia,45.177848906668274,9.12792837270467,2021,"['Cybersecurity', 'Computer e Prodotti Elettronici']",135289,2186239,5,True
SU01418,FutureDynamics S.R.L.,"Via Montenapoleone, 74",Mantova,45.15295877187535,10.769294789337145,2024,"['Servizi di Informazione', 'Intelligenza Artificiale']",10000,3012,1,True
SU01419,FutureSystems S.R.L.,"Corso Buenos Aires, 69",Milano,45.479430195210156,9.171817771209769,2019,"['Automazione Industriale', 'Energia Rinnovabile']",37821,37152,3,True
SU01420,TechSystems S.R.L.,"Via Garibaldi, 139",Milano,45.48112143259829,9.173322026298663,2024,"['Fintech', 'Ricerca e Sviluppo', 'Marketing Digitale']",10000,51664,2,True
SU01421,TechLogic S.R.L.,"Via Roma, 83",Milano,45.4668781573809,9.173655927926745,2020,"['Cleantech', 'Aerospace']",10000,536919,1,True
SU01422,TechEngine S.R.L.,"Via Milano, 104",Milano,45.47276560857945,9.154165330304505,2024,"['Energia Rinnovabile', 'Biotecnologie']",12155,191589,7,True
SU01423,BioLogic S.R.L.,"Via Garibaldi, 53",Milano,45.47073356996619,9.195066615202132,2022,"['Robotica', 'Marketing Digitale']",50994,121485,2,True
SU01424,DataAnalytics S.R.L.,"Via Garibaldi, 38",Milano,45.48224234326623,9.170726594151049,2021,['Marketing Digitale'],10000,94334,20,True
SU01425,DigitalWorks S.R.L.,"Via Milano, 68",Brescia,45.53011955312101,10.230096210726995,2022,"['E-commerce', 'Cleantech']",20515,114970,4,True
SU01426,DigitalEngine S.R.L.,"Via Dante, 29",Milano,45.45076073203021,9.206913076524438,2024,['Automazione Industriale'],44132,28871,5,True
SU01427,NanoAnalytics S.R.L.,"Via Montenapoleone, 120",Bergamo,45.69024252329196,9.647715694911103,2025,"['Biotecnologie', 'Software & Consulenza Informatica', 'Marketing Digitale']",22270,800533,2,True
SU01428,NanoEngine S.R.L.,"Corso Buenos Aires, 25",Milano,45.48592329325378,9.174969793662903,2019,"['Blockchain', 'Automotive Tech']",45302,209880,2,True
SU01429,InnovaEngine S.R.L.,"Corso Buenos Aires, 29",Milano,45.48149373851049,9.214906748453261,2022,['Fabbricazione Macchinari'],10000,121480,2,True
SU01430,SmartDynamics S.R.L.,"Via Manzoni, 61",Mantova,45.16504146920941,10.786807187465364,2021,"['Aerospace', 'Cybersecurity', 'Cleantech']",10000,152960,15,True
SU01431,InnovaSolutions S.R.L.,"Via Dante, 27",Sondrio,46.15880611416588,9.866668790138132,2023,['Salute Digitale'],58743,45986,1,False
SU01432,DigitalAnalytics S.R.L.,"Via Roma, 3",Brescia,45.55063407906792,10.189471209369994,2024,['Fintech'],59787,63948,3,True
SU01433,GreenSystems S.R.L.,"Via Roma, 14",Milano,45.479759924909764,9.204903949271518,2023,['Software & Consulenza Informatica'],46810,17474,2,True
SU01434,GreenAnalytics S.R.L.,"Via Milano, 128",Milano,45.47661913100253,9.16805259231446,2024,"['Automotive Tech', 'Automazione Industriale']",26851,87649,3,False
SU01435,GreenWorks S.R.L.,"Via Roma, 64",Mantova,45.14781177332835,10.756684221391229,2021,"['Software & Consulenza Informatica', 'Cleantech']",11353,103285,4,True
SU01436,InnovaEngine S.R.L.,"Via Brera, 7",Milano,45.46644002632005,9.180499936689596,2021,"['Automotive Tech', 'Software & Consulenza Informatica']",10000,179656,9,True
SU01437,BioWorks S.R.L.,"Via Brera, 48",Milano,45.4397528376166,9.18026044571857,2024,"['Salute Digitale', 'Robotica']",39787,48478,1,True
SU01438,BioDynamics S.R.L.,"Via Dante, 98",Milano,45.4747125800226,9.181403605904189,2023,"['Energia Rinnovabile', 'Automazione Industriale']",22402,14229,3,True
SU01439,FutureHub S.R.L.,"Via Montenapoleone, 53",Como,45.81683675354801,9.066910228297958,2022,"['Energia Rinnovabile', 'Software & Consulenza Informatica']",21282,101079,10,True
SU01440,CyberDynamics S.R.L.,"Via Roma, 113",Brescia,45.50675679972544,10.202083716997663,2020,['Automotive Tech'],10000,165956,3,True
SU01441,InnovaLogic S.R.L.,"Corso Buenos Aires, 53",Milano,45.465882711497954,9.171530846613095,2020,"['Salute Digitale', 'Fabbricazione Macchinari']",16583,4372116,4,True
SU01442,TechSolutions S.R.L.,"Via Roma, 145",Milano,45.497815713057285,9.204385412831527,2021,['Salute Digitale'],24266,252125,8,True
SU01443,DataHub S.R.L.,"Via Manzoni, 147",Brescia,45.53314363300593,10.195397037827268,2019,"['Servizi di Informazione', 'Marketing Digitale']",24308,426395,3,True
SU01444,DigitalDynamics S.R.L.,"Via Montenapoleone, 74",Como,45.80183458920427,9.045170035786063,2024,['Marketing Digitale'],10000,38823,0,True
SU01445,DataDynamics S.R.L.,"Via Manzoni, 74",Sondrio,46.18743436798563,9.855845094144396,2022,"['IoT', 'Computer e Prodotti Elettronici', 'Ricerca e Sviluppo']",31201,61267,2,True
SU01446,SmartWorks S.R.L.,"Corso Buenos Aires, 146",Milano,45.45135881675932,9.21050869862549,2020,"['E-commerce', 'Blockchain', 'Aerospace']",40944,33393,3,True
SU01447,DataVision S.R.L.,"Corso Buenos Aires, 87",Sondrio,46.196580563334784,9.873401962016525,2024,"['IoT', 'Software & Consulenza Informatica']",10000,541,2,True
SU01448,TechHub S.R.L.,"Via Montenapoleone, 138",Milano,45.48405478029003,9.189030714912215,2022,['Aerospace'],10000,352971,4,True
SU01449,InnovaDynamics S.R.L.,"Via Brera, 44",Milano,45.459338568975696,9.17907897239806,2021,"['Fintech', 'Fabbricazione Macchinari']",10000,222281,2,True
SU01450,DataAnalytics S.R.L.,"Via Brera, 130",Monza e della Brianza,45.59648328681735,9.285007927052272,2022,"['Biotecnologie', 'Marketing Digitale', 'Fintech']",10000,4040,0,True
SU01451,TechDynamics S.R.L.,"Via Brera, 11",Milano,45.479076413626835,9.202734303052772,2021,"['Aerospace', 'Marketing Digitale', 'Ricerca e Sviluppo']",10000,123072,1,True
SU01452,GreenSolutions S.R.L.,"Via Garibaldi, 148",Milano,45.460111947853726,9.169560329299713,2019,"['Robotica', 'Biotecnologie']",11802,286889,5,True
SU01453,TechSystems S.R.L.,"Via Montenapoleone, 133",Milano,45.45306141439207,9.193408205806769,2022,"['Intelligenza Artificiale', 'Biotecnologie']",10000,101567,1,True
SU01454,DigitalVision S.R.L.,"Via Dante, 13",Milano,45.466193119021895,9.20774251756496,2021,"['Robotica', 'Automazione Industriale']",10000,693283,1,True
SU01455,NanoWorks S.R.L.,"Via Montenapoleone, 92",Cremona,45.14964510855871,10.067810339658731,2021,"['E-commerce', 'Cleantech']",10000,396963,0,True
SU01456,DataAnalytics S.R.L.,"Via Manzoni, 31",Milano,45.455369293416595,9.197190377630664,2024,"['Fabbricazione Macchinari', 'Salute Digitale']",80112,18946,0,False
SU01457,SmartLab S.R.L.,"Via Montenapoleone, 66",Cremona,45.11856518837181,10.029934990218141,2021,['Ricerca e Sviluppo'],10000,1253444,3,True
SU01458,TechDynamics S.R.L.,"Via Montenapoleone, 139",Milano,45.47249174417013,9.245783548965745,2023,"['Computer e Prodotti Elettronici', 'Servizi di Informazione']",13584,211624,10,True
SU01459,NanoSystems S.R.L.,"Via Montenapoleone, 94",Milano,45.45982923491995,9.226497783038464,2024,"['Salute Digitale', 'Automotive Tech']",28364,222000,0,True
SU01460,SmartWorks S.R.L.,"Via Manzoni, 13",Bergamo,45.6820240046507,9.71396087266774,2021,['Cybersecurity'],170558,105904,6,True
SU01461,CyberHub S.R.L.,"Via Roma, 89",Bergamo,45.66410680727203,9.708000994701777,2022,"['Automazione Industriale', 'Intelligenza Artificiale']",10000,64381,6,True
SU01462,DataVision S.R.L.,"Via Roma, 40",Milano,45.49274716118933,9.201566323197852,2022,['Computer e Prodotti Elettronici'],10000,430063,0,True
SU01463,NanoDynamics S.R.L.,"Via Manzoni, 121",Milano,45.45572081685113,9.154106166821682,2019,['Software & Consulenza Informatica'],12932,1208315,10,True
SU01464,InnovaHub S.R.L.,"Via Milano, 119",Milano,45.48553731175283,9.18714234054424,2024,['Salute Digitale'],24705,137937,3,True
SU01465,DataSystems S.R.L.,"Via Montenapoleone, 14",Brescia,45.54085905194904,10.212258452314632,2023,['Aerospace'],10000,9432,6,True
SU01466,GreenVision S.R.L.,"Via Roma, 129",Cremona,45.13311861175254,9.999554602346153,2022,['Marketing Digitale'],10027,374582,2,False
SU01467,TechSystems S.R.L.,"Via Manzoni, 39",Milano,45.451965958505404,9.207901929254826,2022,['Fintech'],10000,263511,10,True
SU01468,NanoDynamics S.R.L.,"Via Roma, 104",Milano,45.4747937311483,9.211606796159076,2021,"['Salute Digitale', 'E-commerce']",10000,61303,1,True
SU01469,InnovaLab S.R.L.,"Via Garibaldi, 39",Milano,45.505278943795474,9.16543382640725,2022,['Cleantech'],10000,48439,10,True
SU01470,DigitalLab S.R.L.,"Via Dante, 113",Milano,45.4869349607649,9.19263696634454,2022,['Blockchain'],12227,15863,3,True
SU01471,CyberVision S.R.L.,"Via Milano, 65",Como,45.793278922333045,9.091549902478404,2021,['Automazione Industriale'],10000,377057,9,True
SU01472,FutureDynamics S.R.L.,"Corso Buenos Aires, 118",Sondrio,46.135776801658906,9.880480767680659,2021,"['IoT', 'Cleantech', 'Intelligenza Artificiale']",24077,1001737,4,True
SU01473,FutureWorks S.R.L.,"Via Roma, 58",Milano,45.48087234982482,9.212735852557511,2020,"['Servizi di Informazione', 'Software & Consulenza Informatica', 'Biotecnologie']",10000,874475,0,True
SU01474,InnovaVision S.R.L.,"Via Roma, 124",Milano,45.44783812925548,9.192761899868273,2021,['Robotica'],12347,288652,0,True
SU01475,FutureAnalytics S.R.L.,"Corso Buenos Aires, 82",Milano,45.42892739406123,9.169051064743387,2024,"['Salute Digitale', 'Biotecnologie']",176636,33069,0,True
SU01476,BioEngine S.R.L.,"Via Garibaldi, 66",Milano,45.47871578529664,9.187128849826369,2021,"['Software & Consulenza Informatica', 'Aerospace', 'Cleantech']",10000,34453,0,True
SU01477,GreenWorks S.R.L.,"Via Brera, 138",Milano,45.480782325685134,9.168672388587263,2022,['Marketing Digitale'],85901,5000000,10,False
SU01478,SmartDynamics S.R.L.,"Via Dante, 109",Como,45.80185739174949,9.087637263671386,2020,['Cybersecurity'],100656,179957,2,True
SU01479,DataVision S.R.L.,"Via Brera, 63",Milano,45.462997653830925,9.189695201593022,2025,"['Automotive Tech', 'Marketing Digitale']",21249,11547,0,True
SU01480,DigitalVision S.R.L.,"Via Garibaldi, 129",Milano,45.460717176536036,9.181585362514147,2023,"['IoT', 'Computer e Prodotti Elettronici']",33476,428300,8,True
SU01481,TechWorks S.R.L.,"Via Dante, 10",Milano,45.43141328404109,9.228868131464823,2019,"['Energia Rinnovabile', 'Biotecnologie']",11288,144995,0,True
SU01482,SmartDynamics S.R.L.,"Via Garibaldi, 116",Brescia,45.56371295173518,10.228497410027288,2020,['Computer e Prodotti Elettronici'],33301,353995,2,True
SU01483,GreenLogic S.R.L.,"Via Milano, 52",Milano,45.47243325933872,9.198601711993508,2019,['Energia Rinnovabile'],14566,1342703,1,True
SU01484,FutureHub S.R.L.,"Via Manzoni, 119",Milano,45.40595679950708,9.181322143636681,2019,['Servizi di Informazione'],20525,113264,2,True
SU01485,CyberDynamics S.R.L.,"Via Brera, 4",Milano,45.470569419632966,9.185463563327781,2024,"['Intelligenza Artificiale', 'Automazione Industriale']",33240,15563,0,False
SU01486,NanoLogic S.R.L.,"Via Milano, 144",Milano,45.44922140936795,9.169561108616767,2023,"['Cybersecurity', 'IoT']",10341,89947,1,True
SU01487,BioHub S.R.L.,"Via Garibaldi, 117",Pavia,45.18603280004337,9.163031135884108,2021,"['Aerospace', 'Marketing Digitale']",29365,111971,0,True
SU01488,InnovaLogic S.R.L.,"Via Brera, 62",Como,45.83816568909835,9.0612075670402,2020,"['Fintech', 'Robotica']",137400,296038,2,True
SU01489,TechSolutions S.R.L.,"Corso Buenos Aires, 5",Pavia,45.155190155779636,9.150685579872466,2025,"['Cybersecurity', 'Automotive Tech']",18434,13090,3,False
SU01490,SmartHub S.R.L.,"Via Montenapoleone, 120",Milano,45.420208160843885,9.19648550091899,2022,['Automotive Tech'],61587,35686,1,True
SU01491,NanoLab S.R.L.,"Via Dante, 89",Milano,45.5103388825079,9.180108068637493,2022,"['Cleantech', 'Robotica']",12089,49376,6,True
SU01492,TechLab S.R.L.,"Via Roma, 111",Milano,45.44641783283403,9.16967736601899,2021,"['Computer e Prodotti Elettronici', 'Intelligenza Artificiale']",113224,1094941,0,False
SU01493,DigitalVision S.R.L.,"Via Milano, 97",Milano,45.46478873381485,9.18181396223532,2021,"['Robotica', 'Fintech']",10615,303435,1,False
SU01494,BioDynamics S.R.L.,"Via Brera, 93",Cremona,45.151787833622336,9.99735267369202,2021,['Robotica'],19202,578478,4,True
SU01495,FutureHub S.R.L.,"Via Roma, 130",Milano,45.46709811868679,9.173755743285026,2021,['Ricerca e Sviluppo'],10000,285958,1,False
SU01496,NanoVision S.R.L.,"Via Brera, 92",Brescia,45.564873185091436,10.184850656364722,2022,['Blockchain'],20781,415321,1,True
SU01497,FutureEngine S.R.L.,"Via Garibaldi, 8",Varese,45.825222763218505,8.82372390884545,2021,"['Computer e Prodotti Elettronici', 'Marketing Digitale']",10000,18086,1,True
SU01498,DigitalAnalytics S.R.L.,"Via Manzoni, 53",Milano,45.4337282352716,9.19434467607341,2024,['Software & Consulenza Informatica'],10000,38993,7,True
SU01499,BioAnalytics S.R.L.,"Via Garibaldi, 10",Milano,45.46696914077228,9.18548187150449,2021,"['Ricerca e Sviluppo', 'Servizi di Informazione']",10000,101462,8,True
SU01500,InnovaVision S.R.L.,"Corso Buenos Aires, 126",Milano,45.48093116863111,9.225374819071176,2025,"['Fabbricazione Macchinari', 'Marketing Digitale']",10000,73508,4,True
SU01501,BioSystems S.R.L.,"Via Brera, 101",Milano,45.47400497335054,9.194050781298097,2021,"['Aerospace', 'Salute Digitale']",10000,1559878,0,True
SU01502,CyberEngine S.R.L.,"Via Roma, 33",Cremona,45.12368743402808,10.00499216428474,2022,"['Intelligenza Artificiale', 'Automazione Industriale', 'Software & Consulenza Informatica']",59331,37224,1,True
SU01503,NanoAnalytics S.R.L.,"Via Roma, 16",Milano,45.48041560288576,9.18976198060414,2022,"['Cybersecurity', 'Computer e Prodotti Elettronici']",10000,433661,1,True
SU01504,DataEngine S.R.L.,"Via Brera, 107",Milano,45.44890899741333,9.158323633960764,2021,"['Marketing Digitale', 'Computer e Prodotti Elettronici', 'Aerospace']",10000,309931,2,True
SU01505,NanoLab S.R.L.,"Via Dante, 49",Milano,45.45757914538753,9.159672885926977,2024,"['Energia Rinnovabile', 'Cleantech', 'Ricerca e Sviluppo']",10000,1546597,3,True
SU01506,BioSolutions S.R.L.,"Via Montenapoleone, 113",Milano,45.447926329156275,9.168753211236412,2019,"['Robotica', 'Ricerca e Sviluppo']",13400,25472,1,True
SU01507,DigitalAnalytics S.R.L.,"Via Manzoni, 73",Milano,45.463400022671394,9.181202784238922,2020,"['Robotica', 'Blockchain']",94386,104902,2,True
SU01508,InnovaHub S.R.L.,"Via Brera, 30",Lecco,45.844452450824136,9.39123408813273,2024,"['Biotecnologie', 'Ricerca e Sviluppo', 'Blockchain']",48969,107242,5,True
SU01509,DataSystems S.R.L.,"Via Brera, 21",Milano,45.4797645517485,9.165864962292341,2024,"['Cybersecurity', 'Fabbricazione Macchinari']",10000,100142,4,True
SU01510,DigitalDynamics S.R.L.,"Via Garibaldi, 60",Milano,45.44981362864831,9.213209450106946,2024,['Fintech'],52981,843036,1,True
SU01511,DataEngine S.R.L.,"Via Manzoni, 57",Como,45.832689596426086,9.056598498034306,2020,['Blockchain'],10000,35159,0,True
SU01512,CyberVision S.R.L.,"Via Dante, 120",Milano,45.47824874634352,9.171572688497253,2024,"['Marketing Digitale', 'Blockchain']",10000,433669,1,True
SU01513,SmartEngine S.R.L.,"Via Milano, 143",Milano,45.45222537268516,9.17812687833493,2022,"['Software & Consulenza Informatica', 'Biotecnologie']",10000,7417,1,True
SU01514,DigitalWorks S.R.L.,"Via Milano, 94",Milano,45.48658545580124,9.181082444187151,2021,['Computer e Prodotti Elettronici'],335969,342142,4,True
SU01515,SmartWorks S.R.L.,"Via Garibaldi, 88",Milano,45.45124931229386,9.201780607107079,2022,"['IoT', 'Cybersecurity']",10000,2162212,20,True
SU01516,TechLab S.R.L.,"Via Garibaldi, 35",Milano,45.48622690079086,9.18727562829065,2022,['Intelligenza Artificiale'],50523,81578,4,True
SU01517,CyberHub S.R.L.,"Via Brera, 34",Milano,45.44779312900257,9.210763251845538,2020,"['Automotive Tech', 'Cleantech']",22269,34568,2,True
SU01518,InnovaEngine S.R.L.,"Via Dante, 68",Milano,45.456059279060746,9.205897036709766,2024,"['Fabbricazione Macchinari', 'Biotecnologie', 'Blockchain']",16964,1431,4,True
SU01519,DigitalSystems S.R.L.,"Via Roma, 114",Milano,45.472041114965805,9.18484996098936,2024,['Automotive Tech'],42544,456853,1,True
SU01520,NanoSolutions S.R.L.,"Corso Buenos Aires, 145",Milano,45.47272477198463,9.185248979547492,2024,['Cybersecurity'],10000,114972,1,True
SU01521,BioLab S.R.L.,"Via Roma, 61",Milano,45.45937735590481,9.204088080737684,2023,['Aerospace'],10000,1654351,9,True
SU01522,InnovaSolutions S.R.L.,"Via Roma, 94",Bergamo,45.669459636761765,9.670531892429372,2024,['Cybersecurity'],12745,67309,2,True
SU01523,BioAnalytics S.R.L.,"Via Brera, 110",Mantova,45.1757167133258,10.784865704891361,2023,['Aerospace'],18134,80237,5,True
SU01524,FutureLab S.R.L.,"Via Brera, 59",Milano,45.484889222909885,9.21430968156695,2025,['Automazione Industriale'],29239,110252,5,True
SU01525,DigitalDynamics S.R.L.,"Via Brera, 63",Milano,45.481599185387324,9.194979134772764,2020,"['Fintech', 'Blockchain', 'Intelligenza Artificiale']",10000,56375,2,True
SU01526,DataSolutions S.R.L.,"Corso Buenos Aires, 110",Milano,45.45505392336914,9.207843589372155,2025,['Fintech'],26662,830094,0,True
SU01527,CyberSystems S.R.L.,"Corso Buenos Aires, 113",Milano,45.45024549168759,9.197617583683806,2025,"['Cleantech', 'Fintech']",12933,17641,6,True
SU01528,DataHub S.R.L.,"Via Manzoni, 11",Milano,45.45599648863444,9.16396027115611,2023,['E-commerce'],17460,16187,3,True
SU01529,SmartHub S.R.L.,"Via Garibaldi, 121",Milano,45.46812406800319,9.21464870854981,2023,"['Automazione Industriale', 'Robotica', 'Fintech']",10000,23874,2,True
SU01530,GreenLab S.R.L.,"Via Roma, 109",Brescia,45.52650053728326,10.182973248123695,2021,"['Salute Digitale', 'Automazione Industriale']",12587,576918,3,True
SU01531,GreenAnalytics S.R.L.,"Via Montenapoleone, 4",Milano,45.482419080061064,9.198086554523206,2023,"['Marketing Digitale', 'IoT']",52827,33438,1,False
SU01532,CyberLab S.R.L.,"Via Manzoni, 22",Milano,45.441860996088344,9.159863626503665,2023,['Robotica'],36952,604927,2,True
SU01533,SmartSolutions S.R.L.,"Via Dante, 102",Milano,45.43810069539387,9.205328633384148,2021,['Fabbricazione Macchinari'],10000,18315,0,True
SU01534,DataAnalytics S.R.L.,"Via Dante, 6",Milano,45.45361259888253,9.167905823310635,2022,"['Automotive Tech', 'Fabbricazione Macchinari', 'IoT']",31588,3805664,2,True
SU01535,CyberEngine S.R.L.,"Via Milano, 135",Milano,45.4640143297999,9.210000182001545,2025,['Salute Digitale'],10000,701704,0,True
SU01536,FutureSolutions S.R.L.,"Via Manzoni, 3",Milano,45.45913158561863,9.176965851195426,2021,"['IoT', 'Fintech']",10000,164439,2,True
SU01537,SmartLab S.R.L.,"Via Brera, 140",Milano,45.488178189003136,9.186554882104502,2023,"['Intelligenza Artificiale', 'Servizi di Informazione']",10000,96408,3,True
SU01538,DataSystems S.R.L.,"Via Garibaldi, 34",Milano,45.437222601596936,9.163046450555251,2022,"['E-commerce', 'Marketing Digitale']",10000,154576,0,True
SU01539,TechEngine S.R.L.,"Via Milano, 85",Mantova,45.14254867210386,10.753052899823864,2021,"['Salute Digitale', 'E-commerce']",23233,160736,4,True
SU01540,FutureSystems S.R.L.,"Via Milano, 118",Bergamo,45.697143092242385,9.681890215667261,2024,"['Software & Consulenza Informatica', 'Cleantech']",10000,1339,1,True
SU01541,FutureWorks S.R.L.,"Via Manzoni, 143",Milano,45.47794098693448,9.174927005781873,2021,['Servizi di Informazione'],28006,88464,5,True
SU01542,InnovaAnalytics S.R.L.,"Via Roma, 92",Como,45.823171203088,9.075403850532375,2022,"['IoT', 'Robotica', 'Automotive Tech']",33787,76659,2,False
SU01543,GreenLab S.R.L.,"Via Roma, 2",Bergamo,45.71901078035551,9.681954731153507,2021,['Servizi di Informazione'],10000,143037,2,True
SU01544,DataVision S.R.L.,"Via Montenapoleone, 45",Como,45.83582754507907,9.106825558032929,2021,['IoT'],29000,5000000,0,True
SU01545,DataDynamics S.R.L.,"Via Dante, 62",Bergamo,45.70378567431412,9.67381664669438,2022,"['Cleantech', 'Computer e Prodotti Elettronici', 'Blockchain']",10000,96601,0,False
SU01546,BioDynamics S.R.L.,"Via Manzoni, 144",Cremona,45.13675652162289,10.023103104524276,2022,['Cybersecurity'],39149,32065,6,True
SU01547,DataLogic S.R.L.,"Via Roma, 54",Milano,45.42821537518294,9.162017616360442,2024,"['Automotive Tech', 'IoT']",34798,38773,0,True
SU01548,DataLab S.R.L.,"Corso Buenos Aires, 111",Milano,45.452213367907206,9.203990035113533,2024,['Energia Rinnovabile'],10000,254891,0,True
SU01549,TechEngine S.R.L.,"Via Dante, 111",Milano,45.46880807078568,9.193597193023367,2021,"['Cybersecurity', 'Fintech']",15158,284557,0,True
SU01550,DataEngine S.R.L.,"Via Montenapoleone, 131",Pavia,45.21492651971567,9.160465888545852,2024,"['Aerospace', 'IoT']",10000,378635,3,True
SU01551,NanoLogic S.R.L.,"Via Dante, 79",Milano,45.496898819356694,9.20649644303639,2022,"['Salute Digitale', 'Computer e Prodotti Elettronici']",24147,19633,1,True
SU01552,BioLogic S.R.L.,"Via Milano, 72",Milano,45.455935194560226,9.222716340545265,2021,"['Blockchain', 'Robotica']",10000,500397,1,True
SU01553,SmartEngine S.R.L.,"Via Roma, 110",Varese,45.818469312495296,8.784123449673475,2020,['Computer e Prodotti Elettronici'],12561,639063,3,True
SU01554,GreenSystems S.R.L.,"Via Roma, 22",Milano,45.45678320949508,9.196524534714406,2024,"['Fabbricazione Macchinari', 'Aerospace']",112534,201401,7,True
SU01555,NanoDynamics S.R.L.,"Via Montenapoleone, 46",Como,45.82082358629355,9.083415737233608,2024,"['Intelligenza Artificiale', 'Biotecnologie', 'Marketing Digitale']",67235,274380,0,True
SU01556,TechLab S.R.L.,"Via Brera, 1",Milano,45.440368578685145,9.174197682806486,2021,"['Automotive Tech', 'Marketing Digitale', 'Servizi di Informazione']",10000,809665,3,True
SU01557,NanoAnalytics S.R.L.,"Via Brera, 107",Milano,45.48023119467028,9.140928600828902,2020,['Fabbricazione Macchinari'],38537,207046,1,True
SU01558,NanoHub S.R.L.,"Via Garibaldi, 135",Milano,45.473155739028094,9.192921116965957,2022,"['Computer e Prodotti Elettronici', 'Aerospace', 'Automazione Industriale']",16643,40744,0,True
SU01559,NanoVision S.R.L.,"Via Dante, 113",Milano,45.437001290257314,9.164991587633011,2022,"['Computer e Prodotti Elettronici', 'Automazione Industriale']",10000,14310,3,True
SU01560,BioLogic S.R.L.,"Via Garibaldi, 148",Milano,45.457677087054044,9.175281480206598,2021,['Marketing Digitale'],16669,171518,0,True
SU01561,DataWorks S.R.L.,"Via Dante, 24",Milano,45.489564338532354,9.15822129285314,2020,"['Biotecnologie', 'E-commerce']",47203,81538,0,True
SU01562,CyberEngine S.R.L.,"Via Milano, 81",Milano,45.47036665852657,9.187149743804378,2024,['Robotica'],10000,50500,2,False
SU01563,SmartLogic S.R.L.,"Via Dante, 25",Como,45.776804202075844,9.092546100118813,2019,['Robotica'],39520,46128,1,True
SU01564,TechEngine S.R.L.,"Via Roma, 66",Milano,45.43231517411335,9.211018253250838,2021,"['Salute Digitale', 'E-commerce']",15152,59451,5,True
SU01565,BioLab S.R.L.,"Corso Buenos Aires, 100",Sondrio,46.18148401538142,9.891092613396555,2023,"['Aerospace', 'Servizi di Informazione']",13370,686949,4,True
SU01566,GreenEngine S.R.L.,"Corso Buenos Aires, 41",Milano,45.45619109147714,9.188505027601948,2020,['Salute Digitale'],101661,41493,2,True
SU01567,CyberLogic S.R.L.,"Via Roma, 82",Milano,45.441803850970686,9.177163230278184,2022,['Software & Consulenza Informatica'],10780,9698,1,True
SU01568,BioAnalytics S.R.L.,"Via Montenapoleone, 105",Brescia,45.54254728922429,10.20882362955901,2021,['Software & Consulenza Informatica'],10000,76106,1,False
SU01569,GreenHub S.R.L.,"Via Garibaldi, 29",Milano,45.450078820224775,9.17396419890756,2024,"['Ricerca e Sviluppo', 'Servizi di Informazione']",56832,16841,4,False
SU01570,TechEngine S.R.L.,"Via Manzoni, 91",Milano,45.494468668334626,9.189372193283452,2024,['Software & Consulenza Informatica'],10000,146648,0,True
SU01571,SmartAnalytics S.R.L.,"Corso Buenos Aires, 57",Milano,45.45203642595889,9.182657334548985,2020,"['Automotive Tech', 'E-commerce', 'Intelligenza Artificiale']",10000,56896,2,True
SU01572,InnovaHub S.R.L.,"Corso Buenos Aires, 61",Como,45.78848959355102,9.08484687392525,2020,"['Aerospace', 'Automazione Industriale', 'Marketing Digitale']",10000,42787,2,False
SU01573,DataAnalytics S.R.L.,"Corso Buenos Aires, 27",Milano,45.4574109456802,9.148997119600454,2022,['Automotive Tech'],49727,1686756,3,True
SU01574,SmartSystems S.R.L.,"Via Montenapoleone, 45",Brescia,45.52076438876407,10.220761680767147,2023,['Robotica'],10000,521787,1,True
SU01575,FutureSystems S.R.L.,"Via Garibaldi, 76",Milano,45.465652845500145,9.192896544717183,2022,['Blockchain'],16119,92535,1,True
SU01576,SmartLab S.R.L.,"Via Dante, 55",Varese,45.82296265338423,8.832862288118568,2021,"['Automazione Industriale', 'Blockchain']",22272,146887,6,True
SU01577,FutureSolutions S.R.L.,"Via Roma, 24",Milano,45.50548648382453,9.220004865608887,2021,['Fabbricazione Macchinari'],10000,899091,10,True
SU01578,CyberHub S.R.L.,"Via Manzoni, 131",Milano,45.44775432190715,9.178644133158551,2019,['Biotecnologie'],10000,54751,7,True
SU01579,FutureEngine S.R.L.,"Via Brera, 39",Milano,45.46625154631256,9.143142115716755,2022,"['Automazione Industriale', 'Marketing Digitale']",10000,205628,2,True
SU01580,DataEngine S.R.L.,"Via Dante, 73",Mantova,45.155257400182485,10.808193582017976,2019,"['Computer e Prodotti Elettronici', 'Ricerca e Sviluppo']",10000,201265,5,True
SU01581,SmartEngine S.R.L.,"Via Manzoni, 76",Mantova,45.156581201075134,10.779430395471516,2022,['IoT'],15971,695118,4,True
SU01582,NanoLab S.R.L.,"Via Brera, 103",Milano,45.443982437154375,9.183804616431674,2022,"['IoT', 'Marketing Digitale']",33717,23327,6,True
SU01583,GreenSystems S.R.L.,"Via Dante, 87",Milano,45.488736838823385,9.212903682000098,2019,"['Ricerca e Sviluppo', 'Blockchain', 'Computer e Prodotti Elettronici']",10000,16418,1,True
SU01584,TechLogic S.R.L.,"Via Milano, 146",Milano,45.45851538463777,9.183096629388377,2024,"['Automazione Industriale', 'Intelligenza Artificiale']",28985,202735,8,True
SU01585,InnovaEngine S.R.L.,"Via Milano, 141",Milano,45.448786610383024,9.212297585345539,2021,"['Intelligenza Artificiale', 'IoT', 'Automazione Industriale']",23400,2269,6,True
SU01586,BioAnalytics S.R.L.,"Via Roma, 7",Cremona,45.13416256243342,9.933387922729423,2023,"['Fabbricazione Macchinari', 'Energia Rinnovabile']",10000,5526,4,True
SU01587,TechLogic S.R.L.,"Via Brera, 62",Milano,45.463727845927394,9.200043307492743,2025,"['Marketing Digitale', 'Energia Rinnovabile']",10000,234205,10,True
SU01588,DataAnalytics S.R.L.,"Via Montenapoleone, 50",Milano,45.465687711227304,9.2024236217173,2024,"['Automazione Industriale', 'Ricerca e Sviluppo']",10000,9108,0,True
SU01589,DigitalEngine S.R.L.,"Via Milano, 66",Milano,45.49816244266206,9.193444542649228,2020,"['Automotive Tech', 'Cybersecurity']",10000,264612,0,True
SU01590,GreenDynamics S.R.L.,"Via Milano, 135",Milano,45.43267204574581,9.203434217302043,2020,"['Fabbricazione Macchinari', 'Salute Digitale', 'Software & Consulenza Informatica']",35448,11477,2,True
SU01591,DigitalLogic S.R.L.,"Via Roma, 65",Pavia,45.189784747220536,9.148329395479195,2020,"['Fabbricazione Macchinari', 'Aerospace']",10000,15912,0,True
SU01592,BioDynamics S.R.L.,"Via Roma, 56",Monza e della Brianza,45.58340326213062,9.270388716602973,2022,['Fintech'],235238,35661,0,False
SU01593,TechAnalytics S.R.L.,"Via Dante, 100",Milano,45.438165795719556,9.200682782048473,2022,['Fabbricazione Macchinari'],18479,2711231,0,True
SU01594,GreenEngine S.R.L.,"Via Milano, 16",Milano,45.43979576158124,9.208568626105393,2023,"['Cleantech', 'Intelligenza Artificiale']",10000,109120,0,True
SU01595,GreenSystems S.R.L.,"Via Milano, 28",Milano,45.44130627027889,9.14422639491673,2022,"['Automazione Industriale', 'Automotive Tech', 'Blockchain']",10000,32483,2,True
SU01596,CyberSystems S.R.L.,"Via Milano, 141",Milano,45.44823059577302,9.202757707480878,2021,['Servizi di Informazione'],10000,32254,2,True
SU01597,TechWorks S.R.L.,"Via Montenapoleone, 85",Milano,45.43191613710058,9.19124751631805,2024,"['Automotive Tech', 'Biotecnologie']",10000,1190137,30,True
SU01598,DataAnalytics S.R.L.,"Via Brera, 124",Milano,45.44018570043053,9.188074470804015,2021,"['Automazione Industriale', 'Ricerca e Sviluppo']",14022,10383,2,True
SU01599,InnovaWorks S.R.L.,"Via Montenapoleone, 104",Como,45.777625126357854,9.060922300871033,2023,"['Robotica', 'Cleantech']",31001,90012,3,True
SU01600,NanoLab S.R.L.,"Via Manzoni, 57",Milano,45.46501284241345,9.16762899034788,2024,['Servizi di Informazione'],36841,72637,0,True
SU01601,GreenSystems S.R.L.,"Via Roma, 5",Milano,45.45409909650633,9.203845441198496,2021,['E-commerce'],12963,59045,2,True
SU01602,FutureEngine S.R.L.,"Via Manzoni, 147",Milano,45.465715065199554,9.184184737196812,2024,"['Biotecnologie', 'Intelligenza Artificiale']",10000,645287,0,True
SU01603,SmartLogic S.R.L.,"Via Montenapoleone, 9",Milano,45.444091435862,9.171494424681578,2020,['IoT'],12254,142206,0,True
SU01604,SmartEngine S.R.L.,"Via Manzoni, 118",Brescia,45.52808430814898,10.215850168546812,2024,['Computer e Prodotti Elettronici'],43641,124247,0,True
SU01605,BioSystems S.R.L.,"Via Brera, 101",Brescia,45.54550390628222,10.217443758210019,2024,['Automazione Industriale'],24828,138471,2,True
SU01606,SmartEngine S.R.L.,"Via Brera, 109",Bergamo,45.677903377183284,9.646428025676544,2024,"['Cybersecurity', 'Fintech']",10000,5459,7,True
SU01607,GreenAnalytics S.R.L.,"Via Manzoni, 122",Milano,45.47698128386637,9.208899481125943,2020,"['Computer e Prodotti Elettronici', 'Marketing Digitale', 'Automotive Tech']",15227,42876,2,True
SU01608,GreenDynamics S.R.L.,"Corso Buenos Aires, 84",Milano,45.458202549430126,9.184036160441119,2020,"['Robotica', 'Automazione Industriale']",234679,94381,7,True
SU01609,GreenWorks S.R.L.,"Via Montenapoleone, 27",Como,45.80573624792788,9.07647821295303,2024,"['E-commerce', 'Fabbricazione Macchinari']",231408,14526,2,True
SU01610,DataVision S.R.L.,"Via Montenapoleone, 54",Milano,45.42382384880191,9.156074851980177,2022,"['Automotive Tech', 'Ricerca e Sviluppo']",14456,5000000,8,True
SU01611,GreenSolutions S.R.L.,"Via Garibaldi, 78",Milano,45.43835262293817,9.212156817211767,2024,"['Ricerca e Sviluppo', 'Fintech']",10000,205709,7,True
SU01612,DigitalWorks S.R.L.,"Via Dante, 87",Brescia,45.52650124869369,10.18263599704698,2022,"['Automazione Industriale', 'E-commerce']",61137,116296,1,True
SU01613,DataHub S.R.L.,"Corso Buenos Aires, 81",Milano,45.450663252679206,9.18491892137246,2020,['Automazione Industriale'],10000,344703,1,True
SU01614,TechAnalytics S.R.L.,"Via Montenapoleone, 28",Cremona,45.11353030449901,10.039148549947535,2025,['Robotica'],15004,165650,2,True
SU01615,GreenVision S.R.L.,"Via Milano, 87",Milano,45.447466933123714,9.178701393812869,2022,"['Salute Digitale', 'Automazione Industriale']",11110,589729,6,True
SU01616,InnovaLab S.R.L.,"Via Roma, 95",Sondrio,46.18994882213596,9.90243243186886,2021,['Salute Digitale'],28475,331202,5,True
SU01617,DigitalLab S.R.L.,"Via Dante, 67",Varese,45.82487432835588,8.855719664552746,2020,"['Cybersecurity', 'Robotica']",40747,510107,30,True
SU01618,FutureSolutions S.R.L.,"Via Dante, 123",Milano,45.45134070756108,9.18931890001273,2024,"['Automotive Tech', 'IoT']",10000,55872,4,True
SU01619,BioVision S.R.L.,"Via Manzoni, 78",Milano,45.46828875210777,9.181406935439663,2021,"['Intelligenza Artificiale', 'Computer e Prodotti Elettronici']",27364,778021,0,True
SU01620,DataSolutions S.R.L.,"Via Garibaldi, 45",Como,45.811955680071776,9.048716836692021,2022,['Cleantech'],11716,93923,1,False
SU01621,NanoSolutions S.R.L.,"Via Garibaldi, 113",Milano,45.467561851508215,9.209345991323628,2020,"['Marketing Digitale', 'Automotive Tech']",10000,371257,2,True
SU01622,BioAnalytics S.R.L.,"Via Garibaldi, 100",Milano,45.442361256896184,9.182362017930826,2021,"['Cybersecurity', 'Computer e Prodotti Elettronici']",10000,5000000,8,True
SU01623,NanoWorks S.R.L.,"Via Dante, 141",Milano,45.47462861052887,9.191556722335045,2022,"['Energia Rinnovabile', 'Aerospace']",10000,2948226,3,True
SU01624,NanoLab S.R.L.,"Via Manzoni, 131",Milano,45.43783563297171,9.20674648108233,2022,"['Automotive Tech', 'Aerospace']",10000,53847,0,True
SU01625,DigitalVision S.R.L.,"Via Dante, 88",Milano,45.451350563286304,9.209974576127992,2020,"['Software & Consulenza Informatica', 'Automazione Industriale']",10000,28956,2,True
SU01626,GreenVision S.R.L.,"Via Brera, 69",Milano,45.4718104239576,9.179189589977042,2019,"['Robotica', 'Salute Digitale']",139844,28436,0,False
SU01627,CyberLogic S.R.L.,"Via Dante, 76",Bergamo,45.66484977922261,9.665211326019971,2024,"['Cleantech', 'Automotive Tech', 'IoT']",55107,38626,1,True
SU01628,GreenWorks S.R.L.,"Via Brera, 130",Milano,45.43767307518313,9.18730187635772,2021,"['Aerospace', 'Servizi di Informazione', 'Software & Consulenza Informatica']",10000,56070,1,True
SU01629,SmartVision S.R.L.,"Via Montenapoleone, 141",Milano,45.47077814978118,9.206518060612717,2021,"['Ricerca e Sviluppo', 'Fintech', 'Automotive Tech']",83258,70290,5,True
SU01630,SmartEngine S.R.L.,"Via Brera, 17",Brescia,45.57046585906622,10.201280049870304,2021,"['Cybersecurity', 'Blockchain']",10000,247081,2,False
SU01631,NanoSystems S.R.L.,"Via Roma, 89",Brescia,45.52298838390071,10.230608001320157,2023,"['Blockchain', 'Energia Rinnovabile', 'Salute Digitale']",39550,57291,40,True
SU01632,DigitalWorks S.R.L.,"Via Manzoni, 43",Como,45.80289014827321,9.09002036291721,2021,"['Computer e Prodotti Elettronici', 'Ricerca e Sviluppo']",10000,241244,1,True
SU01633,GreenLogic S.R.L.,"Via Montenapoleone, 104",Milano,45.472043156111646,9.186608216926617,2020,['Cybersecurity'],10000,79053,25,True
SU01634,SmartDynamics S.R.L.,"Via Roma, 32",Milano,45.4669240704775,9.221265874958881,2023,"['Robotica', 'Computer e Prodotti Elettronici']",21870,3426,2,True
SU01635,NanoSystems S.R.L.,"Corso Buenos Aires, 109",Lecco,45.86719223797307,9.35412790805521,2021,"['Fabbricazione Macchinari', 'Aerospace']",10000,118210,0,True
SU01636,SmartWorks S.R.L.,"Via Brera, 116",Como,45.83715282553228,9.106738721427197,2020,"['Ricerca e Sviluppo', 'Servizi di Informazione']",28362,51738,2,True
SU01637,TechDynamics S.R.L.,"Via Milano, 33",Pavia,45.16359776929983,9.153388425455628,2022,"['Fabbricazione Macchinari', 'Intelligenza Artificiale']",23827,680339,0,True
SU01638,TechWorks S.R.L.,"Via Manzoni, 138",Bergamo,45.68544034179653,9.69538486657498,2021,"['Marketing Digitale', 'Biotecnologie']",10000,51394,1,True
SU01639,SmartSystems S.R.L.,"Via Garibaldi, 78",Milano,45.479273613112476,9.181545910293735,2021,"['Cleantech', 'Blockchain', 'Software & Consulenza Informatica']",10000,270166,1,True
SU01640,DigitalSystems S.R.L.,"Via Brera, 144",Milano,45.43184779366531,9.16980510643792,2021,['Fabbricazione Macchinari'],63003,806874,2,True
SU01641,DataDynamics S.R.L.,"Via Garibaldi, 86",Milano,45.459376242944856,9.146483947123395,2022,"['Marketing Digitale', 'Automotive Tech']",16839,54012,4,True
SU01642,BioLogic S.R.L.,"Corso Buenos Aires, 123",Milano,45.4789030836662,9.174178794408103,2022,"['Automotive Tech', 'Fabbricazione Macchinari']",57263,398561,2,False
SU01643,DigitalVision S.R.L.,"Via Dante, 53",Bergamo,45.71505697547933,9.673665571104268,2020,['Automotive Tech'],10000,9471,3,True
SU01644,CyberHub S.R.L.,"Corso Buenos Aires, 1",Milano,45.47337447084821,9.218962353220899,2022,"['E-commerce', 'IoT']",15813,2381500,1,True
SU01645,BioHub S.R.L.,"Corso Buenos Aires, 84",Sondrio,46.16160179428009,9.865370920913966,2023,"['Automazione Industriale', 'Robotica']",10000,128584,1,True
SU01646,DigitalHub S.R.L.,"Via Garibaldi, 99",Como,45.7792723003438,9.093438620102939,2020,['Blockchain'],24373,479677,3,True
SU01647,FutureSolutions S.R.L.,"Corso Buenos Aires, 82",Milano,45.4526797204656,9.19496824127109,2023,['Servizi di Informazione'],10000,12468,1,True
SU01648,SmartVision S.R.L.,"Via Manzoni, 110",Milano,45.47728186897702,9.174608625711906,2021,['Ricerca e Sviluppo'],25198,282762,2,True
SU01649,CyberHub S.R.L.,"Corso Buenos Aires, 78",Brescia,45.52405534179127,10.219166545232188,2021,['Aerospace'],10473,44601,1,True
SU01650,DigitalSystems S.R.L.,"Via Manzoni, 86",Milano,45.421118678718905,9.179585058966014,2023,['Marketing Digitale'],26187,31337,4,True
SU01651,TechHub S.R.L.,"Corso Buenos Aires, 113",Milano,45.4537880583727,9.187051150968255,2019,['Computer e Prodotti Elettronici'],11766,331245,0,True
SU01652,DigitalEngine S.R.L.,"Corso Buenos Aires, 135",Milano,45.49948584137455,9.229304452888032,2022,['Aerospace'],11968,503767,2,True
SU01653,TechLogic S.R.L.,"Via Manzoni, 36",Bergamo,45.66764156417857,9.684402857285459,2023,"['Salute Digitale', 'Energia Rinnovabile']",83517,10661,1,True
SU01654,GreenSolutions S.R.L.,"Via Milano, 145",Monza e della Brianza,45.58816495772757,9.297927895188474,2021,['Marketing Digitale'],112984,133164,1,True
SU01655,CyberSolutions S.R.L.,"Via Milano, 116",Como,45.84468347147121,9.098084059575546,2019,"['Cleantech', 'IoT', 'Computer e Prodotti Elettronici']",13072,2585781,6,True
SU01656,DataVision S.R.L.,"Corso Buenos Aires, 108",Milano,45.48429581684438,9.210235053009981,2021,"['Computer e Prodotti Elettronici', 'E-commerce']",24444,560189,1,True
SU01657,CyberDynamics S.R.L.,"Via Manzoni, 121",Milano,45.45668137269554,9.129213999977829,2020,"['Salute Digitale', 'Computer e Prodotti Elettronici']",10000,235840,1,True
SU01658,NanoHub S.R.L.,"Via Manzoni, 55",Milano,45.46978278502307,9.202694838136972,2024,"['Servizi di Informazione', 'Computer e Prodotti Elettronici', 'Marketing Digitale']",46394,63900,4,False
SU01659,TechWorks S.R.L.,"Via Roma, 17",Milano,45.4345574480109,9.174963646274238,2024,['Fabbricazione Macchinari'],10000,12935,5,True
SU01660,BioSystems S.R.L.,"Via Brera, 98",Milano,45.49480830103771,9.160857173396156,2025,"['Energia Rinnovabile', 'Intelligenza Artificiale', 'Biotecnologie']",10000,1496722,0,True
SU01661,BioLab S.R.L.,"Via Garibaldi, 13",Cremona,45.12366145738455,10.019984143157215,2022,['Marketing Digitale'],10000,204983,1,True
SU01662,TechDynamics S.R.L.,"Via Milano, 110",Milano,45.4801787382819,9.195937220271198,2020,"['Software & Consulenza Informatica', 'IoT']",10000,115343,2,True
SU01663,NanoHub S.R.L.,"Via Montenapoleone, 60",Sondrio,46.18382748555925,9.888593978917665,2023,['Software & Consulenza Informatica'],14806,43211,1,True
SU01664,TechSolutions S.R.L.,"Via Dante, 99",Milano,45.47190754043281,9.175087962091325,2022,"['Cleantech', 'Cybersecurity']",10000,891198,0,True
SU01665,FutureDynamics S.R.L.,"Via Roma, 76",Milano,45.44902965902835,9.211526207146655,2022,['Ricerca e Sviluppo'],67142,316723,2,True
SU01666,CyberEngine S.R.L.,"Via Roma, 46",Milano,45.54202753882558,9.163258536852002,2022,['Salute Digitale'],33231,248403,7,True
SU01667,DigitalDynamics S.R.L.,"Via Montenapoleone, 41",Milano,45.4630287589891,9.170540064709545,2021,"['Cybersecurity', 'Automazione Industriale']",10000,71304,0,False
SU01668,FutureSystems S.R.L.,"Via Dante, 43",Milano,45.47187195762367,9.19955152222794,2020,"['Aerospace', 'Ricerca e Sviluppo']",14656,837489,6,True
SU01669,DigitalSolutions S.R.L.,"Via Milano, 127",Milano,45.44232845159013,9.211202803423808,2023,"['Computer e Prodotti Elettronici', 'Intelligenza Artificiale', 'Marketing Digitale']",10000,7185,0,True
SU01670,DataDynamics S.R.L.,"Via Manzoni, 119",Bergamo,45.68418574045958,9.682300175175437,2021,['E-commerce'],10761,2089906,2,False
SU01671,DataLab S.R.L.,"Via Manzoni, 34",Milano,45.42362453038687,9.193137952717185,2022,"['Salute Digitale', 'Software & Consulenza Informatica', 'Marketing Digitale']",10000,95078,1,True
SU01672,DigitalSystems S.R.L.,"Via Roma, 48",Milano,45.4692178455874,9.211397368170802,2023,"['Marketing Digitale', 'Energia Rinnovabile', 'Automotive Tech']",10000,13259,5,True
SU01673,CyberEngine S.R.L.,"Via Milano, 119",Cremona,45.135651354146134,10.005730201433492,2021,['Ricerca e Sviluppo'],10000,65168,5,True
SU01674,FutureVision S.R.L.,"Via Montenapoleone, 73",Milano,45.443693408984636,9.164970588752771,2022,"['IoT', 'Intelligenza Artificiale']",19838,110390,0,True
SU01675,SmartHub S.R.L.,"Via Roma, 113",Milano,45.47964948024054,9.217873935016955,2020,"['Energia Rinnovabile', 'Software & Consulenza Informatica']",21123,39899,6,True
SU01676,BioEngine S.R.L.,"Via Montenapoleone, 136",Milano,45.466992765514576,9.17401352515744,2020,"['Software & Consulenza Informatica', 'Marketing Digitale', 'IoT']",10000,74194,2,True
SU01677,CyberEngine S.R.L.,"Via Garibaldi, 16",Brescia,45.570454690590914,10.238389097578219,2023,['Intelligenza Artificiale'],80958,125637,6,True
SU01678,BioHub S.R.L.,"Corso Buenos Aires, 5",Sondrio,46.16494683620217,9.87334394339966,2024,['Robotica'],10000,9196,0,True
SU01679,TechVision S.R.L.,"Corso Buenos Aires, 64",Bergamo,45.68855861176044,9.6876652481997,2022,['E-commerce'],42312,283737,20,True
SU01680,TechWorks S.R.L.,"Corso Buenos Aires, 126",Milano,45.47431852563133,9.19427796635155,2021,"['Intelligenza Artificiale', 'Fintech']",10000,760879,6,True
SU01681,CyberWorks S.R.L.,"Via Manzoni, 104",Milano,45.4748740953043,9.187734365721544,2024,"['Servizi di Informazione', 'IoT']",20014,125671,30,True
SU01682,CyberHub S.R.L.,"Via Dante, 27",Milano,45.42259021769764,9.214120893436588,2021,"['Intelligenza Artificiale', 'Salute Digitale', 'Blockchain']",10000,84898,7,True
SU01683,GreenDynamics S.R.L.,"Corso Buenos Aires, 61",Brescia,45.54824620010542,10.221627679825975,2020,"['E-commerce', 'Fabbricazione Macchinari', 'Computer e Prodotti Elettronici']",53036,112584,1,True
SU01684,TechHub S.R.L.,"Via Milano, 84",Milano,45.42594778313623,9.198986701053759,2024,['Automotive Tech'],36194,113629,4,True
SU01685,DataSystems S.R.L.,"Via Garibaldi, 11",Bergamo,45.66432557591147,9.673279677283395,2020,['Blockchain'],21460,19694,6,False
SU01686,InnovaSolutions S.R.L.,"Via Roma, 15",Brescia,45.54256824227617,10.209468905471416,2022,"['Software & Consulenza Informatica', 'Cybersecurity']",25030,1332621,2,True
SU01687,CyberWorks S.R.L.,"Via Garibaldi, 149",Milano,45.495189299255905,9.168103073016875,2023,"['IoT', 'Cleantech', 'Fabbricazione Macchinari']",24374,17689,3,True
SU01688,GreenDynamics S.R.L.,"Via Brera, 144",Milano,45.45811112409724,9.196730957658785,2022,['Energia Rinnovabile'],10000,48510,2,True
SU01689,GreenWorks S.R.L.,"Via Milano, 91",Milano,45.45526522103326,9.193598761774869,2024,"['Servizi di Informazione', 'Aerospace', 'Cybersecurity']",10000,82774,2,True
SU01690,GreenSystems S.R.L.,"Via Dante, 142",Milano,45.46035537817796,9.219253747556778,2021,"['Blockchain', 'Automazione Industriale', 'IoT']",10000,415515,0,True
SU01691,BioSolutions S.R.L.,"Via Milano, 125",Brescia,45.515947604369515,10.19692746418517,2022,"['Fintech', 'Cybersecurity']",21801,79631,0,True
SU01692,FutureVision S.R.L.,"Via Dante, 66",Milano,45.45449724508494,9.196359391432757,2025,"['Software & Consulenza Informatica', 'Cybersecurity', 'Fabbricazione Macchinari']",87638,169227,8,True
SU01693,GreenHub S.R.L.,"Via Garibaldi, 73",Milano,45.46186106750629,9.249041736077142,2024,"['Fintech', 'E-commerce']",44803,71816,3,False
SU01694,NanoDynamics S.R.L.,"Via Montenapoleone, 99",Milano,45.48398537478145,9.159502877419012,2019,['Intelligenza Artificiale'],10000,202271,5,True
SU01695,BioSolutions S.R.L.,"Via Milano, 94",Milano,45.46479954243077,9.177957127549185,2022,['Energia Rinnovabile'],10000,27384,1,True
SU01696,InnovaLab S.R.L.,"Corso Buenos Aires, 41",Milano,45.43626222864964,9.217077995918912,2021,"['E-commerce', 'Salute Digitale', 'Computer e Prodotti Elettronici']",10000,1411525,6,True
SU01697,NanoLogic S.R.L.,"Via Dante, 118",Como,45.79865820955142,9.055031505935498,2019,"['IoT', 'Energia Rinnovabile', 'E-commerce']",13115,39794,4,True
SU01698,GreenLab S.R.L.,"Via Brera, 16",Milano,45.47488974973029,9.203252143733504,2024,"['Computer e Prodotti Elettronici', 'IoT']",48497,98413,0,True
SU01699,DigitalAnalytics S.R.L.,"Corso Buenos Aires, 36",Milano,45.463797290870176,9.168046683706603,2021,"['Fabbricazione Macchinari', 'Blockchain']",78154,187116,7,True
SU01700,CyberHub S.R.L.,"Via Dante, 131",Brescia,45.55195423266243,10.202442016398034,2021,['Servizi di Informazione'],24516,57965,1,True
SU01701,BioHub S.R.L.,"Via Roma, 142",Milano,45.46822171318308,9.166159321792458,2025,"['Aerospace', 'Salute Digitale', 'Computer e Prodotti Elettronici']",10000,151957,0,True
SU01702,NanoLogic S.R.L.,"Via Milano, 82",Milano,45.487460994517626,9.216335400308877,2019,['Biotecnologie'],10000,13169,3,False
SU01703,SmartAnalytics S.R.L.,"Via Milano, 26",Milano,45.43920672493927,9.194779108067376,2021,"['Ricerca e Sviluppo', 'Fabbricazione Macchinari', 'Aerospace']",51169,140675,2,True
SU01704,DigitalLogic S.R.L.,"Via Milano, 97",Brescia,45.54635444801841,10.193704614915283,2024,"['Aerospace', 'Software & Consulenza Informatica']",13686,4789,5,True
SU01705,CyberHub S.R.L.,"Via Dante, 65",Milano,45.46048081597658,9.20067666491625,2021,['Ricerca e Sviluppo'],10000,22115,2,True
SU01706,NanoVision S.R.L.,"Via Montenapoleone, 132",Brescia,45.5252964759268,10.18917480925742,2022,"['Cybersecurity', 'Cleantech']",10000,1142016,2,True
SU01707,FutureWorks S.R.L.,"Via Dante, 139",Milano,45.49235321552877,9.218957818161801,2023,"['Servizi di Informazione', 'Biotecnologie']",10000,188290,1,True
SU01708,DigitalHub S.R.L.,"Via Milano, 42",Monza e della Brianza,45.59694290037021,9.273795436810817,2021,"['Blockchain', 'Automotive Tech', 'IoT']",34500,36259,1,True
SU01709,NanoLogic S.R.L.,"Corso Buenos Aires, 134",Milano,45.466242508166765,9.179544987082311,2024,['Robotica'],12555,449163,2,True
SU01710,GreenHub S.R.L.,"Via Roma, 144",Milano,45.45293201836882,9.20227195643594,2022,"['Blockchain', 'Servizi di Informazione', 'Computer e Prodotti Elettronici']",24523,635709,40,True
SU01711,GreenAnalytics S.R.L.,"Corso Buenos Aires, 99",Milano,45.45179281547597,9.184917094338557,2021,"['Robotica', 'Cybersecurity', 'Computer e Prodotti Elettronici']",34097,103081,1,False
SU01712,DigitalDynamics S.R.L.,"Via Brera, 35",Cremona,45.11490498550695,9.988356807192737,2025,"['Software & Consulenza Informatica', 'Biotecnologie']",10000,475740,7,False
SU01713,CyberLab S.R.L.,"Via Roma, 36",Brescia,45.53480275422807,10.232839272430313,2024,['Fintech'],10000,258120,6,True
SU01714,DigitalHub S.R.L.,"Via Montenapoleone, 41",Milano,45.465926773181415,9.181596323565355,2022,['Cleantech'],31647,532537,9,True
SU01715,BioSystems S.R.L.,"Via Dante, 93",Milano,45.467892771607026,9.17367891882185,2019,['Energia Rinnovabile'],45131,5000000,1,True
SU01716,DataLab S.R.L.,"Via Garibaldi, 145",Milano,45.48540777495519,9.163810102207298,2022,"['Biotecnologie', 'Software & Consulenza Informatica', 'Fintech']",10000,83806,5,True
SU01717,NanoLogic S.R.L.,"Via Milano, 112",Milano,45.45926504772451,9.185930094210496,2025,"['IoT', 'Biotecnologie', 'Salute Digitale']",10000,15130,0,False
SU01718,NanoEngine S.R.L.,"Via Dante, 51",Milano,45.44909998266369,9.194789530820364,2020,['Intelligenza Artificiale'],36094,866855,5,True
SU01719,DataWorks S.R.L.,"Via Dante, 3",Milano,45.48005276495705,9.178670557140688,2025,"['Fabbricazione Macchinari', 'Blockchain']",22719,151272,6,True
SU01720,InnovaSolutions S.R.L.,"Via Roma, 89",Milano,45.47935924605173,9.21324951135503,2023,['Blockchain'],241460,76071,0,True
SU01721,FutureSolutions S.R.L.,"Via Roma, 79",Milano,45.44709937153211,9.143842931972243,2020,"['Ricerca e Sviluppo', 'Biotecnologie']",10000,1774166,15,True
SU01722,BioLogic S.R.L.,"Via Garibaldi, 19",Como,45.809852224225864,9.077106484673676,2019,"['E-commerce', 'Automotive Tech']",124321,8468,2,True
SU01723,DataVision S.R.L.,"Via Garibaldi, 21",Milano,45.46709760773391,9.20040591041175,2023,['Ricerca e Sviluppo'],10000,13063,1,True
SU01724,DataDynamics S.R.L.,"Corso Buenos Aires, 98",Milano,45.46254110282571,9.217516518131353,2023,"['Blockchain', 'Automazione Industriale']",10000,16295,0,True
SU01725,FutureDynamics S.R.L.,"Via Montenapoleone, 131",Como,45.77692931161711,9.063385559109998,2022,"['Robotica', 'Computer e Prodotti Elettronici', 'Cybersecurity']",12246,185708,0,True
SU01726,InnovaSystems S.R.L.,"Corso Buenos Aires, 149",Milano,45.45767913301815,9.19635522851829,2022,"['IoT', 'Fabbricazione Macchinari']",34384,42749,0,True
SU01727,FutureHub S.R.L.,"Via Manzoni, 43",Milano,45.430399784242994,9.178132858930663,2025,"['Automotive Tech', 'Servizi di Informazione', 'Blockchain']",10000,48432,3,True
SU01728,BioAnalytics S.R.L.,"Via Manzoni, 133",Milano,45.473358357780725,9.192418627225068,2019,"['Fintech', 'Automotive Tech']",28127,223539,10,True
SU01729,DigitalWorks S.R.L.,"Via Dante, 73",Milano,45.4582969204976,9.20117965660449,2024,"['IoT', 'Aerospace']",18944,100523,2,True
SU01730,BioAnalytics S.R.L.,"Via Roma, 17",Milano,45.46899495176414,9.19832442049823,2023,['Automazione Industriale'],25443,45712,0,True
SU01731,TechDynamics S.R.L.,"Corso Buenos Aires, 79",Milano,45.48770883797999,9.202515508897246,2019,"['Aerospace', 'Cybersecurity']",15369,195279,1,True
SU01732,FutureWorks S.R.L.,"Via Dante, 144",Milano,45.47106479642221,9.208140708350978,2024,"['Aerospace', 'Software & Consulenza Informatica']",21027,21854,5,True
SU01733,GreenLogic S.R.L.,"Corso Buenos Aires, 118",Milano,45.45340086489005,9.151136872958078,2022,"['Energia Rinnovabile', 'Aerospace']",13177,5000000,7,True
SU01734,BioLogic S.R.L.,"Via Dante, 48",Milano,45.4661336400899,9.203786406212537,2022,"['E-commerce', 'IoT', 'Servizi di Informazione']",10000,27623,4,True
SU01735,GreenEngine S.R.L.,"Corso Buenos Aires, 49",Milano,45.43288672605684,9.164688240222903,2020,"['Biotecnologie', 'Computer e Prodotti Elettronici']",85309,153863,3,True
SU01736,InnovaLab S.R.L.,"Corso Buenos Aires, 65",Mantova,45.206405229359596,10.770169980247307,2020,"['Software & Consulenza Informatica', 'Salute Digitale']",10489,629598,9,True
SU01737,NanoVision S.R.L.,"Via Montenapoleone, 41",Milano,45.45100863990598,9.190875928163418,2022,['Robotica'],21429,40512,9,True
SU01738,CyberVision S.R.L.,"Via Garibaldi, 54",Pavia,45.169679852458714,9.13215080578356,2021,"['Computer e Prodotti Elettronici', 'Robotica']",28127,83938,1,True
SU01739,SmartSolutions S.R.L.,"Via Manzoni, 13",Como,45.82796582283121,9.108392349500603,2022,['Cleantech'],10000,173903,6,False
SU01740,NanoLab S.R.L.,"Via Montenapoleone, 86",Milano,45.4408009015768,9.197330892910866,2024,['Cybersecurity'],14436,1611,1,True
SU01741,BioEngine S.R.L.,"Corso Buenos Aires, 37",Como,45.812797256155015,9.111322370872054,2023,"['IoT', 'Automazione Industriale']",63932,149071,4,True
SU01742,DigitalVision S.R.L.,"Via Montenapoleone, 45",Milano,45.48563920849118,9.188071867070626,2024,"['Fabbricazione Macchinari', 'Aerospace']",35293,46438,6,False
SU01743,DigitalSolutions S.R.L.,"Via Manzoni, 36",Milano,45.462485057904836,9.195977580089416,2019,['Servizi di Informazione'],10000,171943,10,False
SU01744,FutureDynamics S.R.L.,"Via Montenapoleone, 127",Milano,45.4681894260424,9.187585124808917,2020,"['E-commerce', 'Salute Digitale']",14143,851674,0,True
SU01745,SmartDynamics S.R.L.,"Via Roma, 77",Varese,45.827645355433226,8.839163796734455,2023,"['Automazione Industriale', 'Intelligenza Artificiale', 'Aerospace']",66900,163155,9,True
SU01746,FutureLab S.R.L.,"Via Milano, 38",Milano,45.47527103355597,9.195959619559595,2023,"['Automazione Industriale', 'Software & Consulenza Informatica', 'Robotica']",10000,2937,1,True
SU01747,DigitalLab S.R.L.,"Via Garibaldi, 30",Milano,45.45050927714709,9.184228058910398,2021,['Blockchain'],29686,889807,1,True
SU01748,DigitalAnalytics S.R.L.,"Via Brera, 78",Milano,45.47709301433443,9.206399865250479,2021,"['Ricerca e Sviluppo', 'Computer e Prodotti Elettronici']",10000,349938,4,True
SU01749,NanoAnalytics S.R.L.,"Via Dante, 120",Sondrio,46.144278107025585,9.857777786708166,2019,['Salute Digitale'],10000,316948,3,True
SU01750,GreenSystems S.R.L.,"Via Brera, 141",Milano,45.48998114775133,9.187255236229786,2023,['Servizi di Informazione'],66941,120712,7,True
SU01751,CyberVision S.R.L.,"Via Dante, 35",Milano,45.47638390725702,9.20957653319991,2021,"['Ricerca e Sviluppo', 'Fabbricazione Macchinari', 'Blockchain']",70141,69907,2,True
SU01752,GreenLab S.R.L.,"Via Roma, 28",Bergamo,45.665015358867734,9.679767575249066,2022,"['Robotica', 'E-commerce']",10000,9971,9,True
SU01753,GreenSystems S.R.L.,"Via Roma, 133",Milano,45.45189212742859,9.190955066171432,2023,['Automotive Tech'],17329,192885,1,True
SU01754,TechDynamics S.R.L.,"Corso Buenos Aires, 25",Milano,45.44873336915304,9.195332836259734,2022,['Fintech'],39287,25180,3,True
SU01755,GreenSystems S.R.L.,"Corso Buenos Aires, 22",Milano,45.47702955275219,9.171078394654858,2022,['Fintech'],194754,101156,1,False
SU01756,GreenEngine S.R.L.,"Via Dante, 32",Como,45.86849306284677,9.074841484036584,2021,['Marketing Digitale'],79507,185110,0,True
SU01757,BioVision S.R.L.,"Corso Buenos Aires, 57",Milano,45.47911729284695,9.221210365737514,2020,['Robotica'],12676,34991,8,True
SU01758,SmartDynamics S.R.L.,"Via Milano, 68",Brescia,45.54171331168831,10.207246068472783,2020,"['Fabbricazione Macchinari', 'Robotica', 'Software & Consulenza Informatica']",13965,167225,2,True
SU01759,BioHub S.R.L.,"Via Brera, 59",Bergamo,45.69459665658016,9.639846796764676,2020,"['Intelligenza Artificiale', 'Computer e Prodotti Elettronici', 'Automazione Industriale']",21714,257529,0,True
SU01760,GreenSystems S.R.L.,"Via Manzoni, 91",Milano,45.46043817350695,9.19091410265989,2019,"['Computer e Prodotti Elettronici', 'Software & Consulenza Informatica', 'Biotecnologie']",18956,65360,1,True
SU01761,BioLogic S.R.L.,"Via Garibaldi, 135",Como,45.794813552521575,9.072854520779265,2020,['Biotecnologie'],22679,451125,2,False
SU01762,GreenSystems S.R.L.,"Via Garibaldi, 64",Milano,45.46998245578389,9.184114401406609,2021,['Fabbricazione Macchinari'],10000,363479,2,True
SU01763,CyberHub S.R.L.,"Via Dante, 94",Como,45.835522374243325,9.062876004169185,2025,"['Ricerca e Sviluppo', 'Intelligenza Artificiale', 'Cybersecurity']",18348,34036,4,True
SU01764,GreenEngine S.R.L.,"Via Montenapoleone, 14",Milano,45.45758816208898,9.18612137496727,2021,['Energia Rinnovabile'],10000,9431,5,True
SU01765,SmartAnalytics S.R.L.,"Corso Buenos Aires, 128",Brescia,45.546132313733665,10.205725442152458,2021,"['Software & Consulenza Informatica', 'Fintech', 'Blockchain']",42527,72987,9,True
SU01766,BioEngine S.R.L.,"Via Manzoni, 60",Brescia,45.54034331050517,10.22169589568657,2021,"['Automazione Industriale', 'Marketing Digitale']",10000,192027,4,True
SU01767,BioVision S.R.L.,"Corso Buenos Aires, 86",Milano,45.44283459509292,9.202375624712662,2022,['Automazione Industriale'],23464,203841,1,True
SU01768,InnovaSystems S.R.L.,"Via Manzoni, 57",Milano,45.464948257070915,9.163232553766536,2021,"['Servizi di Informazione', 'Automotive Tech']",27062,588280,4,True
SU01769,TechHub S.R.L.,"Via Milano, 67",Milano,45.45562289594445,9.179633748403335,2024,['Fintech'],154993,256916,0,True
SU01770,TechWorks S.R.L.,"Via Milano, 122",Milano,45.45653043134766,9.194309789931777,2019,['Aerospace'],10000,191039,2,True
SU01771,DataVision S.R.L.,"Via Manzoni, 38",Bergamo,45.671773464696116,9.671188282525584,2024,['Robotica'],28803,204704,8,True
SU01772,TechLogic S.R.L.,"Via Manzoni, 139",Milano,45.4710712701525,9.193448071321388,2024,['Computer e Prodotti Elettronici'],126164,219470,2,True
SU01773,InnovaEngine S.R.L.,"Via Milano, 54",Brescia,45.529610551127114,10.218549327741723,2024,['E-commerce'],10000,13297,6,True
SU01774,FutureHub S.R.L.,"Via Dante, 83",Como,45.780741702230586,9.102223943674183,2021,['Aerospace'],269223,342258,10,True
SU01775,GreenSolutions S.R.L.,"Via Brera, 4",Milano,45.46431815618961,9.219303702867442,2024,['Cybersecurity'],25269,41734,15,True
SU01776,NanoHub S.R.L.,"Via Garibaldi, 130",Milano,45.47902696417785,9.176649429083492,2022,['Servizi di Informazione'],11137,5000000,6,True
SU01777,DataEngine S.R.L.,"Via Manzoni, 73",Milano,45.461705167642975,9.216721599314496,2022,"['Automazione Industriale', 'Marketing Digitale']",13516,99037,0,True
SU01778,TechAnalytics S.R.L.,"Via Dante, 18",Milano,45.472251536857854,9.193977824047845,2020,"['E-commerce', 'Automazione Industriale']",23363,384090,10,True
SU01779,DataDynamics S.R.L.,"Via Milano, 92",Milano,45.48309461697443,9.187771541245306,2019,"['Marketing Digitale', 'Blockchain']",10000,394994,4,True
SU01780,SmartDynamics S.R.L.,"Via Manzoni, 19",Milano,45.44414799007613,9.187172171670166,2022,"['Servizi di Informazione', 'Intelligenza Artificiale']",19951,74790,3,True
SU01781,DigitalSystems S.R.L.,"Via Dante, 4",Milano,45.44133704045908,9.210366794978563,2024,"['Intelligenza Artificiale', 'Marketing Digitale']",37099,395488,0,True
SU01782,BioLab S.R.L.,"Via Roma, 101",Brescia,45.52167602636096,10.171735269564408,2022,"['Biotecnologie', 'Automazione Industriale']",11911,165076,7,True
SU01783,SmartWorks S.R.L.,"Via Manzoni, 110",Milano,45.49011247565185,9.211792049346919,2021,"['Intelligenza Artificiale', 'Blockchain']",20945,61760,1,True
SU01784,CyberAnalytics S.R.L.,"Via Dante, 98",Milano,45.422635267603894,9.217708586730627,2022,['Computer e Prodotti Elettronici'],10000,181651,8,True
SU01785,SmartHub S.R.L.,"Via Montenapoleone, 99",Milano,45.4871135581174,9.178749702534946,2022,['Blockchain'],12835,515580,4,True
SU01786,NanoSolutions S.R.L.,"Corso Buenos Aires, 52",Milano,45.43993389079182,9.159424456512022,2022,['Marketing Digitale'],10000,28476,0,True
SU01787,FutureHub S.R.L.,"Corso Buenos Aires, 27",Milano,45.47685030592596,9.211419570293296,2019,"['Robotica', 'Biotecnologie']",10927,38489,0,True
SU01788,NanoSystems S.R.L.,"Via Dante, 21",Milano,45.45058473638779,9.242406911999678,2023,"['Servizi di Informazione', 'Fabbricazione Macchinari']",10000,23812,8,True
SU01789,GreenLab S.R.L.,"Corso Buenos Aires, 36",Milano,45.470927211298374,9.197325482675579,2022,['Fabbricazione Macchinari'],111713,27357,2,True
SU01790,SmartSolutions S.R.L.,"Via Brera, 61",Milano,45.486692708487,9.160080414190508,2024,"['IoT', 'Fintech']",10000,209523,2,True
SU01791,DigitalWorks S.R.L.,"Via Dante, 52",Milano,45.42991253969234,9.201652402291204,2019,"['Cybersecurity', 'Marketing Digitale']",10379,59089,1,True
SU01792,DataLab S.R.L.,"Via Garibaldi, 132",Brescia,45.529187453214625,10.197392887193033,2020,"['Robotica', 'Fabbricazione Macchinari']",71535,203642,4,True
SU01793,InnovaAnalytics S.R.L.,"Via Garibaldi, 64",Milano,45.481687242026595,9.184981859102974,2021,['Energia Rinnovabile'],15945,1151798,3,True
SU01794,InnovaLogic S.R.L.,"Via Garibaldi, 128",Brescia,45.53881054367896,10.20510171416845,2023,"['Servizi di Informazione', 'Intelligenza Artificiale']",27089,80915,2,True
SU01795,DigitalSystems S.R.L.,"Via Dante, 74",Milano,45.44089393486256,9.1961897736811,2021,"['Servizi di Informazione', 'Aerospace', 'Intelligenza Artificiale']",10000,60030,7,True
SU01796,DigitalVision S.R.L.,"Via Roma, 51",Milano,45.469243668180766,9.176398970167119,2023,['Fintech'],102360,141030,0,True
SU01797,BioLab S.R.L.,"Via Milano, 110",Milano,45.48319345064321,9.190420201360153,2021,['Aerospace'],10000,2373467,7,True
SU01798,InnovaWorks S.R.L.,"Via Brera, 33",Milano,45.47316674023219,9.16812137763469,2019,"['Ricerca e Sviluppo', 'Salute Digitale']",29905,179147,4,True
SU01799,TechVision S.R.L.,"Corso Buenos Aires, 36",Milano,45.463033060402275,9.1748934840516,2022,"['Automotive Tech', 'Biotecnologie', 'Automazione Industriale']",62536,48437,6,False
SU01800,BioLab S.R.L.,"Via Montenapoleone, 111",Lodi,45.319837001981426,9.476100159638412,2021,"['Ricerca e Sviluppo', 'Blockchain', 'Fintech']",10415,551461,6,False
SU01801,TechSystems S.R.L.,"Via Milano, 74",Milano,45.46861551662364,9.169348200320117,2021,"['Aerospace', 'Fabbricazione Macchinari', 'Computer e Prodotti Elettronici']",10000,87143,2,True
SU01802,FutureHub S.R.L.,"Via Brera, 130",Milano,45.45355864607484,9.19503960313529,2021,['Fintech'],10000,307679,0,True
SU01803,BioSolutions S.R.L.,"Via Roma, 123",Milano,45.45194630035574,9.226398940317269,2024,"['Fabbricazione Macchinari', 'Cleantech', 'IoT']",13035,53335,2,True
SU01804,NanoDynamics S.R.L.,"Via Brera, 99",Sondrio,46.18053963324482,9.894361106099973,2021,"['Robotica', 'E-commerce']",10000,1774336,4,True
SU01805,NanoLogic S.R.L.,"Via Dante, 36",Milano,45.49013474214573,9.157620075295894,2022,['Software & Consulenza Informatica'],10000,88557,0,True
SU01806,FutureDynamics S.R.L.,"Corso Buenos Aires, 141",Cremona,45.141294220439214,10.015470173214261,2025,"['Intelligenza Artificiale', 'Robotica']",17244,46918,5,True
SU01807,BioWorks S.R.L.,"Via Roma, 83",Milano,45.47620758216633,9.200917404774758,2022,"['Automazione Industriale', 'Servizi di Informazione']",347154,80648,8,True
SU01808,GreenSystems S.R.L.,"Via Manzoni, 41",Milano,45.45522811138261,9.2022619678232,2025,['Salute Digitale'],32357,289140,1,True
SU01809,TechLogic S.R.L.,"Via Dante, 41",Milano,45.451460709753896,9.207009726881855,2019,"['Computer e Prodotti Elettronici', 'Software & Consulenza Informatica']",10000,820191,4,True
SU01810,SmartAnalytics S.R.L.,"Via Dante, 149",Milano,45.474441379924684,9.221527375419782,2019,"['Cybersecurity', 'Automotive Tech', 'E-commerce']",36555,696750,1,True
SU01811,InnovaVision S.R.L.,"Via Garibaldi, 109",Bergamo,45.701286584023606,9.66722054712974,2019,"['Cleantech', 'Cybersecurity', 'Servizi di Informazione']",10000,1581323,0,True
SU01812,FutureLogic S.R.L.,"Corso Buenos Aires, 110",Milano,45.477456835384466,9.173817422028707,2022,"['Automotive Tech', 'E-commerce']",10000,77306,0,True
SU01813,FutureSystems S.R.L.,"Via Roma, 143",Como,45.79838247757229,9.11282076647405,2022,"['Robotica', 'E-commerce']",20567,282659,1,True
SU01814,DigitalAnalytics S.R.L.,"Via Garibaldi, 95",Milano,45.46807163413921,9.223333895734495,2021,"['Servizi di Informazione', 'Software & Consulenza Informatica', 'Aerospace']",18879,139265,1,True
SU01815,DataLab S.R.L.,"Via Roma, 60",Bergamo,45.68857666640362,9.662676355462052,2023,['Servizi di Informazione'],10000,4159,1,False
SU01816,TechWorks S.R.L.,"Via Montenapoleone, 121",Milano,45.43294659159108,9.19752800326628,2023,['Automotive Tech'],10000,56169,7,True
SU01817,InnovaLab S.R.L.,"Via Brera, 90",Bergamo,45.682267731006945,9.676430818226006,2020,"['Fintech', 'Blockchain']",75878,42094,2,True
SU01818,InnovaSystems S.R.L.,"Corso Buenos Aires, 136",Milano,45.43971113869505,9.172562727848693,2023,['E-commerce'],188755,1087,4,True
SU01819,BioSystems S.R.L.,"Via Garibaldi, 11",Milano,45.48009682506811,9.185981216590818,2019,['IoT'],20150,898190,5,True
SU01820,BioEngine S.R.L.,"Via Roma, 102",Como,45.81723089333558,9.096337048430456,2024,"['Computer e Prodotti Elettronici', 'Servizi di Informazione']",16171,1926,6,True
SU01821,BioWorks S.R.L.,"Via Roma, 69",Bergamo,45.71643583305367,9.719484163260157,2021,"['Automazione Industriale', 'Aerospace']",22980,122092,1,True
SU01822,SmartLogic S.R.L.,"Via Garibaldi, 55",Bergamo,45.69951509311429,9.670143928002577,2019,['IoT'],10000,105242,3,True
SU01823,SmartVision S.R.L.,"Via Montenapoleone, 22",Milano,45.45430145758867,9.184684356432102,2021,['Fintech'],13685,76617,1,True
SU01824,DigitalLab S.R.L.,"Via Milano, 75",Milano,45.4722758463151,9.192623432699055,2024,"['Marketing Digitale', 'IoT', 'Blockchain']",10000,1035718,7,True
SU01825,DataHub S.R.L.,"Via Milano, 51",Sondrio,46.18710493273633,9.860226223592445,2021,"['Blockchain', 'Fabbricazione Macchinari', 'Automotive Tech']",22408,3550554,5,True
SU01826,GreenHub S.R.L.,"Via Garibaldi, 119",Milano,45.45908332974242,9.197984326151161,2021,['Fintech'],10000,5000000,10,True
SU01827,InnovaDynamics S.R.L.,"Via Milano, 60",Milano,45.47323975282386,9.220858391319684,2020,"['Fintech', 'Marketing Digitale', 'IoT']",10000,372482,1,False
SU01828,FutureHub S.R.L.,"Via Milano, 59",Como,45.78357905736871,9.08976757959494,2024,"['Cybersecurity', 'Salute Digitale']",14149,369732,6,True
SU01829,DataEngine S.R.L.,"Via Dante, 20",Milano,45.44078707515492,9.199973639178241,2022,"['Biotecnologie', 'IoT', 'Marketing Digitale']",13314,30958,0,True
SU01830,BioLab S.R.L.,"Via Milano, 117",Bergamo,45.703440979742616,9.669723213506678,2021,['Energia Rinnovabile'],10000,52921,0,True
SU01831,TechAnalytics S.R.L.,"Via Dante, 102",Milano,45.48104900033352,9.18299760126349,2020,"['Ricerca e Sviluppo', 'Fintech', 'Automazione Industriale']",15613,274698,1,True
SU01832,BioSolutions S.R.L.,"Via Roma, 130",Bergamo,45.698509702321985,9.712904474819782,2021,"['Servizi di Informazione', 'Robotica', 'E-commerce']",95868,30810,0,True
SU01833,SmartHub S.R.L.,"Via Roma, 59",Milano,45.479632365175306,9.15821144886949,2022,['Robotica'],51211,247379,3,True
SU01834,GreenHub S.R.L.,"Via Milano, 43",Como,45.831325467896164,9.079950415694295,2022,"['Ricerca e Sviluppo', 'Robotica', 'Computer e Prodotti Elettronici']",10000,208599,10,True
SU01835,SmartVision S.R.L.,"Via Montenapoleone, 80",Milano,45.479968583194506,9.165883736540973,2023,"['Aerospace', 'Cleantech']",13580,19276,2,True
SU01836,SmartLogic S.R.L.,"Via Garibaldi, 28",Milano,45.45767912387516,9.179983377637814,2020,"['Aerospace', 'Fabbricazione Macchinari']",12629,170917,2,True
SU01837,DigitalDynamics S.R.L.,"Via Milano, 10",Milano,45.45628450900416,9.18110579702361,2022,"['Cybersecurity', 'Aerospace']",43921,222298,1,True
SU01838,BioHub S.R.L.,"Via Brera, 56",Brescia,45.55546211031083,10.229004539513982,2019,"['Computer e Prodotti Elettronici', 'Energia Rinnovabile']",20470,68681,1,True
SU01839,FutureLogic S.R.L.,"Via Milano, 1",Milano,45.4466129578861,9.21647847348323,2020,"['Automotive Tech', 'Blockchain']",11824,392869,2,True
SU01840,TechLab S.R.L.,"Via Manzoni, 143",Milano,45.44628789102595,9.213633377708845,2021,['IoT'],13284,26209,15,True
SU01841,CyberHub S.R.L.,"Via Dante, 17",Brescia,45.549749920615994,10.259569191363198,2023,"['Fabbricazione Macchinari', 'IoT']",10000,205598,5,True
SU01842,DigitalHub S.R.L.,"Corso Buenos Aires, 57",Milano,45.46988845977803,9.19092099810019,2024,"['Servizi di Informazione', 'Automotive Tech', 'Salute Digitale']",10000,69673,2,True
SU01843,DataVision S.R.L.,"Via Garibaldi, 49",Milano,45.48614025618828,9.200890118628378,2023,['Cleantech'],30894,96476,2,True
SU01844,GreenVision S.R.L.,"Via Montenapoleone, 55",Milano,45.4325315343772,9.194993416571975,2024,"['Salute Digitale', 'Servizi di Informazione']",32092,12232,2,True
SU01845,TechEngine S.R.L.,"Via Garibaldi, 31",Milano,45.44790321278962,9.147179567511294,2022,['Cybersecurity'],24078,402971,1,True
SU01846,NanoHub S.R.L.,"Via Montenapoleone, 53",Milano,45.47090731021012,9.203223766728676,2020,"['Cybersecurity', 'Blockchain']",18970,47485,2,True
SU01847,GreenWorks S.R.L.,"Via Manzoni, 5",Milano,45.458813168146484,9.212293009951729,2020,['Intelligenza Artificiale'],10000,232284,1,True
SU01848,NanoSolutions S.R.L.,"Via Roma, 136",Milano,45.521241363207615,9.170311522915727,2019,"['Robotica', 'Fintech']",40650,27769,7,True
SU01849,NanoSolutions S.R.L.,"Via Dante, 70",Bergamo,45.69005525093421,9.709051230497884,2023,"['Fabbricazione Macchinari', 'Automotive Tech']",10196,16153,7,True
SU01850,BioLab S.R.L.,"Via Montenapoleone, 51",Pavia,45.2116707149359,9.11864803023572,2021,['Blockchain'],10000,299052,2,True
SU01851,InnovaDynamics S.R.L.,"Via Garibaldi, 104",Bergamo,45.71520490931874,9.66528625151469,2024,['Intelligenza Artificiale'],54861,12535,0,True
SU01852,SmartLab S.R.L.,"Via Montenapoleone, 83",Bergamo,45.71552970114557,9.684276553376105,2024,['Automotive Tech'],27661,10757,10,True
SU01853,FutureSolutions S.R.L.,"Via Montenapoleone, 127",Brescia,45.54843988618286,10.223780990071699,2023,"['Cybersecurity', 'Marketing Digitale', 'E-commerce']",103051,21451,1,True
SU01854,DigitalHub S.R.L.,"Via Dante, 71",Pavia,45.13606375234668,9.162085479096021,2022,"['Fabbricazione Macchinari', 'Fintech', 'Software & Consulenza Informatica']",10000,52898,2,True
SU01855,CyberLogic S.R.L.,"Via Garibaldi, 83",Milano,45.457328535505475,9.179827261032129,2022,['Automotive Tech'],10000,12892,1,True
SU01856,BioWorks S.R.L.,"Via Montenapoleone, 115",Brescia,45.583860908658274,10.239316007294233,2021,"['Servizi di Informazione', 'Computer e Prodotti Elettronici']",14812,979886,3,True
SU01857,DataLogic S.R.L.,"Via Dante, 139",Milano,45.456457272839664,9.179994895836325,2023,['Cleantech'],10000,187270,1,True
SU01858,DataWorks S.R.L.,"Via Manzoni, 139",Bergamo,45.67505399481586,9.671045914161144,2021,['Cybersecurity'],32869,48743,10,True
SU01859,DigitalWorks S.R.L.,"Via Dante, 43",Milano,45.44608858673784,9.164291677208084,2023,['Automotive Tech'],10000,15793,1,True
SU01860,FutureDynamics S.R.L.,"Via Dante, 32",Bergamo,45.71057556670101,9.667986441227624,2021,"['Intelligenza Artificiale', 'Robotica']",20119,80359,5,True
SU01861,DigitalLab S.R.L.,"Via Milano, 136",Pavia,45.19274507550078,9.14081222286599,2020,['Servizi di Informazione'],38836,9736,1,True
SU01862,DigitalWorks S.R.L.,"Via Brera, 4",Milano,45.45926662866691,9.16099819783961,2025,['IoT'],10000,1611,6,False
SU01863,SmartSystems S.R.L.,"Via Garibaldi, 59",Milano,45.443043503789056,9.181553891685965,2020,['Computer e Prodotti Elettronici'],10000,302541,0,True
SU01864,DataEngine S.R.L.,"Via Brera, 39",Mantova,45.14791842772457,10.789410479328621,2022,"['Automazione Industriale', 'E-commerce', 'Ricerca e Sviluppo']",10000,18866,10,True
SU01865,SmartDynamics S.R.L.,"Via Garibaldi, 105",Milano,45.48245529670686,9.178195999117893,2022,"['Cybersecurity', 'Automotive Tech']",18317,415952,25,True
SU01866,GreenSystems S.R.L.,"Via Garibaldi, 67",Milano,45.46559013622483,9.190317543567037,2023,"['Intelligenza Artificiale', 'Biotecnologie']",10000,224149,3,True
SU01867,FutureAnalytics S.R.L.,"Via Roma, 24",Como,45.80850714073447,9.087334406935124,2020,"['Robotica', 'IoT', 'Salute Digitale']",29256,237631,0,True
SU01868,DigitalVision S.R.L.,"Corso Buenos Aires, 116",Milano,45.47540111068865,9.19603403903776,2023,"['Energia Rinnovabile', 'Marketing Digitale']",188765,69724,1,True
SU01869,DataWorks S.R.L.,"Via Manzoni, 67",Bergamo,45.66879866641369,9.689107107113697,2020,"['Cleantech', 'Automazione Industriale']",22925,18695,2,True
SU01870,DigitalHub S.R.L.,"Via Milano, 4",Milano,45.46529960508557,9.192583479675786,2022,['E-commerce'],10000,1172601,25,True
SU01871,TechLab S.R.L.,"Via Roma, 17",Bergamo,45.686614086322344,9.710621784198715,2024,"['Automotive Tech', 'Fabbricazione Macchinari', 'Cybersecurity']",10000,28707,5,True
SU01872,GreenDynamics S.R.L.,"Via Manzoni, 2",Milano,45.48731800358835,9.193180872094475,2023,"['Fabbricazione Macchinari', 'Salute Digitale']",54461,203887,25,False
SU01873,GreenSolutions S.R.L.,"Via Dante, 138",Milano,45.4466354917577,9.160100880938215,2020,['Automotive Tech'],16018,97049,8,True
SU01874,CyberHub S.R.L.,"Via Brera, 72",Cremona,45.16683933032918,10.027246710832923,2020,['Servizi di Informazione'],18231,2193,0,False
SU01875,GreenHub S.R.L.,"Via Brera, 34",Mantova,45.20460880378212,10.777765490957991,2021,"['Cybersecurity', 'Computer e Prodotti Elettronici']",51077,2007556,10,True
SU01876,GreenSystems S.R.L.,"Via Montenapoleone, 104",Milano,45.45219095186171,9.179242520314597,2022,"['IoT', 'E-commerce']",49779,44566,5,True
SU01877,FutureLab S.R.L.,"Via Roma, 1",Milano,45.44867589080698,9.203840170252164,2021,"['Cleantech', 'Fintech', 'Blockchain']",84830,375207,2,True
SU01878,FutureSolutions S.R.L.,"Via Brera, 9",Bergamo,45.679883548362774,9.661753639227198,2019,"['Software & Consulenza Informatica', 'Blockchain']",10000,208372,3,True
SU01879,InnovaLogic S.R.L.,"Corso Buenos Aires, 47",Milano,45.43956632809486,9.196898494101918,2022,['Fabbricazione Macchinari'],31244,205499,4,True
SU01880,InnovaSystems S.R.L.,"Via Milano, 2",Milano,45.44360621609108,9.178041930505827,2022,['Salute Digitale'],30785,817398,9,True
SU01881,DigitalWorks S.R.L.,"Corso Buenos Aires, 114",Como,45.80214269597549,9.10290299975889,2022,['Ricerca e Sviluppo'],38602,161935,1,True
SU01882,BioSolutions S.R.L.,"Via Milano, 64",Como,45.81517506429643,9.09083508080089,2021,"['Biotecnologie', 'Blockchain', 'IoT']",12305,12512,20,True
SU01883,BioSolutions S.R.L.,"Corso Buenos Aires, 6",Bergamo,45.69380860611215,9.707970653611083,2019,['Cleantech'],359275,694305,0,True
SU01884,SmartLab S.R.L.,"Via Dante, 17",Bergamo,45.6716152370453,9.659928911233123,2022,"['Marketing Digitale', 'Computer e Prodotti Elettronici', 'Fintech']",18336,154473,5,True
SU01885,GreenWorks S.R.L.,"Via Milano, 21",Cremona,45.0816438309226,10.033040365129285,2024,"['Aerospace', 'Marketing Digitale']",10000,73961,1,True
SU01886,DigitalDynamics S.R.L.,"Via Dante, 36",Brescia,45.54024440803814,10.23315664736097,2024,"['Ricerca e Sviluppo', 'Automazione Industriale']",10000,21758,0,True
SU01887,InnovaVision S.R.L.,"Via Milano, 41",Milano,45.450057212051654,9.187450678431173,2023,['E-commerce'],11527,54158,6,True
SU01888,GreenLab S.R.L.,"Via Montenapoleone, 91",Cremona,45.120329182376395,10.02295907176893,2019,"['E-commerce', 'Fintech', 'IoT']",11136,22070,3,True
SU01889,NanoWorks S.R.L.,"Via Dante, 142",Cremona,45.11954606600296,9.997855299964103,2022,['Blockchain'],10000,121607,7,True
SU01890,DataDynamics S.R.L.,"Via Milano, 23",Milano,45.48316323706978,9.186953963569708,2020,['Intelligenza Artificiale'],10000,503080,2,True
SU01891,GreenWorks S.R.L.,"Via Brera, 17",Milano,45.48237415578699,9.194680990829607,2019,['Automazione Industriale'],11764,37143,1,True
SU01892,GreenSystems S.R.L.,"Via Roma, 43",Milano,45.48297328973831,9.175876553993028,2020,"['Intelligenza Artificiale', 'IoT']",12644,340672,1,True
SU01893,NanoSolutions S.R.L.,"Via Montenapoleone, 136",Milano,45.4559228762628,9.183012680802337,2021,['Salute Digitale'],28651,55649,4,True
SU01894,CyberLab S.R.L.,"Via Roma, 61",Bergamo,45.68795225085691,9.675738518849691,2022,['Automazione Industriale'],20219,79584,0,True
SU01895,FutureEngine S.R.L.,"Via Milano, 100",Milano,45.46394003113938,9.182869131794899,2022,['Fabbricazione Macchinari'],10000,162660,0,True
SU01896,CyberHub S.R.L.,"Via Dante, 65",Milano,45.423767949930834,9.19768256796735,2019,"['Biotecnologie', 'Salute Digitale']",37079,3602,1,False
SU01897,DataWorks S.R.L.,"Via Manzoni, 143",Milano,45.47244804670897,9.179689790133722,2024,"['Energia Rinnovabile', 'E-commerce', 'Software & Consulenza Informatica']",17760,191995,2,True
SU01898,InnovaLab S.R.L.,"Via Garibaldi, 31",Milano,45.4944118119254,9.198045716143323,2024,"['Ricerca e Sviluppo', 'Cybersecurity', 'IoT']",64593,101023,1,True
SU01899,BioAnalytics S.R.L.,"Via Dante, 73",Milano,45.4941030485245,9.206552377886151,2020,['Intelligenza Artificiale'],10000,44063,10,True
SU01900,BioSystems S.R.L.,"Via Manzoni, 11",Milano,45.45772356613711,9.181859377549504,2021,"['Energia Rinnovabile', 'Aerospace']",18726,172212,4,True
SU01901,TechVision S.R.L.,"Via Milano, 140",Como,45.83065342381176,9.093737614386034,2022,['Blockchain'],19059,109115,5,True
SU01902,SmartWorks S.R.L.,"Via Brera, 29",Milano,45.481708760987864,9.210111641153917,2021,['Ricerca e Sviluppo'],16547,262304,3,True
SU01903,DataAnalytics S.R.L.,"Via Milano, 125",Cremona,45.138669468517115,10.03011969346319,2022,['Energia Rinnovabile'],10000,19836,1,True
SU01904,BioSystems S.R.L.,"Via Garibaldi, 120",Milano,45.448230935907084,9.21019487792791,2020,"['Energia Rinnovabile', 'Cleantech', 'Software & Consulenza Informatica']",90926,838831,4,True
SU01905,BioWorks S.R.L.,"Via Garibaldi, 67",Sondrio,46.19747460801128,9.83899758907876,2024,['Fabbricazione Macchinari'],26957,787,0,True
SU01906,BioDynamics S.R.L.,"Via Brera, 65",Cremona,45.130705372079774,10.037269781762289,2021,"['IoT', 'Aerospace']",14254,12433,0,True
SU01907,DigitalWorks S.R.L.,"Via Montenapoleone, 35",Milano,45.463912300813526,9.17968769820673,2021,"['Energia Rinnovabile', 'Cleantech']",10000,13687,2,True
SU01908,SmartWorks S.R.L.,"Via Manzoni, 102",Milano,45.46751164258988,9.188861679412854,2023,"['Energia Rinnovabile', 'Fintech']",10527,11875,1,True
SU01909,CyberWorks S.R.L.,"Via Milano, 140",Brescia,45.53663181979762,10.195011713620126,2024,['Ricerca e Sviluppo'],27827,22164,0,True
SU01910,SmartSystems S.R.L.,"Via Brera, 50",Milano,45.49843163686304,9.187216112418014,2022,['Robotica'],10000,39807,5,True
SU01911,SmartVision S.R.L.,"Via Garibaldi, 74",Milano,45.456057350767225,9.18090281062869,2021,"['Energia Rinnovabile', 'Computer e Prodotti Elettronici']",10000,156905,9,True
SU01912,CyberLogic S.R.L.,"Via Roma, 89",Milano,45.43519402695537,9.188206437275477,2021,['Fintech'],12262,47483,1,True
SU01913,DataVision S.R.L.,"Via Milano, 51",Milano,45.47728792606159,9.195236779345294,2019,"['Fabbricazione Macchinari', 'Cybersecurity']",10000,221944,2,True
SU01914,GreenLogic S.R.L.,"Corso Buenos Aires, 114",Milano,45.482381927701965,9.21878624352955,2022,['Cleantech'],10421,931457,3,True
SU01915,CyberWorks S.R.L.,"Via Roma, 102",Milano,45.464869478006854,9.207332125232279,2020,"['Intelligenza Artificiale', 'E-commerce']",10000,81456,2,True
SU01916,BioAnalytics S.R.L.,"Via Dante, 50",Milano,45.4573910247409,9.183195855346062,2022,['Servizi di Informazione'],59244,26872,3,True
SU01917,NanoHub S.R.L.,"Via Garibaldi, 81",Milano,45.46874721756321,9.198367757165707,2024,"['E-commerce', 'Software & Consulenza Informatica']",24273,369631,0,True
SU01918,BioSystems S.R.L.,"Via Brera, 71",Milano,45.44422804924579,9.173464460112685,2024,['Blockchain'],58635,74204,3,True
SU01919,DigitalSystems S.R.L.,"Via Montenapoleone, 42",Milano,45.455743699848874,9.159625303272197,2023,['Biotecnologie'],29781,17464,3,True
SU01920,GreenDynamics S.R.L.,"Via Dante, 52",Milano,45.43228770941937,9.208780230248854,2023,"['Salute Digitale', 'Automotive Tech']",10000,951694,3,True
SU01921,TechSolutions S.R.L.,"Via Garibaldi, 129",Brescia,45.54084315824666,10.243248361765296,2022,"['Aerospace', 'Marketing Digitale']",10000,327528,3,True
SU01922,DataEngine S.R.L.,"Via Garibaldi, 64",Milano,45.448705547100325,9.19312634833246,2021,"['Aerospace', 'IoT']",13060,152704,25,True
SU01923,InnovaHub S.R.L.,"Via Dante, 46",Sondrio,46.18953620226842,9.873549630392453,2025,"['Ricerca e Sviluppo', 'IoT']",10000,38702,1,True
SU01924,SmartLab S.R.L.,"Corso Buenos Aires, 84",Milano,45.42973682607616,9.168359048031935,2023,['Blockchain'],29438,8306,0,True
SU01925,CyberVision S.R.L.,"Via Roma, 36",Pavia,45.16114907875733,9.172333370937821,2022,"['Computer e Prodotti Elettronici', 'Robotica']",11525,127833,0,True
SU01926,CyberWorks S.R.L.,"Via Milano, 27",Milano,45.46783762010478,9.182198775003801,2025,"['Fintech', 'Computer e Prodotti Elettronici', 'Aerospace']",10000,6898,2,True
SU01927,CyberHub S.R.L.,"Via Brera, 106",Milano,45.484856319935105,9.223601230496044,2021,['Aerospace'],11966,108976,1,True
SU01928,FutureAnalytics S.R.L.,"Via Dante, 30",Milano,45.48512190830062,9.188242112839001,2020,"['Salute Digitale', 'Cybersecurity', 'Biotecnologie']",10000,105684,1,True
SU01929,FutureLogic S.R.L.,"Via Brera, 7",Milano,45.42924982823487,9.187296356987536,2024,"['E-commerce', 'Cybersecurity']",81466,7416,30,True
SU01930,InnovaLogic S.R.L.,"Via Milano, 52",Como,45.77702935850562,9.08734053372677,2021,['Biotecnologie'],30074,1902582,1,True
SU01931,InnovaWorks S.R.L.,"Via Montenapoleone, 7",Milano,45.457299276252506,9.164632253113055,2020,"['Aerospace', 'IoT']",27677,64650,1,True
SU01932,CyberEngine S.R.L.,"Via Manzoni, 93",Milano,45.48872761880795,9.171939285823425,2020,['Automazione Industriale'],51863,43911,0,True
SU01933,InnovaLogic S.R.L.,"Via Milano, 130",Milano,45.462877835364914,9.18235590806559,2025,"['Energia Rinnovabile', 'Blockchain']",62519,1298,3,True
SU01934,InnovaEngine S.R.L.,"Corso Buenos Aires, 129",Milano,45.46821187158155,9.173356994046795,2025,['Automotive Tech'],10000,403804,3,False
SU01935,TechVision S.R.L.,"Via Roma, 27",Milano,45.44998734116122,9.199676361936186,2019,"['Servizi di Informazione', 'Marketing Digitale']",10000,574579,1,True
SU01936,BioWorks S.R.L.,"Via Roma, 68",Bergamo,45.70919300929685,9.658270178610982,2022,['Intelligenza Artificiale'],48608,451682,0,True
SU01937,InnovaLab S.R.L.,"Via Garibaldi, 34",Monza e della Brianza,45.58817500191333,9.295009919993612,2025,['Automotive Tech'],10334,257044,0,True
SU01938,TechLogic S.R.L.,"Via Milano, 42",Como,45.80546595406214,9.109161176663541,2022,['Computer e Prodotti Elettronici'],43913,117263,1,True
SU01939,GreenEngine S.R.L.,"Via Montenapoleone, 81",Milano,45.48080394580951,9.218412280148849,2022,"['Cybersecurity', 'Blockchain']",10000,1779446,9,True
SU01940,DataLab S.R.L.,"Via Roma, 143",Milano,45.45072937214133,9.201524826017904,2019,"['Software & Consulenza Informatica', 'Energia Rinnovabile', 'Blockchain']",60383,267189,3,True
SU01941,TechLab S.R.L.,"Corso Buenos Aires, 68",Cremona,45.10892617112594,10.015946549522745,2025,"['Salute Digitale', 'Biotecnologie']",10000,52069,1,True
SU01942,DataEngine S.R.L.,"Corso Buenos Aires, 114",Milano,45.45289142652543,9.163691915647323,2024,"['Ricerca e Sviluppo', 'Automazione Industriale', 'Intelligenza Artificiale']",17494,83390,0,True
SU01943,DigitalLogic S.R.L.,"Via Milano, 49",Milano,45.44961641895647,9.21254370150687,2022,['Ricerca e Sviluppo'],10000,480334,6,True
SU01944,FutureLogic S.R.L.,"Via Dante, 149",Bergamo,45.72498710542425,9.66487677182965,2025,"['Robotica', 'Fintech']",21558,54736,3,True
SU01945,BioLab S.R.L.,"Via Milano, 131",Brescia,45.53532597351962,10.209735319783531,2020,"['E-commerce', 'Cybersecurity']",65587,427029,5,False
SU01946,InnovaSolutions S.R.L.,"Corso Buenos Aires, 143",Milano,45.456105787901336,9.194592178343864,2020,"['Marketing Digitale', 'Computer e Prodotti Elettronici']",142820,450553,4,True
SU01947,GreenHub S.R.L.,"Corso Buenos Aires, 65",Milano,45.44867618977485,9.16176614603826,2019,"['Automazione Industriale', 'Biotecnologie']",10000,336930,10,True
SU01948,BioAnalytics S.R.L.,"Via Roma, 140",Milano,45.465126908629614,9.201296476692088,2023,"['Blockchain', 'Cybersecurity']",25942,110284,3,True
SU01949,GreenLogic S.R.L.,"Via Roma, 48",Mantova,45.16313220733692,10.748627183695334,2020,"['Ricerca e Sviluppo', 'E-commerce']",10000,454918,2,True
SU01950,TechAnalytics S.R.L.,"Via Manzoni, 98",Milano,45.500639536640975,9.232276605754823,2020,['Intelligenza Artificiale'],18751,348608,9,True
SU01951,InnovaLogic S.R.L.,"Via Manzoni, 81",Mantova,45.14287459076149,10.831792686798074,2022,['Cybersecurity'],10000,8209,4,True
SU01952,DataWorks S.R.L.,"Via Roma, 22",Pavia,45.180148628904796,9.182062288629016,2023,['Aerospace'],10000,25045,6,True
SU01953,DigitalVision S.R.L.,"Via Brera, 33",Milano,45.44816416142921,9.204395939019834,2024,"['E-commerce', 'Ricerca e Sviluppo']",345445,240632,3,True
SU01954,DigitalEngine S.R.L.,"Via Brera, 24",Milano,45.447794595181755,9.160239655621053,2024,"['Aerospace', 'Cybersecurity']",10000,9167,4,True
SU01955,TechHub S.R.L.,"Via Brera, 37",Milano,45.4544238957177,9.213581240630198,2019,"['Blockchain', 'Servizi di Informazione', 'Robotica']",33701,425290,1,True
SU01956,GreenAnalytics S.R.L.,"Corso Buenos Aires, 20",Milano,45.465931650737154,9.203272141824808,2019,"['Cleantech', 'Intelligenza Artificiale', 'Computer e Prodotti Elettronici']",19828,38714,0,True
SU01957,BioEngine S.R.L.,"Via Montenapoleone, 50",Milano,45.47851627986615,9.211909650967147,2023,['Marketing Digitale'],18753,26630,2,True
SU01958,FutureLab S.R.L.,"Via Garibaldi, 28",Mantova,45.17157705749742,10.789246386618117,2024,"['Aerospace', 'Salute Digitale', 'Automazione Industriale']",13917,59327,0,True
SU01959,SmartHub S.R.L.,"Via Roma, 69",Brescia,45.55164811686826,10.1743962087571,2021,"['Software & Consulenza Informatica', 'Intelligenza Artificiale', 'Ricerca e Sviluppo']",39865,311641,7,True
SU01960,NanoSolutions S.R.L.,"Via Manzoni, 91",Bergamo,45.706341890562875,9.682474972449956,2021,"['Blockchain', 'Software & Consulenza Informatica']",10000,271246,1,True
SU01961,SmartAnalytics S.R.L.,"Via Milano, 43",Milano,45.46425154677039,9.179360898814819,2022,"['E-commerce', 'Robotica']",20159,321467,1,True
SU01962,BioHub S.R.L.,"Via Roma, 48",Milano,45.46214669755079,9.19726585039816,2021,"['Aerospace', 'Ricerca e Sviluppo']",82138,181558,3,True
SU01963,TechLab S.R.L.,"Via Milano, 141",Milano,45.49011027973792,9.209208403174935,2021,['Fabbricazione Macchinari'],10000,560337,0,True
SU01964,NanoEngine S.R.L.,"Via Garibaldi, 121",Milano,45.46065786865591,9.142734435537449,2023,"['Robotica', 'Energia Rinnovabile']",23234,1519,6,True
SU01965,TechLab S.R.L.,"Corso Buenos Aires, 59",Pavia,45.14091768660538,9.169157016898899,2022,['Fintech'],35900,20812,5,True
SU01966,NanoLab S.R.L.,"Via Manzoni, 85",Milano,45.47946684929435,9.17404742012773,2020,"['Software & Consulenza Informatica', 'Servizi di Informazione', 'Computer e Prodotti Elettronici']",39188,339178,6,True
SU01967,InnovaVision S.R.L.,"Via Dante, 105",Bergamo,45.69628047790164,9.671667087709652,2021,"['Cleantech', 'Biotecnologie']",10000,283150,3,True
SU01968,CyberAnalytics S.R.L.,"Via Manzoni, 74",Milano,45.44114630328696,9.241433923725099,2022,['Intelligenza Artificiale'],15350,225833,5,True
SU01969,TechDynamics S.R.L.,"Via Dante, 2",Brescia,45.56867039167141,10.220150334753178,2021,"['Servizi di Informazione', 'Biotecnologie']",10000,24525,4,True
SU01970,DigitalSolutions S.R.L.,"Via Manzoni, 76",Varese,45.82320203653653,8.843516565273971,2025,['E-commerce'],10000,153204,1,False
SU01971,DataSolutions S.R.L.,"Via Milano, 112",Milano,45.46594002581468,9.175581200146254,2019,['Ricerca e Sviluppo'],10000,31259,7,True
SU01972,GreenEngine S.R.L.,"Via Brera, 115",Milano,45.487638327650544,9.164229576132293,2021,"['Marketing Digitale', 'Energia Rinnovabile']",10000,1690203,4,True
SU01973,SmartSystems S.R.L.,"Via Garibaldi, 79",Milano,45.47556882976984,9.183359188416823,2021,"['Computer e Prodotti Elettronici', 'Fabbricazione Macchinari']",46508,33606,1,False
SU01974,InnovaAnalytics S.R.L.,"Via Garibaldi, 29",Bergamo,45.7160786019925,9.695349392242681,2024,"['Fabbricazione Macchinari', 'Cybersecurity']",162813,2589,1,True
SU01975,GreenSolutions S.R.L.,"Corso Buenos Aires, 115",Milano,45.486963130224034,9.181445024123985,2021,"['Servizi di Informazione', 'Cybersecurity']",10000,75232,1,True
SU01976,DataWorks S.R.L.,"Via Brera, 77",Milano,45.48445498179304,9.19919568841792,2024,"['Intelligenza Artificiale', 'Software & Consulenza Informatica']",27493,277233,10,True
SU01977,InnovaAnalytics S.R.L.,"Via Garibaldi, 31",Bergamo,45.70679636792824,9.649794238281489,2021,['Servizi di Informazione'],14935,34477,6,True
SU01978,FutureHub S.R.L.,"Via Milano, 133",Como,45.79815222269121,9.08281481691527,2022,"['Intelligenza Artificiale', 'Blockchain', 'Robotica']",12540,234486,3,True
SU01979,SmartAnalytics S.R.L.,"Corso Buenos Aires, 61",Milano,45.46359939163975,9.205555837116101,2021,"['Salute Digitale', 'Cybersecurity', 'Aerospace']",15922,364692,5,True
SU01980,GreenVision S.R.L.,"Via Manzoni, 133",Milano,45.45741847950807,9.207351382270584,2019,['Aerospace'],10000,1499701,3,True
SU01981,CyberWorks S.R.L.,"Via Montenapoleone, 7",Milano,45.4813943943689,9.176104477799226,2020,['Automazione Industriale'],10000,75015,10,True
SU01982,InnovaHub S.R.L.,"Via Montenapoleone, 92",Milano,45.43171412624674,9.20706576673273,2020,"['Intelligenza Artificiale', 'Automotive Tech', 'Software & Consulenza Informatica']",10000,56221,8,True
SU01983,SmartSystems S.R.L.,"Via Milano, 76",Milano,45.44594588172778,9.227448805471486,2022,"['Blockchain', 'Fabbricazione Macchinari']",10000,204104,4,True
SU01984,GreenEngine S.R.L.,"Via Garibaldi, 19",Bergamo,45.693568094117154,9.68666540510294,2019,"['Software & Consulenza Informatica', 'Fabbricazione Macchinari']",33412,4316494,30,True
SU01985,DataHub S.R.L.,"Via Montenapoleone, 95",Milano,45.47127763102488,9.192728000122557,2024,"['Marketing Digitale', 'Servizi di Informazione', 'Robotica']",10000,24746,6,True
SU01986,InnovaDynamics S.R.L.,"Via Manzoni, 14",Milano,45.44927662456203,9.206362921712504,2019,['Automazione Industriale'],10289,28957,1,True
SU01987,GreenHub S.R.L.,"Via Roma, 22",Bergamo,45.694835153261224,9.719918189321513,2021,"['Cybersecurity', 'Cleantech']",23444,897010,7,True
SU01988,TechVision S.R.L.,"Via Brera, 75",Milano,45.44217363215759,9.215994548883454,2023,['Salute Digitale'],10000,16963,3,True
SU01989,SmartLab S.R.L.,"Via Roma, 54",Milano,45.44574829158744,9.171707823996247,2020,['Fintech'],101850,21585,15,True
SU01990,FutureLab S.R.L.,"Via Milano, 127",Brescia,45.57991668743438,10.202854304178816,2025,"['Blockchain', 'Fintech', 'Salute Digitale']",10000,21968,1,True
SU01991,DigitalSystems S.R.L.,"Via Manzoni, 17",Cremona,45.13795214454414,10.018103288856175,2019,"['Blockchain', 'Automazione Industriale']",10143,61368,20,True
SU01992,TechLab S.R.L.,"Via Manzoni, 132",Milano,45.43836239847232,9.149745511943047,2021,"['Cleantech', 'E-commerce']",10000,5820,0,True
SU01993,FutureLab S.R.L.,"Via Montenapoleone, 37",Brescia,45.55490679589448,10.234724357703756,2023,"['Cybersecurity', 'Blockchain']",50789,21947,15,True
SU01994,CyberVision S.R.L.,"Via Manzoni, 46",Cremona,45.10264580536436,10.012082961880656,2022,"['IoT', 'Fintech']",20352,685943,2,True
SU01995,NanoWorks S.R.L.,"Via Dante, 27",Como,45.7957175061053,9.054184457085537,2025,['Biotecnologie'],12611,10050,5,True
SU01996,NanoAnalytics S.R.L.,"Via Garibaldi, 35",Brescia,45.55901364811592,10.205574331366558,2024,"['Computer e Prodotti Elettronici', 'Ricerca e Sviluppo']",10000,241614,3,False
SU01997,FutureAnalytics S.R.L.,"Corso Buenos Aires, 140",Milano,45.47451527561214,9.195304816727646,2023,['IoT'],12411,4171,2,True
SU01998,InnovaHub S.R.L.,"Via Roma, 80",Milano,45.47224450804024,9.177830511820805,2023,"['IoT', 'Blockchain', 'Servizi di Informazione']",10000,27020,2,True
SU01999,BioHub S.R.L.,"Via Montenapoleone, 81",Brescia,45.509699113340695,10.186393066554906,2024,['Software & Consulenza Informatica'],20413,4156,3,True
SU02000,BioDynamics S.R.L.,"Via Roma, 43",Cremona,45.14141286134879,10.007925680850477,2024,"['Biotecnologie', 'Cybersecurity', 'E-commerce']",82643,10311,0,True
SU02001,SmartAnalytics S.R.L.,"Via Montenapoleone, 141",Milano,45.46617763962939,9.199171999296054,2021,['Intelligenza Artificiale'],10000,16368,0,True
SU02002,TechSolutions S.R.L.,"Via Milano, 136",Milano,45.45321950895648,9.186989568103366,2024,"['Intelligenza Artificiale', 'Energia Rinnovabile', 'Ricerca e Sviluppo']",19245,6359,1,True
SU02003,TechHub S.R.L.,"Via Montenapoleone, 48",Milano,45.47322014069913,9.217474011810744,2021,['Aerospace'],10000,367509,2,True
SU02004,GreenEngine S.R.L.,"Via Milano, 20",Milano,45.48871083859079,9.204972982720252,2023,['Marketing Digitale'],19760,146600,2,True
SU02005,BioSystems S.R.L.,"Via Milano, 28",Milano,45.46524039180267,9.169732290468376,2020,"['Energia Rinnovabile', 'Aerospace']",10000,354215,1,True
SU02006,InnovaWorks S.R.L.,"Via Manzoni, 116",Pavia,45.18932891290125,9.153081541223274,2024,"['Ricerca e Sviluppo', 'Robotica']",10000,327538,5,False
SU02007,FutureEngine S.R.L.,"Via Dante, 29",Milano,45.45967134045972,9.183362355525508,2021,"['Cleantech', 'Fabbricazione Macchinari', 'Software & Consulenza Informatica']",12784,40259,1,True
SU02008,DataVision S.R.L.,"Via Brera, 112",Mantova,45.14681325701421,10.801828573621972,2023,"['Biotecnologie', 'Salute Digitale']",60345,101867,1,True
SU02009,DigitalVision S.R.L.,"Via Milano, 106",Milano,45.462581350830426,9.163193514752216,2019,"['Automotive Tech', 'Fintech']",48321,32936,1,True
SU02010,DigitalLab S.R.L.,"Via Garibaldi, 81",Milano,45.45389229841476,9.189065107746753,2024,"['Automotive Tech', 'Marketing Digitale']",21568,85112,2,True
SU02011,InnovaHub S.R.L.,"Via Milano, 79",Milano,45.43354835982928,9.145269097852308,2021,['Biotecnologie'],32782,110024,0,False
SU02012,DigitalWorks S.R.L.,"Via Garibaldi, 61",Brescia,45.53536786140725,10.22335153997954,2021,"['Cybersecurity', 'Robotica']",20992,34862,0,True
SU02013,GreenLogic S.R.L.,"Via Brera, 143",Brescia,45.55142369432736,10.180863004252277,2019,"['Ricerca e Sviluppo', 'Computer e Prodotti Elettronici', 'IoT']",18452,92411,1,True
SU02014,DataWorks S.R.L.,"Via Garibaldi, 126",Milano,45.502023252887184,9.234215699775257,2024,['Robotica'],65133,71494,5,True
SU02015,DataEngine S.R.L.,"Via Manzoni, 90",Lecco,45.855363681009116,9.399525556285544,2021,"['Energia Rinnovabile', 'Salute Digitale']",10000,76371,3,True
SU02016,InnovaWorks S.R.L.,"Via Brera, 101",Como,45.839011384422356,9.05408962169174,2024,"['Intelligenza Artificiale', 'Software & Consulenza Informatica']",10000,4649,6,True
SU02017,FutureVision S.R.L.,"Via Garibaldi, 7",Milano,45.4660576909999,9.18339779380738,2019,['IoT'],10000,216983,4,False
SU02018,GreenSystems S.R.L.,"Corso Buenos Aires, 49",Brescia,45.532396272058726,10.21572630275992,2021,['Cleantech'],14864,35297,1,True
SU02019,FutureVision S.R.L.,"Corso Buenos Aires, 82",Pavia,45.195572239775274,9.142093967729197,2024,"['E-commerce', 'Fabbricazione Macchinari']",10000,33478,3,True
SU02020,InnovaAnalytics S.R.L.,"Via Montenapoleone, 72",Milano,45.44348621245658,9.209448917369313,2022,['Aerospace'],10000,21298,1,True
SU02021,BioLogic S.R.L.,"Via Milano, 53",Milano,45.46535527653306,9.170667815926498,2020,['Ricerca e Sviluppo'],14593,39682,2,True
SU02022,CyberLogic S.R.L.,"Via Roma, 42",Milano,45.44139260544331,9.159711219882489,2021,"['Robotica', 'Intelligenza Artificiale']",14318,455342,0,True
SU02023,DigitalEngine S.R.L.,"Via Montenapoleone, 66",Milano,45.40383603332875,9.185044713049628,2022,"['Energia Rinnovabile', 'IoT']",10000,1827650,1,True
SU02024,SmartLab S.R.L.,"Via Roma, 131",Milano,45.46883281443573,9.22666071214517,2022,['Intelligenza Artificiale'],50325,457175,1,True
SU02025,BioEngine S.R.L.,"Via Roma, 50",Brescia,45.50485551399154,10.191370630659865,2023,['Cybersecurity'],10000,11033,0,True
SU02026,DigitalWorks S.R.L.,"Via Dante, 33",Milano,45.45611680684552,9.180808134642547,2021,['Robotica'],10000,549712,1,True
SU02027,FutureEngine S.R.L.,"Corso Buenos Aires, 38",Milano,45.455079925440415,9.200983756774505,2023,"['IoT', 'Computer e Prodotti Elettronici']",103636,66934,5,True
SU02028,FutureSystems S.R.L.,"Via Garibaldi, 39",Milano,45.47308503577602,9.191516264686705,2023,"['Cybersecurity', 'Marketing Digitale']",10000,26989,4,True
SU02029,NanoLogic S.R.L.,"Via Brera, 9",Milano,45.47136402717222,9.172125953795891,2024,['Software & Consulenza Informatica'],10000,14183,5,True
SU02030,TechDynamics S.R.L.,"Via Brera, 3",Milano,45.46794063500774,9.20638297585693,2022,['Cybersecurity'],14062,60225,2,True
SU02031,GreenVision S.R.L.,"Via Garibaldi, 4",Milano,45.49991417980135,9.168705613655133,2019,"['Aerospace', 'Software & Consulenza Informatica']",49269,30722,0,True
SU02032,BioDynamics S.R.L.,"Via Roma, 9",Mantova,45.17657293449246,10.79479919741871,2023,"['Salute Digitale', 'Automazione Industriale']",19429,59230,3,True
SU02033,GreenLab S.R.L.,"Via Manzoni, 22",Milano,45.447501508851055,9.176853215875441,2020,"['Servizi di Informazione', 'Intelligenza Artificiale']",14885,4949197,3,True
SU02034,TechSystems S.R.L.,"Via Garibaldi, 102",Milano,45.4432474962765,9.204498253615368,2021,"['Blockchain', 'Marketing Digitale']",10000,94287,3,False
SU02035,DataEngine S.R.L.,"Via Milano, 26",Milano,45.469884047918654,9.149420608910603,2020,['Fabbricazione Macchinari'],36333,96704,2,True
SU02036,DataLogic S.R.L.,"Corso Buenos Aires, 44",Como,45.81811456433966,9.083543524139664,2022,['Ricerca e Sviluppo'],10000,35459,7,True
SU02037,BioSystems S.R.L.,"Via Milano, 100",Milano,45.46686162555055,9.208958264916166,2021,"['Automazione Industriale', 'Aerospace']",10000,8416,1,True
SU02038,GreenDynamics S.R.L.,"Via Manzoni, 13",Bergamo,45.68467229769716,9.674075278921675,2020,"['Fintech', 'Software & Consulenza Informatica', 'Blockchain']",10000,11393,2,False
SU02039,DigitalSolutions S.R.L.,"Via Montenapoleone, 89",Milano,45.45047671511712,9.161962663616556,2020,"['Blockchain', 'Automotive Tech']",11706,14574,3,True
SU02040,SmartDynamics S.R.L.,"Via Dante, 2",Milano,45.44418383031534,9.174386609510973,2022,"['Salute Digitale', 'Cleantech']",128444,43820,15,True
SU02041,NanoLogic S.R.L.,"Via Manzoni, 128",Milano,45.47280518578053,9.216144912812743,2020,"['Ricerca e Sviluppo', 'Robotica', 'Biotecnologie']",20420,5000000,7,True
SU02042,InnovaHub S.R.L.,"Corso Buenos Aires, 50",Milano,45.49408392946322,9.198317018725463,2024,"['Biotecnologie', 'Fintech']",60892,129326,5,True
SU02043,SmartVision S.R.L.,"Via Dante, 70",Milano,45.46343457263745,9.146832760555906,2024,"['Fabbricazione Macchinari', 'Cybersecurity']",10000,288529,10,True
SU02044,TechDynamics S.R.L.,"Corso Buenos Aires, 70",Milano,45.4888099114013,9.176982464572841,2024,"['E-commerce', 'Biotecnologie']",10000,70657,2,True
SU02045,DataSystems S.R.L.,"Via Milano, 90",Milano,45.440963411375144,9.206150409221967,2019,"['Salute Digitale', 'Cleantech']",138271,21326,0,True
SU02046,InnovaWorks S.R.L.,"Via Dante, 106",Milano,45.447946857744505,9.210298994772815,2022,"['Fintech', 'Energia Rinnovabile']",19425,73093,4,True
SU02047,BioWorks S.R.L.,"Via Montenapoleone, 101",Milano,45.45533789655236,9.217067420901657,2022,"['Cybersecurity', 'Biotecnologie']",10000,349322,0,True
SU02048,SmartSolutions S.R.L.,"Via Milano, 90",Cremona,45.1691825740039,10.05011514786771,2023,"['Intelligenza Artificiale', 'Robotica']",11181,2083659,6,True
SU02049,DigitalWorks S.R.L.,"Via Manzoni, 45",Milano,45.492385768686695,9.183607465990974,2021,"['Ricerca e Sviluppo', 'Fintech']",10000,3354017,15,True
SU02050,CyberHub S.R.L.,"Via Roma, 111",Milano,45.44771495222427,9.142747301665684,2025,['Intelligenza Artificiale'],10000,57978,0,False
SU02051,DigitalHub S.R.L.,"Via Roma, 77",Milano,45.452272720159996,9.19259051056314,2023,['Aerospace'],11949,92429,4,True
SU02052,DigitalVision S.R.L.,"Via Manzoni, 23",Milano,45.4582291009312,9.185519181130068,2022,"['Salute Digitale', 'Fintech', 'Fabbricazione Macchinari']",10000,248559,6,True
SU02053,CyberDynamics S.R.L.,"Via Roma, 141",Milano,45.47610581524213,9.216214419395076,2022,['Biotecnologie'],17151,103974,2,True
SU02054,InnovaVision S.R.L.,"Via Montenapoleone, 98",Pavia,45.18912058648563,9.16800599466093,2023,['Robotica'],18997,143059,2,True
SU02055,GreenWorks S.R.L.,"Via Roma, 144",Bergamo,45.70657360784539,9.672974763382413,2021,"['Automotive Tech', 'Robotica']",15964,84797,5,True
SU02056,NanoHub S.R.L.,"Via Garibaldi, 25",Cremona,45.11914784113969,10.012198372422496,2023,['IoT'],34535,3841,5,True
SU02057,SmartVision S.R.L.,"Corso Buenos Aires, 130",Milano,45.49805778429721,9.15600386953051,2021,"['Computer e Prodotti Elettronici', 'Automazione Industriale']",16295,695469,0,True
SU02058,GreenHub S.R.L.,"Via Manzoni, 124",Milano,45.456244291144436,9.16822925072618,2024,"['Ricerca e Sviluppo', 'Software & Consulenza Informatica']",10000,39013,1,True
SU02059,SmartDynamics S.R.L.,"Via Brera, 142",Mantova,45.1661311783527,10.801763920234658,2021,"['IoT', 'Marketing Digitale']",11842,85307,1,True
SU02060,FutureSolutions S.R.L.,"Via Roma, 1",Cremona,45.1075994295621,9.9858716585279,2021,['Fintech'],10000,154458,1,True
SU02061,FutureSolutions S.R.L.,"Via Manzoni, 6",Brescia,45.53650461956275,10.189077224217622,2019,"['E-commerce', 'Intelligenza Artificiale']",33919,54006,1,True
SU02062,CyberWorks S.R.L.,"Via Montenapoleone, 53",Como,45.81810597538056,9.065961792522467,2021,"['Software & Consulenza Informatica', 'Blockchain']",70847,175007,2,True
SU02063,CyberLogic S.R.L.,"Via Dante, 137",Como,45.84699378537773,9.048619057394866,2022,"['Cleantech', 'Robotica']",17755,375200,3,True
SU02064,InnovaVision S.R.L.,"Corso Buenos Aires, 146",Bergamo,45.73019943685204,9.68376922945779,2020,['E-commerce'],10000,33206,0,True
SU02065,GreenLab S.R.L.,"Via Milano, 145",Milano,45.449783505742076,9.165445567978564,2019,"['Cybersecurity', 'Fintech', 'Marketing Digitale']",12211,730612,5,True
SU02066,DataSystems S.R.L.,"Via Garibaldi, 12",Milano,45.46864573171992,9.24086995524767,2021,"['Ricerca e Sviluppo', 'Aerospace']",10000,24137,3,True
SU02067,InnovaLogic S.R.L.,"Corso Buenos Aires, 122",Milano,45.4440330419639,9.165913630830396,2022,['Aerospace'],54824,353526,0,True
SU02068,NanoWorks S.R.L.,"Corso Buenos Aires, 112",Brescia,45.55492173298517,10.24977200044822,2022,"['E-commerce', 'Automotive Tech']",10000,123393,0,True
SU02069,BioWorks S.R.L.,"Via Manzoni, 84",Milano,45.451198353651215,9.218551809158033,2022,['E-commerce'],10000,27994,1,True
SU02070,GreenAnalytics S.R.L.,"Via Montenapoleone, 116",Milano,45.50576232434652,9.158051788714971,2020,"['Computer e Prodotti Elettronici', 'Software & Consulenza Informatica']",24671,129239,0,True
SU02071,InnovaLab S.R.L.,"Via Garibaldi, 138",Milano,45.47094460959372,9.19979341035074,2019,['Servizi di Informazione'],29390,30636,10,False
SU02072,BioEngine S.R.L.,"Via Dante, 12",Brescia,45.55253782394706,10.182516358071249,2024,['Automotive Tech'],10000,2753662,0,True
SU02073,BioDynamics S.R.L.,"Via Garibaldi, 47",Bergamo,45.65813934518702,9.685654344561963,2022,"['Fabbricazione Macchinari', 'E-commerce']",13511,100248,2,True
SU02074,DigitalSolutions S.R.L.,"Via Milano, 117",Milano,45.45638072591079,9.169631296132732,2020,"['Energia Rinnovabile', 'Fintech']",10000,565904,0,False
SU02075,TechDynamics S.R.L.,"Via Garibaldi, 42",Como,45.81118231893287,9.082730695608076,2021,"['Cleantech', 'Fintech']",10000,13941,15,True
SU02076,InnovaLogic S.R.L.,"Via Manzoni, 147",Cremona,45.155982932817224,10.016757740812862,2024,['Marketing Digitale'],10000,3811,0,True
SU02077,FutureLab S.R.L.,"Via Milano, 1",Milano,45.45206450802069,9.172816234023431,2021,['Marketing Digitale'],10000,4126,1,True
SU02078,GreenLab S.R.L.,"Via Roma, 116",Milano,45.46697222110287,9.192910426224453,2025,['Robotica'],18720,125048,6,True
SU02079,DigitalSystems S.R.L.,"Via Manzoni, 88",Milano,45.45515536843445,9.206140761558059,2024,['Marketing Digitale'],34998,1198469,4,True
SU02080,InnovaLogic S.R.L.,"Via Brera, 17",Milano,45.454849657958455,9.200734099273857,2019,"['Automotive Tech', 'Aerospace', 'Intelligenza Artificiale']",10000,464294,4,True
SU02081,NanoAnalytics S.R.L.,"Corso Buenos Aires, 54",Bergamo,45.74731266709101,9.661596191243236,2022,"['Intelligenza Artificiale', 'Blockchain', 'Computer e Prodotti Elettronici']",34400,253845,0,True
SU02082,TechDynamics S.R.L.,"Via Roma, 123",Milano,45.457384314567314,9.187456932828132,2022,['Software & Consulenza Informatica'],10000,1225164,0,True
SU02083,NanoLogic S.R.L.,"Via Milano, 57",Pavia,45.162196565301755,9.191115021946155,2023,"['Energia Rinnovabile', 'IoT', 'Computer e Prodotti Elettronici']",10000,589350,3,True
SU02084,TechWorks S.R.L.,"Via Manzoni, 1",Bergamo,45.6867911385318,9.6753653032009,2021,"['IoT', 'Ricerca e Sviluppo']",21976,220780,0,True
SU02085,BioLogic S.R.L.,"Corso Buenos Aires, 54",Milano,45.430022255870696,9.157863652959136,2020,['Fintech'],21122,1733335,6,True
SU02086,InnovaSolutions S.R.L.,"Corso Buenos Aires, 54",Como,45.81359961044374,9.081180754990708,2023,"['IoT', 'Automotive Tech', 'Energia Rinnovabile']",10000,32858,1,True
SU02087,InnovaSystems S.R.L.,"Via Brera, 88",Milano,45.46844350209541,9.160643801869906,2022,"['Robotica', 'Fintech', 'Cleantech']",124081,5000000,3,True
SU02088,SmartAnalytics S.R.L.,"Via Brera, 145",Brescia,45.530311925179966,10.21981239300521,2021,"['Blockchain', 'Marketing Digitale', 'Fintech']",10000,823497,6,True
SU02089,InnovaAnalytics S.R.L.,"Via Brera, 57",Como,45.83232920916988,9.07400668208062,2019,"['Servizi di Informazione', 'Energia Rinnovabile']",10000,1221400,2,True
SU02090,GreenSolutions S.R.L.,"Via Dante, 96",Milano,45.458941312494524,9.206420310820176,2021,"['Biotecnologie', 'Energia Rinnovabile']",10000,126549,4,True
SU02091,InnovaWorks S.R.L.,"Via Milano, 1",Bergamo,45.70060740437908,9.676010643919152,2020,"['Blockchain', 'Aerospace']",97632,333828,8,True
SU02092,NanoLab S.R.L.,"Corso Buenos Aires, 148",Milano,45.48190718691011,9.211677319243778,2021,"['E-commerce', 'Automotive Tech']",20596,2590338,1,True
SU02093,DataWorks S.R.L.,"Via Roma, 34",Milano,45.464435029182795,9.183933520779075,2021,"['Automotive Tech', 'Robotica']",68044,947724,3,True
SU02094,InnovaSolutions S.R.L.,"Via Roma, 120",Milano,45.44949938617286,9.18815346185364,2022,"['Fintech', 'Marketing Digitale', 'Automotive Tech']",10000,682765,3,True
SU02095,DataSolutions S.R.L.,"Corso Buenos Aires, 93",Milano,45.442737237592986,9.232483489775172,2019,"['Cybersecurity', 'Automazione Industriale', 'Computer e Prodotti Elettronici']",10000,142859,0,True
SU02096,NanoSystems S.R.L.,"Via Manzoni, 90",Milano,45.45653326892739,9.145933134230605,2024,['Cleantech'],11131,575067,2,True
SU02097,NanoSolutions S.R.L.,"Via Brera, 47",Milano,45.48139632865233,9.185669035428518,2021,['Cleantech'],27924,32352,7,True
SU02098,DigitalSolutions S.R.L.,"Via Manzoni, 141",Milano,45.48909830283279,9.194053688056249,2025,"['Energia Rinnovabile', 'Ricerca e Sviluppo']",36589,49135,2,True
SU02099,BioLogic S.R.L.,"Via Montenapoleone, 139",Brescia,45.58360249404213,10.230337014349995,2022,"['E-commerce', 'Robotica']",10000,531729,3,True
SU02100,GreenAnalytics S.R.L.,"Corso Buenos Aires, 41",Como,45.80682886169001,9.083762814255746,2023,"['IoT', 'Automazione Industriale']",26210,155461,4,True
SU02101,GreenDynamics S.R.L.,"Via Milano, 132",Milano,45.442160374958966,9.174647099564622,2020,['Robotica'],10000,177008,10,True
SU02102,DataWorks S.R.L.,"Via Garibaldi, 131",Milano,45.461532896653274,9.195075212297377,2021,"['Biotecnologie', 'Fintech', 'Software & Consulenza Informatica']",15828,325609,1,False
SU02103,DataLab S.R.L.,"Corso Buenos Aires, 131",Milano,45.41813258535295,9.201824216359139,2025,"['Computer e Prodotti Elettronici', 'Servizi di Informazione']",10000,194672,6,False
SU02104,BioSystems S.R.L.,"Via Dante, 95",Como,45.81911560183684,9.095785946601389,2023,['Servizi di Informazione'],10000,1827285,2,True
SU02105,NanoSolutions S.R.L.,"Corso Buenos Aires, 114",Cremona,45.11296650507562,10.01631599453,2022,"['Fintech', 'Aerospace']",10000,591554,2,True
SU02106,NanoWorks S.R.L.,"Via Montenapoleone, 75",Milano,45.51290360065836,9.20489194686803,2022,"['Blockchain', 'Biotecnologie', 'Cleantech']",47975,2716,2,True
SU02107,NanoEngine S.R.L.,"Via Montenapoleone, 105",Milano,45.495497434142145,9.198051307444613,2020,"['Blockchain', 'Servizi di Informazione', 'Fintech']",28794,145034,2,True
SU02108,CyberVision S.R.L.,"Corso Buenos Aires, 80",Mantova,45.17193897901906,10.788135032147274,2020,"['Energia Rinnovabile', 'Salute Digitale']",57326,108519,2,True
SU02109,NanoWorks S.R.L.,"Via Milano, 71",Sondrio,46.180574778966935,9.85323437049811,2019,"['Ricerca e Sviluppo', 'Cybersecurity']",10000,314289,2,True
SU02110,InnovaHub S.R.L.,"Via Dante, 20",Milano,45.48211707803041,9.185717148221672,2021,['E-commerce'],97846,231783,1,True
SU02111,TechLogic S.R.L.,"Via Dante, 26",Milano,45.467396347221765,9.197838863543486,2024,"['Fabbricazione Macchinari', 'Software & Consulenza Informatica', 'Servizi di Informazione']",10000,2024,1,True
SU02112,CyberAnalytics S.R.L.,"Via Garibaldi, 123",Milano,45.464831055432676,9.230428597460971,2021,"['Aerospace', 'Energia Rinnovabile', 'Cleantech']",24106,652160,5,True
SU02113,TechDynamics S.R.L.,"Corso Buenos Aires, 55",Como,45.833392008456634,9.084661018871383,2024,['Salute Digitale'],45403,321049,5,True
SU02114,NanoLab S.R.L.,"Corso Buenos Aires, 146",Milano,45.44128664297584,9.189010344138667,2021,['Fintech'],11623,3664,1,True
SU02115,TechVision S.R.L.,"Via Manzoni, 46",Milano,45.469403383143394,9.217036939344588,2020,['IoT'],32414,484320,2,True
SU02116,NanoVision S.R.L.,"Via Roma, 47",Milano,45.47709210364057,9.174447122752653,2022,"['Biotecnologie', 'Ricerca e Sviluppo']",22835,22701,2,True
SU02117,GreenSolutions S.R.L.,"Via Milano, 53",Milano,45.4567578481799,9.161208192031578,2020,"['IoT', 'Ricerca e Sviluppo']",19350,128080,0,False
SU02118,TechAnalytics S.R.L.,"Via Montenapoleone, 133",Milano,45.50325612894739,9.194157173835706,2025,"['Cybersecurity', 'Aerospace', 'Automazione Industriale']",33606,415061,2,True
SU02119,SmartLogic S.R.L.,"Via Manzoni, 56",Mantova,45.17074628144888,10.791504221887214,2020,['Automazione Industriale'],19723,138489,1,True
SU02120,TechVision S.R.L.,"Via Garibaldi, 47",Milano,45.46821722737177,9.1781227276668,2024,['Computer e Prodotti Elettronici'],10000,3195,0,True
SU02121,CyberWorks S.R.L.,"Via Garibaldi, 40",Milano,45.46234232905651,9.145236178921015,2022,['Computer e Prodotti Elettronici'],10000,1852559,1,True
SU02122,DigitalLab S.R.L.,"Corso Buenos Aires, 90",Brescia,45.58455552160463,10.205670850400857,2019,['Cleantech'],29819,18064,0,True
SU02123,NanoEngine S.R.L.,"Corso Buenos Aires, 21",Milano,45.44902852112301,9.189606787926149,2020,"['Fintech', 'Energia Rinnovabile']",20314,75294,9,True
SU02124,GreenSolutions S.R.L.,"Via Montenapoleone, 121",Pavia,45.16448153051803,9.19152631936841,2021,"['Automazione Industriale', 'Cleantech']",256090,162866,2,True
SU02125,FutureLab S.R.L.,"Via Manzoni, 61",Cremona,45.132584988815054,10.024368913867567,2020,"['Biotecnologie', 'Software & Consulenza Informatica']",10000,86364,3,True
SU02126,GreenEngine S.R.L.,"Via Dante, 73",Brescia,45.552156531054955,10.21902765455603,2022,"['Biotecnologie', 'E-commerce']",10000,184943,1,True
SU02127,NanoDynamics S.R.L.,"Via Brera, 58",Milano,45.46693472728154,9.134823817003763,2021,"['Fintech', 'Automazione Industriale']",19797,522382,5,True
SU02128,InnovaLab S.R.L.,"Via Garibaldi, 88",Milano,45.44732624283034,9.18710941488247,2021,"['Software & Consulenza Informatica', 'E-commerce']",10483,59249,5,False
SU02129,TechWorks S.R.L.,"Via Manzoni, 28",Milano,45.44643914373905,9.16074460051531,2020,['Cybersecurity'],87353,72706,4,True
SU02130,DataLogic S.R.L.,"Via Montenapoleone, 21",Milano,45.440621841268126,9.19696945404974,2019,['Servizi di Informazione'],49652,78206,0,True
SU02131,FutureSolutions S.R.L.,"Via Roma, 39",Milano,45.46637680875091,9.189348861276526,2019,['IoT'],10000,5000000,9,True
SU02132,InnovaHub S.R.L.,"Via Brera, 55",Milano,45.500600736640045,9.19387351923385,2023,['Fintech'],10000,520512,0,True
SU02133,BioEngine S.R.L.,"Via Roma, 131",Milano,45.474454977073556,9.176415257975183,2019,"['Ricerca e Sviluppo', 'Computer e Prodotti Elettronici', 'Automotive Tech']",10000,268960,2,True
SU02134,CyberLab S.R.L.,"Via Brera, 144",Como,45.841077910143824,9.08530000077042,2019,"['Marketing Digitale', 'Aerospace']",14164,227168,5,True
SU02135,BioSystems S.R.L.,"Via Montenapoleone, 122",Pavia,45.197571216261984,9.152205384326107,2023,"['Fintech', 'Robotica', 'Aerospace']",18029,27575,5,False
SU02136,GreenLab S.R.L.,"Via Manzoni, 47",Milano,45.46866574580848,9.189677814160685,2019,"['Servizi di Informazione', 'Software & Consulenza Informatica', 'Automotive Tech']",383040,100274,0,True
SU02137,NanoLab S.R.L.,"Corso Buenos Aires, 80",Bergamo,45.726592050560264,9.679580443780027,2024,"['Aerospace', 'Computer e Prodotti Elettronici', 'Marketing Digitale']",50549,154385,8,True
SU02138,TechLogic S.R.L.,"Via Brera, 17",Brescia,45.55478219363107,10.22506099758253,2022,['Cybersecurity'],14661,413945,1,False
SU02139,GreenSolutions S.R.L.,"Via Roma, 43",Milano,45.469101313630816,9.203130023596819,2022,"['Cybersecurity', 'Robotica']",10718,85603,1,True
SU02140,TechSystems S.R.L.,"Via Milano, 122",Milano,45.429580619300744,9.169596743105448,2024,"['Energia Rinnovabile', 'Automotive Tech', 'Marketing Digitale']",16264,859446,7,True
SU02141,DigitalSystems S.R.L.,"Via Dante, 92",Milano,45.49130116088095,9.20507168652712,2023,['Biotecnologie'],32798,33368,1,True
SU02142,BioLab S.R.L.,"Via Garibaldi, 85",Milano,45.452292157229536,9.205610434095924,2022,"['Ricerca e Sviluppo', 'IoT']",29745,190085,9,True
SU02143,InnovaSystems S.R.L.,"Via Garibaldi, 8",Brescia,45.562403714483565,10.211350186623571,2021,"['Robotica', 'Servizi di Informazione', 'Cybersecurity']",17401,30284,0,True
SU02144,CyberEngine S.R.L.,"Via Montenapoleone, 148",Milano,45.45699858835426,9.168348105978259,2021,['Cybersecurity'],10000,26327,6,True
SU02145,NanoDynamics S.R.L.,"Corso Buenos Aires, 52",Milano,45.45414223961769,9.2111300480743,2020,['Servizi di Informazione'],10000,47197,0,True
SU02146,BioSystems S.R.L.,"Via Manzoni, 28",Milano,45.462314657044935,9.172912443236097,2019,"['Software & Consulenza Informatica', 'Biotecnologie']",10000,206610,0,True
SU02147,CyberLogic S.R.L.,"Via Roma, 38",Milano,45.47748470411426,9.181688286490864,2023,"['Servizi di Informazione', 'Salute Digitale', 'Automazione Industriale']",10000,211373,1,True
SU02148,DigitalWorks S.R.L.,"Via Manzoni, 28",Bergamo,45.689414145299565,9.696698428717124,2020,"['Salute Digitale', 'Biotecnologie']",24175,50085,1,True
SU02149,InnovaDynamics S.R.L.,"Via Garibaldi, 62",Bergamo,45.68955282008328,9.644094823811873,2023,"['Energia Rinnovabile', 'Ricerca e Sviluppo']",10300,137266,0,True
SU02150,CyberHub S.R.L.,"Via Roma, 84",Milano,45.47740978025281,9.212066542402837,2023,"['Robotica', 'Computer e Prodotti Elettronici']",78117,356882,3,True
SU02151,CyberDynamics S.R.L.,"Via Milano, 147",Milano,45.46173719929045,9.203888902926106,2023,"['Automazione Industriale', 'Software & Consulenza Informatica']",66367,172142,15,True
SU02152,FutureLab S.R.L.,"Via Montenapoleone, 127",Milano,45.49170617286808,9.181738469316164,2024,"['Automazione Industriale', 'Marketing Digitale']",10000,879714,3,True
SU02153,CyberVision S.R.L.,"Via Manzoni, 62",Bergamo,45.70051297645476,9.654203743592284,2022,['Automotive Tech'],60094,388253,0,True
SU02154,BioLogic S.R.L.,"Via Roma, 39",Milano,45.467183475046504,9.18414506740849,2019,['IoT'],72159,34273,4,True
SU02155,FutureLab S.R.L.,"Via Garibaldi, 125",Milano,45.45821366324623,9.18955791325757,2019,['Robotica'],16800,615083,1,True
SU02156,DigitalWorks S.R.L.,"Via Manzoni, 55",Milano,45.46231396355079,9.22281392863207,2021,"['Servizi di Informazione', 'E-commerce']",24443,785463,6,True
SU02157,BioLogic S.R.L.,"Via Dante, 5",Milano,45.445624676794,9.178775549271046,2021,"['Cybersecurity', 'Salute Digitale']",27596,482926,20,True
SU02158,FutureLogic S.R.L.,"Via Roma, 52",Mantova,45.15631255359978,10.787452874626329,2023,['Cleantech'],21987,232542,7,True
SU02159,NanoSolutions S.R.L.,"Via Roma, 13",Milano,45.43120161289114,9.1875396756582,2021,"['Fintech', 'Cleantech']",78607,213188,0,True
SU02160,TechEngine S.R.L.,"Via Montenapoleone, 54",Milano,45.462221500457616,9.174140647495822,2023,"['Automazione Industriale', 'Computer e Prodotti Elettronici', 'Cybersecurity']",10000,80669,3,True
SU02161,GreenHub S.R.L.,"Via Brera, 117",Bergamo,45.68218156678563,9.695266588850725,2021,['Fabbricazione Macchinari'],24438,216475,0,True
SU02162,FutureVision S.R.L.,"Via Garibaldi, 118",Milano,45.47401123204269,9.188571557089954,2021,['Servizi di Informazione'],20565,157243,5,True
SU02163,TechEngine S.R.L.,"Corso Buenos Aires, 82",Milano,45.45843521688225,9.200766945503702,2020,"['Fintech', 'Fabbricazione Macchinari']",10000,87248,2,True
SU02164,SmartSolutions S.R.L.,"Via Brera, 90",Milano,45.474704521115534,9.218426963623042,2019,"['Aerospace', 'Automazione Industriale']",21480,10076,1,True
SU02165,FutureEngine S.R.L.,"Via Brera, 131",Milano,45.457553894341764,9.187669028277416,2021,['Biotecnologie'],10000,313296,4,True
SU02166,InnovaAnalytics S.R.L.,"Via Milano, 12",Milano,45.448514464368195,9.190147503833792,2020,['Automazione Industriale'],10000,41083,4,True
SU02167,SmartEngine S.R.L.,"Corso Buenos Aires, 143",Cremona,45.1237911146639,10.023382236769608,2020,['Robotica'],66580,971954,10,True
SU02168,GreenEngine S.R.L.,"Via Montenapoleone, 114",Brescia,45.57235458488038,10.203630505944798,2023,"['Fintech', 'IoT', 'Software & Consulenza Informatica']",26061,642403,2,True
SU02169,FutureAnalytics S.R.L.,"Via Manzoni, 114",Milano,45.42581687026216,9.231769106683215,2019,"['Blockchain', 'Fintech', 'E-commerce']",10553,5000000,6,True
SU02170,BioWorks S.R.L.,"Via Montenapoleone, 51",Como,45.820964182260006,9.143929070525866,2021,"['E-commerce', 'Intelligenza Artificiale']",10000,111892,0,True
SU02171,TechDynamics S.R.L.,"Via Manzoni, 11",Brescia,45.555403352483665,10.18567269711171,2021,['Energia Rinnovabile'],42577,31653,2,True
SU02172,GreenWorks S.R.L.,"Via Garibaldi, 22",Milano,45.45370099035367,9.168115427847981,2022,"['Intelligenza Artificiale', 'E-commerce']",10000,7516,5,True
SU02173,TechHub S.R.L.,"Via Manzoni, 23",Milano,45.47765244130357,9.193187684670626,2021,['Computer e Prodotti Elettronici'],10000,80194,8,True
SU02174,DataLab S.R.L.,"Via Dante, 114",Milano,45.48219345171065,9.187144969691257,2025,"['IoT', 'Software & Consulenza Informatica']",10000,22735,3,False
SU02175,NanoSolutions S.R.L.,"Corso Buenos Aires, 17",Brescia,45.573264997956485,10.192987585785895,2023,"['Intelligenza Artificiale', 'Cybersecurity']",13672,13754,4,True
SU02176,NanoLab S.R.L.,"Corso Buenos Aires, 139",Milano,45.464746585295494,9.194390493298117,2021,"['Intelligenza Artificiale', 'Robotica']",23606,187524,0,True
SU02177,SmartLab S.R.L.,"Via Brera, 147",Milano,45.46506713037885,9.16161158472595,2025,"['Blockchain', 'Automazione Industriale', 'Intelligenza Artificiale']",10000,202793,0,True
SU02178,BioVision S.R.L.,"Via Garibaldi, 112",Bergamo,45.69560733669385,9.682254324935222,2024,['Software & Consulenza Informatica'],111300,644927,0,True
SU02179,GreenAnalytics S.R.L.,"Via Garibaldi, 51",Milano,45.46435234895769,9.191536448035498,2019,"['Automotive Tech', 'Computer e Prodotti Elettronici']",17587,478284,0,True
SU02180,CyberEngine S.R.L.,"Corso Buenos Aires, 69",Bergamo,45.71771458311107,9.7022385714652,2022,['Fintech'],12362,116695,8,False
SU02181,CyberDynamics S.R.L.,"Via Garibaldi, 120",Bergamo,45.710576057914345,9.704432278590938,2023,"['Energia Rinnovabile', 'Servizi di Informazione']",10000,48539,0,True
SU02182,SmartLogic S.R.L.,"Via Roma, 15",Milano,45.46064933876395,9.185363536542438,2022,"['Marketing Digitale', 'Salute Digitale']",10000,83740,0,True
SU02183,FutureEngine S.R.L.,"Via Brera, 81",Milano,45.45094524829018,9.192542561426446,2024,"['Marketing Digitale', 'Salute Digitale']",32418,455575,0,True
SU02184,FutureWorks S.R.L.,"Via Milano, 84",Brescia,45.56042499915483,10.219866742438343,2024,"['Biotecnologie', 'IoT', 'Aerospace']",83070,225697,4,True
SU02185,InnovaAnalytics S.R.L.,"Corso Buenos Aires, 15",Milano,45.45374353437772,9.172997331784307,2022,"['Marketing Digitale', 'Cleantech', 'Blockchain']",44952,274716,1,True
SU02186,DigitalLab S.R.L.,"Via Garibaldi, 145",Milano,45.459131928731026,9.175500818826073,2021,"['Servizi di Informazione', 'Ricerca e Sviluppo']",24289,176466,0,True
SU02187,SmartSolutions S.R.L.,"Via Garibaldi, 43",Milano,45.448376991894555,9.208996422466186,2019,"['Automazione Industriale', 'Salute Digitale', 'Servizi di Informazione']",17789,302912,0,True
SU02188,InnovaDynamics S.R.L.,"Via Brera, 122",Sondrio,46.1972674853833,9.87035845492076,2025,"['IoT', 'Cybersecurity']",136367,5199,1,True
SU02189,FutureSystems S.R.L.,"Via Manzoni, 11",Milano,45.4923102016198,9.196933760718139,2023,['Cleantech'],10000,103582,5,False
SU02190,NanoWorks S.R.L.,"Via Brera, 42",Milano,45.45705122523604,9.228781821322386,2023,"['Automazione Industriale', 'Fintech', 'Fabbricazione Macchinari']",34962,983187,6,True
SU02191,SmartDynamics S.R.L.,"Via Montenapoleone, 142",Milano,45.48268745234558,9.174343395573533,2023,['Automazione Industriale'],10000,1940687,4,True
SU02192,GreenSolutions S.R.L.,"Via Dante, 80",Bergamo,45.71193855476007,9.677912289295968,2021,['Servizi di Informazione'],170168,362252,1,True
SU02193,SmartWorks S.R.L.,"Via Montenapoleone, 120",Milano,45.446507424762515,9.205156111062736,2021,"['Cybersecurity', 'Biotecnologie', 'Ricerca e Sviluppo']",26054,457172,1,True
SU02194,DigitalWorks S.R.L.,"Via Dante, 116",Como,45.79422495166798,9.063303685144186,2023,"['Automotive Tech', 'Servizi di Informazione']",39780,13901,2,True
SU02195,GreenWorks S.R.L.,"Via Brera, 88",Milano,45.46694986824648,9.19155010886149,2022,['Cybersecurity'],27558,647460,4,True
SU02196,SmartDynamics S.R.L.,"Via Brera, 35",Milano,45.471973506003536,9.198479644515231,2023,"['Cybersecurity', 'Computer e Prodotti Elettronici', 'Fabbricazione Macchinari']",10000,2621,5,True
SU02197,NanoLab S.R.L.,"Via Dante, 53",Milano,45.46142020597784,9.207295153226593,2019,['IoT'],40551,25794,0,True
SU02198,GreenDynamics S.R.L.,"Via Manzoni, 62",Milano,45.45768806776575,9.190276555061418,2021,"['Blockchain', 'Marketing Digitale']",10000,251123,10,True
SU02199,InnovaHub S.R.L.,"Via Milano, 3",Milano,45.450484560571006,9.203439777586816,2024,"['Robotica', 'Fintech']",269273,20408,0,True
SU02200,SmartVision S.R.L.,"Via Manzoni, 82",Sondrio,46.15953216953083,9.886322405896076,2020,"['IoT', 'Software & Consulenza Informatica']",10000,41114,5,True
SU02201,DigitalLab S.R.L.,"Via Garibaldi, 99",Milano,45.44446123346804,9.209010641506861,2020,['Automotive Tech'],10000,41509,3,True
SU02202,CyberEngine S.R.L.,"Via Brera, 61",Brescia,45.54743427477413,10.210659180519842,2023,"['Servizi di Informazione', 'IoT']",20124,16488,5,True
SU02203,TechDynamics S.R.L.,"Via Milano, 113",Sondrio,46.18084423742054,9.895461484850651,2024,['Intelligenza Artificiale'],10000,2429,0,True
SU02204,NanoHub S.R.L.,"Via Montenapoleone, 56",Brescia,45.54863070028545,10.249105919852608,2024,"['Blockchain', 'Salute Digitale', 'Robotica']",10000,928,2,True
SU02205,BioLab S.R.L.,"Via Dante, 79",Milano,45.46506792381884,9.181337830562917,2023,['Blockchain'],10000,411101,6,True
SU02206,DataAnalytics S.R.L.,"Via Manzoni, 29",Milano,45.47412894193294,9.186948854340464,2022,['Fabbricazione Macchinari'],12671,271488,8,True
SU02207,CyberAnalytics S.R.L.,"Corso Buenos Aires, 65",Como,45.78235850979857,9.066310764061603,2022,"['Automotive Tech', 'Automazione Industriale', 'Computer e Prodotti Elettronici']",10000,43014,6,True
SU02208,FutureEngine S.R.L.,"Via Montenapoleone, 3",Milano,45.429675803348545,9.152162296919547,2020,"['Intelligenza Artificiale', 'Cybersecurity']",10000,23286,5,True
SU02209,BioHub S.R.L.,"Via Manzoni, 68",Brescia,45.53656920862554,10.196526594311045,2024,"['Computer e Prodotti Elettronici', 'Cybersecurity']",26598,2194631,1,True
SU02210,InnovaAnalytics S.R.L.,"Via Milano, 81",Milano,45.49593195236927,9.223296382178575,2022,['IoT'],47461,878825,2,True
SU02211,SmartDynamics S.R.L.,"Via Roma, 86",Milano,45.45348523074539,9.176924873808277,2021,"['Automazione Industriale', 'E-commerce']",10000,130344,0,True
SU02212,DataHub S.R.L.,"Via Milano, 11",Milano,45.444673948143986,9.208345839581444,2022,['Salute Digitale'],10000,38501,8,True
SU02213,SmartEngine S.R.L.,"Via Roma, 83",Como,45.83052025940779,9.069125467437894,2024,"['E-commerce', 'Automotive Tech', 'Marketing Digitale']",15163,191145,1,True
SU02214,TechDynamics S.R.L.,"Via Montenapoleone, 97",Milano,45.48821502561948,9.213194923663972,2024,['Marketing Digitale'],29549,491553,1,True
SU02215,GreenLogic S.R.L.,"Via Garibaldi, 121",Milano,45.435197018148024,9.219611873533845,2024,['Automotive Tech'],10000,43731,1,True
SU02216,TechAnalytics S.R.L.,"Via Garibaldi, 27",Milano,45.48313115498816,9.194811705236528,2023,['Intelligenza Artificiale'],23549,10236,0,True
SU02217,NanoVision S.R.L.,"Via Dante, 92",Milano,45.462820712724,9.16213800574045,2021,"['IoT', 'Ricerca e Sviluppo']",10000,41611,10,True
SU02218,NanoVision S.R.L.,"Corso Buenos Aires, 136",Milano,45.46013662208976,9.198445410391553,2020,"['Ricerca e Sviluppo', 'Servizi di Informazione']",38901,57145,1,True
SU02219,CyberEngine S.R.L.,"Via Brera, 113",Milano,45.45963090893961,9.193331849087503,2020,"['Automazione Industriale', 'Servizi di Informazione']",12057,97904,5,True
SU02220,GreenWorks S.R.L.,"Via Milano, 137",Monza e della Brianza,45.55200188993652,9.285760249201441,2020,"['Intelligenza Artificiale', 'Software & Consulenza Informatica', 'Cybersecurity']",58364,141474,8,True
SU02221,NanoVision S.R.L.,"Via Montenapoleone, 81",Milano,45.46623571216006,9.186768089397214,2025,['IoT'],12877,13125,0,True
SU02222,GreenSystems S.R.L.,"Corso Buenos Aires, 99",Brescia,45.53190333625968,10.215082501345252,2023,"['Robotica', 'Blockchain', 'IoT']",10000,57749,2,True
SU02223,DigitalEngine S.R.L.,"Corso Buenos Aires, 138",Milano,45.46820370798466,9.180279058381915,2020,['Intelligenza Artificiale'],10000,26894,7,True
SU02224,InnovaEngine S.R.L.,"Via Manzoni, 114",Milano,45.48045341748237,9.24049283475291,2022,"['Salute Digitale', 'Marketing Digitale']",74271,67971,1,True
SU02225,CyberSystems S.R.L.,"Via Dante, 40",Milano,45.47676917958623,9.196187970921546,2024,"['Cybersecurity', 'Automotive Tech']",10000,797963,3,True
SU02226,DigitalSystems S.R.L.,"Via Garibaldi, 50",Milano,45.48021731445273,9.196019307846147,2022,"['Fintech', 'Servizi di Informazione']",10000,92717,7,True
SU02227,CyberSystems S.R.L.,"Via Milano, 110",Milano,45.471202832164614,9.208814679207174,2019,"['Salute Digitale', 'Cleantech']",10000,7520,5,False
SU02228,InnovaWorks S.R.L.,"Via Roma, 24",Lodi,45.29639937024942,9.521983547537497,2022,['Aerospace'],14717,171481,4,True
SU02229,GreenLab S.R.L.,"Via Roma, 6",Milano,45.46276360276347,9.208044198023734,2022,"['Robotica', 'Energia Rinnovabile']",10140,153678,2,True
SU02230,BioVision S.R.L.,"Via Manzoni, 118",Milano,45.44991036990115,9.176445522531763,2020,['Blockchain'],22876,17627,2,False
SU02231,NanoAnalytics S.R.L.,"Via Roma, 1",Milano,45.444652176198964,9.20562286871626,2024,['Robotica'],11607,34279,4,False
SU02232,FutureSystems S.R.L.,"Via Roma, 139",Milano,45.44028207285901,9.193587596707435,2020,['Biotecnologie'],53323,353118,1,True
SU02233,NanoSolutions S.R.L.,"Via Brera, 78",Como,45.81085248322399,9.080050253747956,2022,['Cybersecurity'],10000,473725,2,True
SU02234,InnovaVision S.R.L.,"Via Brera, 119",Milano,45.47780499333579,9.151399098287744,2021,['Fabbricazione Macchinari'],13585,744995,7,True
SU02235,FutureVision S.R.L.,"Via Dante, 120",Milano,45.442643016923896,9.19301973632984,2022,['Automotive Tech'],10000,12203,3,True
SU02236,CyberDynamics S.R.L.,"Via Dante, 67",Cremona,45.11203218982011,10.027961195599019,2022,['Cleantech'],139859,519755,1,True
SU02237,FutureLab S.R.L.,"Via Garibaldi, 79",Lecco,45.86744367657333,9.421984322295913,2022,['Energia Rinnovabile'],10000,54385,8,True
SU02238,InnovaLab S.R.L.,"Via Milano, 90",Brescia,45.55496132477146,10.266166336068146,2023,"['Automazione Industriale', 'Blockchain']",10000,188772,9,True
SU02239,FutureSystems S.R.L.,"Corso Buenos Aires, 145",Bergamo,45.70556930466252,9.671650631216623,2022,"['Energia Rinnovabile', 'Servizi di Informazione']",10000,23950,2,False
SU02240,NanoAnalytics S.R.L.,"Via Brera, 91",Como,45.77139988059982,9.10417067232076,2019,"['Blockchain', 'Biotecnologie']",13413,96516,8,True
SU02241,TechLab S.R.L.,"Via Garibaldi, 84",Milano,45.44720363246397,9.200425360693623,2024,['Servizi di Informazione'],14792,42245,0,True
SU02242,InnovaDynamics S.R.L.,"Via Manzoni, 44",Cremona,45.1398968772477,10.023034229514625,2023,"['Energia Rinnovabile', 'Fabbricazione Macchinari']",19088,421210,7,True
SU02243,InnovaHub S.R.L.,"Via Manzoni, 37",Milano,45.447536484662045,9.214073840394686,2022,['Software & Consulenza Informatica'],10000,409074,1,True
SU02244,BioLab S.R.L.,"Via Dante, 85",Milano,45.467616257085346,9.183219126718395,2019,"['Software & Consulenza Informatica', 'Cleantech']",10000,48843,0,True
SU02245,CyberDynamics S.R.L.,"Via Milano, 58",Milano,45.50350808460302,9.188695562596378,2020,"['Computer e Prodotti Elettronici', 'Aerospace']",10000,22014,0,True
SU02246,CyberLab S.R.L.,"Via Garibaldi, 131",Milano,45.45917381848437,9.192307362480754,2021,['Aerospace'],30953,2832,0,True
SU02247,GreenEngine S.R.L.,"Via Montenapoleone, 40",Milano,45.42301065225987,9.144335459124205,2023,['IoT'],10000,57473,3,True
SU02248,TechSolutions S.R.L.,"Via Roma, 65",Milano,45.48886314478441,9.17447780342277,2022,"['Automotive Tech', 'Ricerca e Sviluppo']",10000,12240,2,True
SU02249,CyberLogic S.R.L.,"Via Manzoni, 25",Milano,45.46141257291982,9.201797539817655,2023,"['Biotecnologie', 'Energia Rinnovabile', 'Automotive Tech']",15939,374082,6,True
SU02250,FutureEngine S.R.L.,"Via Montenapoleone, 62",Milano,45.42088871607527,9.227621767069744,2021,"['Software & Consulenza Informatica', 'Fabbricazione Macchinari']",33631,122982,0,True
SU02251,GreenVision S.R.L.,"Via Dante, 62",Milano,45.454689995314446,9.188232497686153,2022,"['Salute Digitale', 'Fintech', 'Biotecnologie']",10000,2249831,1,True
SU02252,BioEngine S.R.L.,"Via Montenapoleone, 101",Pavia,45.18720018606483,9.16948009121996,2021,"['Cleantech', 'Ricerca e Sviluppo']",21275,1821773,10,True
SU02253,NanoSystems S.R.L.,"Via Garibaldi, 120",Milano,45.4522011105694,9.196372117826513,2021,"['Automazione Industriale', 'Biotecnologie', 'Blockchain']",56775,138233,1,True
SU02254,SmartVision S.R.L.,"Via Brera, 51",Milano,45.456987081579435,9.213629503428216,2021,['Cleantech'],11574,11742,2,False
SU02255,NanoLab S.R.L.,"Corso Buenos Aires, 130",Bergamo,45.702318500740475,9.712977746598376,2021,['Aerospace'],14036,79616,3,False
SU02256,BioLab S.R.L.,"Via Montenapoleone, 118",Pavia,45.16256011782903,9.136493427567789,2023,"['Energia Rinnovabile', 'Ricerca e Sviluppo', 'Fabbricazione Macchinari']",30989,175978,7,True
SU02257,FutureLab S.R.L.,"Via Manzoni, 103",Mantova,45.14478362297359,10.81015247811499,2024,['Cybersecurity'],36224,266672,6,True
SU02258,TechHub S.R.L.,"Via Brera, 94",Como,45.81030234032371,9.110869655201082,2019,"['Fabbricazione Macchinari', 'Computer e Prodotti Elettronici']",38545,713980,3,True
SU02259,DigitalEngine S.R.L.,"Via Brera, 13",Milano,45.43789782537885,9.184554893020197,2022,"['Software & Consulenza Informatica', 'Servizi di Informazione']",57712,123752,0,True
SU02260,DigitalLogic S.R.L.,"Corso Buenos Aires, 26",Milano,45.49369897819458,9.163934083963888,2023,"['Automazione Industriale', 'Cybersecurity']",10000,7721,0,True
SU02261,CyberAnalytics S.R.L.,"Via Milano, 38",Brescia,45.558059124995225,10.186787984344038,2021,"['Salute Digitale', 'Biotecnologie', 'E-commerce']",10000,13272,2,True
SU02262,GreenEngine S.R.L.,"Via Montenapoleone, 97",Mantova,45.14711486835363,10.818647480627998,2022,"['Software & Consulenza Informatica', 'Automazione Industriale', 'Automotive Tech']",13891,21466,5,True
SU02263,SmartHub S.R.L.,"Via Montenapoleone, 35",Milano,45.46322604682353,9.157706042822932,2022,"['Fabbricazione Macchinari', 'Marketing Digitale']",30044,2330,0,True
SU02264,TechEngine S.R.L.,"Via Montenapoleone, 106",Milano,45.452957032212375,9.18406232828528,2025,"['Robotica', 'Software & Consulenza Informatica', 'Marketing Digitale']",21156,44581,0,True
SU02265,FutureSystems S.R.L.,"Via Dante, 124",Milano,45.49195907269448,9.197054204227177,2019,"['Marketing Digitale', 'Cleantech']",10000,652981,5,False
SU02266,GreenWorks S.R.L.,"Via Montenapoleone, 61",Bergamo,45.67542173917553,9.681397768617126,2020,['Intelligenza Artificiale'],23462,80271,3,True
SU02267,GreenSolutions S.R.L.,"Via Manzoni, 143",Pavia,45.175601383394415,9.137144630299646,2024,['Fabbricazione Macchinari'],10000,278563,5,True
SU02268,TechLab S.R.L.,"Via Garibaldi, 3",Milano,45.45844130017536,9.19034401184702,2021,"['Fabbricazione Macchinari', 'Automazione Industriale']",16336,150671,1,True
SU02269,SmartAnalytics S.R.L.,"Via Manzoni, 52",Milano,45.44825287976359,9.195042291120691,2021,"['Salute Digitale', 'Computer e Prodotti Elettronici']",20558,1501992,5,True
SU02270,InnovaLogic S.R.L.,"Via Dante, 44",Milano,45.436081927514564,9.197629076964493,2023,['Automotive Tech'],10000,102058,9,True
SU02271,DigitalHub S.R.L.,"Corso Buenos Aires, 21",Milano,45.445611380337795,9.211917711556394,2020,"['Servizi di Informazione', 'Aerospace']",243489,6389,0,True
SU02272,DataLogic S.R.L.,"Via Milano, 34",Bergamo,45.67272127891518,9.69055868929149,2022,"['Automotive Tech', 'Energia Rinnovabile']",24722,50173,2,True
SU02273,DataWorks S.R.L.,"Via Milano, 12",Pavia,45.15195955181609,9.176484460919891,2020,"['Servizi di Informazione', 'Biotecnologie']",21563,1848924,6,True
SU02274,DataAnalytics S.R.L.,"Via Milano, 41",Bergamo,45.735112642845735,9.68537415943106,2023,['Fabbricazione Macchinari'],10000,474848,6,False
SU02275,DataEngine S.R.L.,"Via Montenapoleone, 92",Brescia,45.542279760756145,10.210060293323043,2022,"['Automazione Industriale', 'IoT']",48567,17115,7,False
SU02276,CyberSystems S.R.L.,"Via Manzoni, 51",Como,45.78275412846399,9.058989436642387,2022,"['Cybersecurity', 'IoT']",10000,29629,7,True
SU02277,CyberDynamics S.R.L.,"Via Garibaldi, 44",Brescia,45.530690865733305,10.234129824058918,2022,"['Aerospace', 'Automotive Tech', 'Cybersecurity']",13218,128354,5,True
SU02278,CyberDynamics S.R.L.,"Via Milano, 133",Milano,45.431784033533305,9.209525302316973,2020,['Marketing Digitale'],10000,80306,3,True
SU02279,DigitalHub S.R.L.,"Via Garibaldi, 110",Milano,45.451417443183786,9.199734869590419,2024,['Salute Digitale'],39538,19520,1,True
SU02280,NanoHub S.R.L.,"Via Montenapoleone, 87",Brescia,45.52657995732087,10.212099777432542,2020,"['Marketing Digitale', 'Software & Consulenza Informatica', 'Cleantech']",29085,31579,1,True
SU02281,DigitalAnalytics S.R.L.,"Via Roma, 140",Milano,45.44642678236451,9.172690199847892,2024,"['Aerospace', 'Energia Rinnovabile']",10000,21440,1,True
SU02282,BioLogic S.R.L.,"Via Garibaldi, 120",Milano,45.48350136712188,9.201906969276632,2023,"['Fintech', 'Intelligenza Artificiale']",20718,68765,5,False
SU02283,TechVision S.R.L.,"Via Manzoni, 9",Milano,45.441489891549146,9.188512293763592,2022,['Computer e Prodotti Elettronici'],20648,7264,3,True
SU02284,InnovaDynamics S.R.L.,"Via Manzoni, 30",Milano,45.453677169179464,9.217278940654005,2021,['Aerospace'],88030,19893,3,True
SU02285,GreenLogic S.R.L.,"Via Roma, 36",Lecco,45.86866687913237,9.408582886250702,2019,['Servizi di Informazione'],10000,19752,10,True
SU02286,GreenVision S.R.L.,"Via Montenapoleone, 44",Milano,45.452275914051924,9.177844895802005,2019,"['Servizi di Informazione', 'Salute Digitale']",22085,362481,3,True
SU02287,BioAnalytics S.R.L.,"Via Brera, 100",Milano,45.45269325369183,9.174950524350278,2023,"['Marketing Digitale', 'Automotive Tech']",36501,78676,1,True
SU02288,SmartDynamics S.R.L.,"Via Dante, 2",Milano,45.43294429861591,9.19835635158556,2022,"['Automazione Industriale', 'Computer e Prodotti Elettronici']",13055,453880,2,False
SU02289,TechLogic S.R.L.,"Via Dante, 66",Como,45.79332652244727,9.111440797944985,2019,"['IoT', 'Automazione Industriale']",195600,470737,3,True
SU02290,SmartSolutions S.R.L.,"Via Garibaldi, 92",Milano,45.44719939852772,9.174257848542009,2020,"['Salute Digitale', 'Cybersecurity', 'Ricerca e Sviluppo']",15056,81962,6,True
SU02291,DigitalWorks S.R.L.,"Corso Buenos Aires, 58",Milano,45.471986294461786,9.175772269180918,2022,"['IoT', 'Aerospace']",10000,259352,8,True
SU02292,FutureSolutions S.R.L.,"Via Milano, 140",Milano,45.49559623957626,9.182818485175593,2023,"['Salute Digitale', 'Blockchain', 'Fintech']",32193,5301,1,True
SU02293,SmartAnalytics S.R.L.,"Via Brera, 77",Milano,45.47904053905225,9.196747273666375,2019,"['Intelligenza Artificiale', 'Fintech', 'Energia Rinnovabile']",11884,311926,7,True
SU02294,BioDynamics S.R.L.,"Via Garibaldi, 108",Milano,45.466344206132916,9.158995979651129,2020,['Fabbricazione Macchinari'],36975,1155563,0,True
SU02295,TechLogic S.R.L.,"Via Garibaldi, 99",Milano,45.45699755119338,9.208529281732956,2023,"['Marketing Digitale', 'Cybersecurity']",10000,995359,1,False
SU02296,InnovaLab S.R.L.,"Via Brera, 85",Bergamo,45.67670259196124,9.689173793858425,2024,['Automazione Industriale'],40600,25194,1,True
SU02297,NanoLab S.R.L.,"Corso Buenos Aires, 56",Milano,45.45548030587135,9.203268006662013,2021,"['Intelligenza Artificiale', 'Salute Digitale', 'Fintech']",12588,47577,0,True
SU02298,NanoVision S.R.L.,"Via Brera, 37",Milano,45.48366225905145,9.189930527549718,2023,"['Robotica', 'Fabbricazione Macchinari']",10000,50436,6,True
SU02299,NanoSystems S.R.L.,"Via Garibaldi, 124",Brescia,45.54747611061547,10.199545591666507,2020,"['Fintech', 'Cybersecurity', 'Automazione Industriale']",10000,33967,4,True
SU02300,BioLab S.R.L.,"Via Brera, 40",Lecco,45.865823784870535,9.410885524204645,2024,['E-commerce'],10000,150153,1,True
SU02301,FutureSystems S.R.L.,"Corso Buenos Aires, 121",Milano,45.46752626157187,9.175258628614694,2019,['Automazione Industriale'],15908,75888,3,True
SU02302,TechVision S.R.L.,"Via Montenapoleone, 83",Milano,45.4704351925753,9.206706369800445,2023,"['Cybersecurity', 'Aerospace', 'IoT']",59521,53819,1,True
SU02303,NanoDynamics S.R.L.,"Via Dante, 137",Sondrio,46.16029698719381,9.867923660051607,2023,"['Cleantech', 'Computer e Prodotti Elettronici', 'Software & Consulenza Informatica']",17232,47128,1,True
SU02304,CyberAnalytics S.R.L.,"Via Dante, 101",Milano,45.467839077611856,9.177153506431662,2021,"['IoT', 'Cleantech', 'Fintech']",10287,80216,6,False
SU02305,BioHub S.R.L.,"Via Brera, 81",Milano,45.45784442594232,9.17216760202597,2022,"['Intelligenza Artificiale', 'Aerospace', 'Cybersecurity']",50253,749098,0,True
SU02306,BioDynamics S.R.L.,"Via Roma, 80",Brescia,45.51883469373817,10.197408810237402,2019,['Marketing Digitale'],10000,69401,1,True
SU02307,InnovaLab S.R.L.,"Via Manzoni, 44",Milano,45.45785280853293,9.226877730534575,2020,"['Ricerca e Sviluppo', 'Servizi di Informazione']",97562,1037521,1,True
SU02308,SmartEngine S.R.L.,"Via Dante, 53",Milano,45.45546767597947,9.169112104046153,2020,"['Cleantech', 'Intelligenza Artificiale', 'Fintech']",10000,173615,10,True
SU02309,DataLogic S.R.L.,"Via Montenapoleone, 72",Como,45.80916461315084,9.080066397385155,2023,"['Aerospace', 'Fabbricazione Macchinari', 'Fintech']",10000,117159,1,True
SU02310,DataWorks S.R.L.,"Via Brera, 116",Como,45.8356850294372,9.105871705981212,2022,"['Fabbricazione Macchinari', 'Intelligenza Artificiale']",10000,9038,0,True
SU02311,BioAnalytics S.R.L.,"Via Manzoni, 35",Milano,45.48144303276376,9.180806507129757,2022,['E-commerce'],10000,139923,1,True
SU02312,TechWorks S.R.L.,"Via Dante, 105",Milano,45.48858685199237,9.171780951854174,2021,"['Ricerca e Sviluppo', 'Computer e Prodotti Elettronici', 'Servizi di Informazione']",10000,1222987,0,True
SU02313,NanoWorks S.R.L.,"Via Garibaldi, 75",Milano,45.4518263805557,9.185440558462924,2024,['Energia Rinnovabile'],18287,1591135,3,True
SU02314,NanoLogic S.R.L.,"Corso Buenos Aires, 107",Como,45.80797342202524,9.072683485925458,2020,['Salute Digitale'],33771,74421,0,True
SU02315,DataAnalytics S.R.L.,"Via Garibaldi, 102",Milano,45.46630442069617,9.192208323042923,2022,"['Intelligenza Artificiale', 'Energia Rinnovabile', 'IoT']",122087,474297,2,True
SU02316,DigitalEngine S.R.L.,"Via Milano, 66",Milano,45.4586766151972,9.190369948406783,2020,['Marketing Digitale'],29544,40143,4,True
SU02317,GreenHub S.R.L.,"Via Manzoni, 91",Milano,45.4543786509237,9.180285503993982,2020,"['Marketing Digitale', 'Robotica', 'Salute Digitale']",21874,125037,6,True
SU02318,GreenHub S.R.L.,"Via Dante, 119",Cremona,45.10639218823955,10.026811166061373,2021,['Software & Consulenza Informatica'],109259,51663,4,True
SU02319,GreenSolutions S.R.L.,"Via Roma, 52",Milano,45.490185381770665,9.17340109162849,2021,"['Cybersecurity', 'Software & Consulenza Informatica']",12076,547915,3,True
SU02320,GreenHub S.R.L.,"Corso Buenos Aires, 89",Bergamo,45.67435042494844,9.69467928170142,2023,['Biotecnologie'],10000,16956,0,True
SU02321,FutureSystems S.R.L.,"Via Manzoni, 84",Bergamo,45.67237612736372,9.671052723164417,2020,"['Automotive Tech', 'Automazione Industriale']",10901,1118999,2,True
SU02322,NanoHub S.R.L.,"Via Roma, 82",Bergamo,45.69885559817405,9.668117633746805,2023,['E-commerce'],16491,22333,8,True
SU02323,FutureLogic S.R.L.,"Via Milano, 121",Milano,45.46508245199145,9.194284820901863,2024,['Marketing Digitale'],26976,11124,4,True
SU02324,DataAnalytics S.R.L.,"Corso Buenos Aires, 85",Cremona,45.122218317986174,10.03245950905945,2024,['E-commerce'],10000,76956,6,True
SU02325,InnovaSolutions S.R.L.,"Via Brera, 68",Milano,45.47121862908388,9.150476409341966,2022,['Cleantech'],29842,6917,3,True
SU02326,BioAnalytics S.R.L.,"Via Milano, 36",Bergamo,45.67476240400034,9.675087808582262,2021,['E-commerce'],22734,813583,7,True
SU02327,TechEngine S.R.L.,"Via Montenapoleone, 85",Milano,45.49254906126958,9.164819426535068,2023,"['Computer e Prodotti Elettronici', 'Automotive Tech']",17374,5658,2,False
SU02328,SmartHub S.R.L.,"Via Milano, 129",Milano,45.485267737293626,9.172300510552654,2023,"['Salute Digitale', 'Fabbricazione Macchinari']",35050,482428,0,True
SU02329,TechVision S.R.L.,"Via Brera, 115",Milano,45.45386235296597,9.17977418446502,2025,"['Ricerca e Sviluppo', 'Fintech']",10000,33176,7,True
SU02330,DigitalDynamics S.R.L.,"Via Roma, 11",Milano,45.46887834396946,9.173469883768812,2022,"['Fintech', 'Automazione Industriale']",36880,704407,3,True
SU02331,BioSystems S.R.L.,"Via Dante, 129",Milano,45.4455849966295,9.174701681518304,2019,"['Salute Digitale', 'E-commerce']",10000,291587,4,True
SU02332,FutureSolutions S.R.L.,"Via Dante, 15",Milano,45.48767061113518,9.231614635842107,2025,"['Ricerca e Sviluppo', 'E-commerce']",14753,35704,1,True
SU02333,DataHub S.R.L.,"Via Manzoni, 118",Milano,45.449954642672765,9.198409310786161,2021,"['Software & Consulenza Informatica', 'Cleantech']",10000,71018,3,True
SU02334,FutureDynamics S.R.L.,"Via Milano, 68",Milano,45.46055532093063,9.198103547687749,2021,['Robotica'],19724,411509,3,True
SU02335,FutureHub S.R.L.,"Via Montenapoleone, 62",Milano,45.46521690597229,9.1996756321662,2024,"['Robotica', 'Salute Digitale']",11235,519033,1,False
SU02336,NanoVision S.R.L.,"Corso Buenos Aires, 79",Milano,45.44174234714247,9.170661751818425,2024,['Automazione Industriale'],10000,750195,2,True
SU02337,GreenWorks S.R.L.,"Corso Buenos Aires, 23",Milano,45.44607406794029,9.189198371295122,2023,"['Ricerca e Sviluppo', 'Fintech', 'Software & Consulenza Informatica']",10000,33438,7,True
SU02338,DataHub S.R.L.,"Via Manzoni, 115",Bergamo,45.698483594130636,9.696468748675432,2019,"['Blockchain', 'IoT']",10000,323867,7,True
SU02339,NanoDynamics S.R.L.,"Via Garibaldi, 7",Milano,45.46419393149141,9.214395054809508,2021,['Blockchain'],16006,176906,1,True
SU02340,TechSystems S.R.L.,"Via Montenapoleone, 51",Milano,45.48500200838937,9.199038758462898,2021,"['Energia Rinnovabile', 'Fintech']",10000,7718,2,True
SU02341,DigitalHub S.R.L.,"Via Brera, 15",Cremona,45.12661733197742,10.044388859769256,2022,"['E-commerce', 'Salute Digitale']",45324,131845,4,True
SU02342,TechSystems S.R.L.,"Via Brera, 124",Milano,45.48731716626071,9.174515208488454,2023,['Intelligenza Artificiale'],10000,4427,2,True
SU02343,DataLogic S.R.L.,"Via Dante, 100",Milano,45.43917926057517,9.182209557100569,2022,['Automazione Industriale'],10000,22061,1,True
SU02344,InnovaEngine S.R.L.,"Via Roma, 35",Brescia,45.51758692723252,10.223547585286633,2021,"['Servizi di Informazione', 'Automazione Industriale', 'Salute Digitale']",10000,30224,0,True
SU02345,GreenLab S.R.L.,"Via Roma, 73",Milano,45.46782277887329,9.20711206844384,2023,['Fabbricazione Macchinari'],23264,41944,0,False
SU02346,DataSystems S.R.L.,"Via Roma, 51",Bergamo,45.70725864958316,9.703798173567886,2024,"['Cleantech', 'Computer e Prodotti Elettronici']",10000,103323,1,True
SU02347,DigitalWorks S.R.L.,"Via Manzoni, 96",Milano,45.47914995817912,9.200512630817597,2022,['Software & Consulenza Informatica'],182772,24725,5,False
SU02348,CyberLab S.R.L.,"Via Brera, 43",Milano,45.475457393523975,9.22313548739046,2023,"['Blockchain', 'Cleantech', 'Ricerca e Sviluppo']",10000,2369,1,True
SU02349,NanoWorks S.R.L.,"Via Milano, 142",Milano,45.44516232262482,9.167472797469706,2021,"['Aerospace', 'Automotive Tech']",10000,70623,1,True
SU02350,InnovaWorks S.R.L.,"Via Milano, 14",Milano,45.48157778574898,9.157595423492447,2021,"['Marketing Digitale', 'Automotive Tech', 'Biotecnologie']",128052,28134,1,True
SU02351,DigitalDynamics S.R.L.,"Via Milano, 94",Milano,45.51160747828944,9.152757806585184,2024,['Blockchain'],53972,13459,1,True
SU02352,FutureEngine S.R.L.,"Via Garibaldi, 26",Varese,45.82138389025947,8.807489988262606,2020,"['Cleantech', 'Fabbricazione Macchinari', 'Ricerca e Sviluppo']",39223,75631,4,True
SU02353,TechEngine S.R.L.,"Via Brera, 56",Milano,45.452573471735484,9.200615815656803,2022,['Marketing Digitale'],35500,318051,2,True
SU02354,DataSolutions S.R.L.,"Via Brera, 67",Lecco,45.81877845990432,9.411223076902385,2023,['Fabbricazione Macchinari'],10000,1070290,0,True
SU02355,GreenSolutions S.R.L.,"Via Roma, 57",Sondrio,46.182517199770565,9.892744680460765,2023,"['Cybersecurity', 'Automazione Industriale']",46902,10143,2,True
SU02356,NanoAnalytics S.R.L.,"Via Milano, 16",Cremona,45.144287308866545,10.023388925162742,2024,['E-commerce'],25441,161858,6,True
SU02357,NanoHub S.R.L.,"Via Milano, 21",Milano,45.44687716813832,9.184076932865004,2020,"['Software & Consulenza Informatica', 'Automotive Tech', 'Intelligenza Artificiale']",10000,373321,5,True
SU02358,BioLab S.R.L.,"Corso Buenos Aires, 136",Brescia,45.53827482447404,10.221794833610078,2024,['Servizi di Informazione'],10000,8773,0,True
SU02359,BioVision S.R.L.,"Via Dante, 22",Como,45.794715571833656,9.07575316484596,2020,"['Marketing Digitale', 'Energia Rinnovabile']",10000,259324,9,True
SU02360,CyberSolutions S.R.L.,"Via Montenapoleone, 12",Milano,45.44111098020756,9.190498522513824,2023,['E-commerce'],10000,727091,7,True
SU02361,GreenLogic S.R.L.,"Via Brera, 131",Pavia,45.12495425812108,9.14603636725012,2022,['Biotecnologie'],10000,235786,2,True
SU02362,TechAnalytics S.R.L.,"Via Brera, 133",Milano,45.484461973508886,9.202850595039706,2021,['Fintech'],10000,60703,5,True
SU02363,CyberLogic S.R.L.,"Via Dante, 101",Cremona,45.10268325696502,10.031622243049428,2022,"['Biotecnologie', 'Blockchain']",18882,1112265,3,True
SU02364,CyberLab S.R.L.,"Via Manzoni, 2",Milano,45.43832092561798,9.192103893121178,2024,['Fintech'],22172,4385,15,True
SU02365,CyberAnalytics S.R.L.,"Via Dante, 42",Milano,45.46534414253698,9.1457765726393,2022,"['Salute Digitale', 'Cleantech']",10000,96507,2,True
SU02366,InnovaLogic S.R.L.,"Via Dante, 88",Bergamo,45.7120068575895,9.663550093515413,2022,['Aerospace'],10000,714665,4,True
SU02367,DataSolutions S.R.L.,"Via Milano, 17",Como,45.84465538002728,9.077020077225574,2024,['Blockchain'],22754,49010,5,False
SU02368,BioHub S.R.L.,"Corso Buenos Aires, 77",Milano,45.474200081706456,9.196824234330846,2021,"['Salute Digitale', 'Robotica']",10000,32629,2,True
SU02369,InnovaWorks S.R.L.,"Corso Buenos Aires, 46",Milano,45.439614103468976,9.198301169084212,2023,['Marketing Digitale'],16273,12538,1,False
SU02370,InnovaHub S.R.L.,"Via Roma, 60",Milano,45.45859922449699,9.19537333691239,2022,['Automotive Tech'],10000,106538,10,True
SU02371,CyberVision S.R.L.,"Via Dante, 95",Milano,45.471020450095246,9.21534158701494,2020,"['Fintech', 'Servizi di Informazione']",83060,78814,3,True
SU02372,BioWorks S.R.L.,"Via Manzoni, 12",Lecco,45.87275313493589,9.38173373914588,2021,"['IoT', 'Aerospace', 'Salute Digitale']",10000,68110,4,True
SU02373,BioHub S.R.L.,"Corso Buenos Aires, 28",Milano,45.47576857778675,9.204168619356885,2020,"['Marketing Digitale', 'Fintech']",24672,41362,1,True
SU02374,DigitalAnalytics S.R.L.,"Via Montenapoleone, 93",Milano,45.48059298610648,9.152736518374686,2022,"['Ricerca e Sviluppo', 'IoT']",10000,519091,0,False
SU02375,NanoLab S.R.L.,"Via Dante, 28",Milano,45.47033675785778,9.190878847161333,2022,['Blockchain'],12029,7757,0,True
SU02376,GreenAnalytics S.R.L.,"Via Manzoni, 146",Brescia,45.57317661328004,10.183343667616652,2021,"['Fabbricazione Macchinari', 'Robotica']",67227,22819,0,False
SU02377,SmartAnalytics S.R.L.,"Corso Buenos Aires, 14",Milano,45.46226962635814,9.197377881271139,2021,"['Ricerca e Sviluppo', 'Servizi di Informazione']",37124,1241062,1,True
SU02378,InnovaSolutions S.R.L.,"Corso Buenos Aires, 75",Milano,45.477750047757915,9.177118511668008,2025,"['Automotive Tech', 'Servizi di Informazione']",91436,122665,5,True
SU02379,DigitalAnalytics S.R.L.,"Via Garibaldi, 146",Milano,45.45905529367612,9.191448302695095,2024,"['Servizi di Informazione', 'Cleantech']",36599,48387,3,True
SU02380,TechDynamics S.R.L.,"Via Milano, 26",Milano,45.45616863588956,9.206634423175712,2023,"['Software & Consulenza Informatica', 'IoT']",10000,30646,1,True
SU02381,DataEngine S.R.L.,"Corso Buenos Aires, 9",Mantova,45.12888080390817,10.760760629715895,2023,"['Software & Consulenza Informatica', 'Cleantech']",10000,46202,0,False
SU02382,NanoHub S.R.L.,"Via Dante, 97",Milano,45.465660713086024,9.19425026145199,2022,"['Blockchain', 'Biotecnologie', 'Intelligenza Artificiale']",10000,76068,0,True
SU02383,CyberLogic S.R.L.,"Via Garibaldi, 132",Pavia,45.17448731210761,9.1578242205318,2021,"['E-commerce', 'Cleantech']",10000,893,5,True
SU02384,BioWorks S.R.L.,"Via Montenapoleone, 63",Bergamo,45.67723076200407,9.659736527591145,2022,"['Software & Consulenza Informatica', 'Automazione Industriale']",15173,49883,2,True
SU02385,TechSystems S.R.L.,"Via Manzoni, 19",Milano,45.45610710147067,9.14871719497576,2023,"['Intelligenza Artificiale', 'Energia Rinnovabile']",10000,97764,3,True
SU02386,GreenLab S.R.L.,"Corso Buenos Aires, 120",Milano,45.47920779810063,9.1985412143421,2019,['Automotive Tech'],37036,43416,1,True
SU02387,InnovaHub S.R.L.,"Via Brera, 85",Milano,45.477939039172696,9.166226880265853,2020,['IoT'],13549,39978,1,True
SU02388,FutureWorks S.R.L.,"Via Brera, 113",Milano,45.44193720245305,9.163274657549657,2024,['Ricerca e Sviluppo'],30571,119419,0,True
SU02389,CyberAnalytics S.R.L.,"Via Garibaldi, 11",Sondrio,46.1900690574208,9.90928428937126,2022,"['Intelligenza Artificiale', 'Automotive Tech']",66321,620343,7,True
SU02390,NanoEngine S.R.L.,"Via Dante, 95",Sondrio,46.197103075203316,9.859282040853179,2020,['Blockchain'],12975,260924,5,True
SU02391,DigitalDynamics S.R.L.,"Corso Buenos Aires, 19",Milano,45.46643099828336,9.197875702086446,2021,"['Marketing Digitale', 'Robotica']",26626,383688,0,True
SU02392,DataLab S.R.L.,"Via Garibaldi, 8",Milano,45.49107861535321,9.20355081829696,2019,"['Automazione Industriale', 'Robotica']",35362,191065,3,True
SU02393,DataSolutions S.R.L.,"Via Montenapoleone, 67",Milano,45.48602527306989,9.19222029400564,2022,['Blockchain'],81233,183720,0,True
SU02394,DataSolutions S.R.L.,"Corso Buenos Aires, 5",Bergamo,45.72900616601223,9.6740684043384,2023,"['Robotica', 'Biotecnologie', 'Fabbricazione Macchinari']",30146,8012,15,True
SU02395,TechWorks S.R.L.,"Via Brera, 54",Milano,45.46959608707531,9.194028255499784,2022,"['Salute Digitale', 'Aerospace', 'Ricerca e Sviluppo']",10000,187358,0,True
SU02396,DigitalLab S.R.L.,"Via Dante, 48",Milano,45.47567324124133,9.1738381158147,2022,['Intelligenza Artificiale'],10000,184243,0,True
SU02397,DigitalEngine S.R.L.,"Via Brera, 138",Como,45.758326125848654,9.10159903974793,2021,['Automazione Industriale'],10000,864842,0,True
SU02398,DigitalDynamics S.R.L.,"Via Brera, 125",Milano,45.46056904648309,9.21044931262785,2022,"['Fintech', 'Aerospace']",10775,51421,5,True
SU02399,FutureHub S.R.L.,"Corso Buenos Aires, 121",Milano,45.465664008509904,9.185353781901421,2020,"['Automotive Tech', 'Cleantech', 'Energia Rinnovabile']",60746,526997,3,True
SU02400,CyberAnalytics S.R.L.,"Via Roma, 12",Milano,45.47620851879807,9.194438797221665,2023,"['Computer e Prodotti Elettronici', 'E-commerce']",10000,53513,1,True
SU02401,NanoWorks S.R.L.,"Via Dante, 124",Bergamo,45.72602808196753,9.661478755637326,2024,['Automazione Industriale'],41431,8937,1,True
SU02402,BioAnalytics S.R.L.,"Via Roma, 142",Milano,45.450993751641235,9.18677661521275,2021,"['Energia Rinnovabile', 'Software & Consulenza Informatica']",12908,1920001,10,True
SU02403,TechSolutions S.R.L.,"Corso Buenos Aires, 55",Bergamo,45.696675294356154,9.687204100742953,2023,"['Robotica', 'Software & Consulenza Informatica', 'E-commerce']",10000,8784,8,True
SU02404,DataEngine S.R.L.,"Corso Buenos Aires, 32",Milano,45.45557348319425,9.22785730679659,2023,['Servizi di Informazione'],79991,409077,2,True
SU02405,InnovaSystems S.R.L.,"Via Manzoni, 15",Milano,45.50006062464876,9.201557812521159,2020,"['Intelligenza Artificiale', 'Marketing Digitale']",10000,1032807,2,True
SU02406,SmartLab S.R.L.,"Via Brera, 127",Milano,45.48248852751121,9.194394274216302,2024,['Intelligenza Artificiale'],10599,320299,8,True
SU02407,GreenEngine S.R.L.,"Via Garibaldi, 138",Milano,45.48325012555709,9.15663476397582,2024,"['Computer e Prodotti Elettronici', 'Robotica']",10000,6418,8,True
SU02408,CyberSolutions S.R.L.,"Corso Buenos Aires, 130",Milano,45.45840355479753,9.18227055192733,2019,"['Servizi di Informazione', 'Software & Consulenza Informatica']",45155,23721,9,True
SU02409,BioHub S.R.L.,"Via Montenapoleone, 57",Milano,45.460636677732765,9.198994155550226,2022,"['Intelligenza Artificiale', 'Automotive Tech', 'Robotica']",10000,1000456,20,True
SU02410,CyberLogic S.R.L.,"Via Garibaldi, 45",Milano,45.46605976486271,9.184875000256694,2021,['E-commerce'],35734,372363,1,False
SU02411,GreenEngine S.R.L.,"Via Dante, 5",Milano,45.468416866194005,9.182685920238363,2021,"['Robotica', 'Automazione Industriale']",10000,161859,0,True
SU02412,DataAnalytics S.R.L.,"Via Montenapoleone, 115",Milano,45.451920256128034,9.183696600903136,2022,['Energia Rinnovabile'],10000,427268,2,True
SU02413,DigitalDynamics S.R.L.,"Via Dante, 102",Milano,45.45511226521418,9.248608521378035,2021,['Intelligenza Artificiale'],25477,97902,3,True
SU02414,NanoLogic S.R.L.,"Via Dante, 86",Milano,45.450785431650516,9.20734523095349,2023,"['Intelligenza Artificiale', 'Robotica']",10000,97300,0,True
SU02415,GreenDynamics S.R.L.,"Corso Buenos Aires, 53",Milano,45.475113643470344,9.187308012877399,2019,"['Cybersecurity', 'Software & Consulenza Informatica']",60316,17863,2,True
SU02416,DigitalHub S.R.L.,"Via Dante, 80",Milano,45.48634727563119,9.184195817699493,2021,"['Intelligenza Artificiale', 'Energia Rinnovabile']",31452,195671,1,False
SU02417,GreenLab S.R.L.,"Via Manzoni, 101",Milano,45.45155955383111,9.170838502453728,2019,"['Computer e Prodotti Elettronici', 'Cybersecurity']",20282,120898,2,False
SU02418,NanoAnalytics S.R.L.,"Corso Buenos Aires, 148",Milano,45.48835474239044,9.19512263886563,2021,"['Salute Digitale', 'Robotica']",10385,7718,1,True
SU02419,NanoVision S.R.L.,"Via Milano, 7",Milano,45.44578492255356,9.225063578548541,2021,['E-commerce'],10000,30977,10,False
SU02420,CyberSystems S.R.L.,"Via Manzoni, 132",Pavia,45.200088664732746,9.132572643405611,2024,"['Robotica', 'Fabbricazione Macchinari']",83636,160382,0,True
SU02421,DigitalLogic S.R.L.,"Via Brera, 141",Milano,45.47662984882492,9.203848573109749,2021,"['Fabbricazione Macchinari', 'Automazione Industriale']",117702,147023,5,True
SU02422,GreenHub S.R.L.,"Via Roma, 114",Milano,45.48118448525291,9.19254951493619,2025,"['Blockchain', 'Marketing Digitale']",10000,412881,1,True
SU02423,InnovaDynamics S.R.L.,"Corso Buenos Aires, 90",Milano,45.44171563417528,9.189191043975296,2020,"['Biotecnologie', 'Robotica']",14512,361839,0,True
SU02424,NanoDynamics S.R.L.,"Via Manzoni, 111",Milano,45.44679607134042,9.207332110622822,2023,['Cleantech'],37642,31090,1,True
SU02425,CyberDynamics S.R.L.,"Corso Buenos Aires, 43",Brescia,45.53788555011479,10.18831848551203,2021,"['Marketing Digitale', 'Cybersecurity']",68292,127471,7,True
SU02426,CyberSolutions S.R.L.,"Via Brera, 4",Milano,45.44890319802631,9.204781887178633,2021,"['Salute Digitale', 'IoT']",10000,960221,2,True
SU02427,DataHub S.R.L.,"Via Roma, 16",Como,45.817229475260106,9.07169098965478,2021,"['Energia Rinnovabile', 'Automotive Tech', 'Software & Consulenza Informatica']",10000,254325,2,True
SU02428,DataEngine S.R.L.,"Via Milano, 30",Lecco,45.81778582317847,9.420309157399434,2019,"['Marketing Digitale', 'Fabbricazione Macchinari']",26198,369447,4,True
SU02429,DataLab S.R.L.,"Via Roma, 45",Milano,45.46420226976331,9.218499219421275,2022,['Fintech'],122232,240939,2,True
SU02430,TechLab S.R.L.,"Via Roma, 109",Milano,45.46639061123325,9.189735195418853,2021,"['IoT', 'Servizi di Informazione']",10000,244821,5,True
SU02431,InnovaLogic S.R.L.,"Via Milano, 124",Milano,45.45885695730641,9.163470780876187,2021,"['E-commerce', 'Computer e Prodotti Elettronici']",10000,782006,5,True
SU02432,NanoDynamics S.R.L.,"Via Garibaldi, 21",Milano,45.47168741123817,9.1679462767479,2024,"['IoT', 'Intelligenza Artificiale']",10000,31251,1,True
SU02433,CyberVision S.R.L.,"Via Manzoni, 50",Como,45.797720723021264,9.087747760439433,2021,"['Software & Consulenza Informatica', 'Marketing Digitale', 'Automotive Tech']",23641,105058,3,True
SU02434,DigitalSolutions S.R.L.,"Via Milano, 59",Milano,45.47692089902869,9.193998800150776,2022,"['Automazione Industriale', 'Aerospace', 'Intelligenza Artificiale']",10000,113523,4,True
SU02435,FutureSolutions S.R.L.,"Via Garibaldi, 128",Milano,45.45375893022047,9.197560047098255,2021,['Fabbricazione Macchinari'],10000,759684,2,True
SU02436,NanoSolutions S.R.L.,"Via Montenapoleone, 2",Milano,45.48670277139963,9.220075802278846,2021,"['Automazione Industriale', 'Software & Consulenza Informatica']",10000,114155,7,True
SU02437,CyberSystems S.R.L.,"Via Roma, 117",Milano,45.48083717747322,9.189759813256593,2024,"['Aerospace', 'Cleantech', 'E-commerce']",22967,105571,6,True
SU02438,SmartWorks S.R.L.,"Via Garibaldi, 134",Milano,45.467644574250485,9.178713345186608,2022,"['Biotecnologie', 'Salute Digitale']",23565,102192,0,True
SU02439,TechLab S.R.L.,"Via Roma, 30",Pavia,45.1750177938965,9.154827393685403,2021,"['Blockchain', 'Energia Rinnovabile']",57700,51599,4,True
SU02440,SmartSystems S.R.L.,"Via Roma, 76",Cremona,45.11832727653996,9.994100602318193,2019,"['Ricerca e Sviluppo', 'Software & Consulenza Informatica']",43159,13218,4,True
SU02441,NanoDynamics S.R.L.,"Via Manzoni, 50",Brescia,45.5553369388827,10.23203087502341,2020,['Software & Consulenza Informatica'],10000,78462,8,True
SU02442,CyberLogic S.R.L.,"Via Milano, 129",Milano,45.45529783777124,9.175076542195196,2022,"['Salute Digitale', 'Energia Rinnovabile']",15853,12526,1,False
SU02443,SmartLab S.R.L.,"Via Brera, 7",Milano,45.448612872826914,9.185249283556482,2024,"['Biotecnologie', 'Cleantech', 'Intelligenza Artificiale']",270227,5782,3,True
SU02444,NanoEngine S.R.L.,"Via Garibaldi, 127",Milano,45.45207270110434,9.2052908819022,2022,['IoT'],10000,66514,7,True
SU02445,TechDynamics S.R.L.,"Corso Buenos Aires, 27",Milano,45.44438704061665,9.170667520387896,2025,"['Marketing Digitale', 'Servizi di Informazione']",242185,37555,2,True
SU02446,CyberVision S.R.L.,"Via Roma, 113",Milano,45.45713488565102,9.215540528932491,2020,['Fintech'],27190,5000000,1,True
SU02447,NanoSolutions S.R.L.,"Via Roma, 114",Milano,45.46512171555558,9.233367966994688,2023,['Aerospace'],18471,139859,1,True
SU02448,DigitalEngine S.R.L.,"Corso Buenos Aires, 147",Milano,45.43246710885766,9.185639604164658,2020,['Marketing Digitale'],25306,32186,3,True
SU02449,SmartSystems S.R.L.,"Via Roma, 8",Como,45.842048879387704,9.087727844090645,2022,['Automotive Tech'],10000,14415,0,True
SU02450,NanoWorks S.R.L.,"Via Manzoni, 103",Milano,45.44681387134917,9.197284435787681,2025,"['Fintech', 'Biotecnologie', 'IoT']",10000,525262,3,True
SU02451,BioVision S.R.L.,"Via Milano, 146",Bergamo,45.68112422690665,9.686677310110847,2019,['Cybersecurity'],187560,87992,2,True
SU02452,GreenSolutions S.R.L.,"Via Milano, 83",Brescia,45.53545917458272,10.25834464215133,2022,['E-commerce'],10000,192312,8,True
SU02453,CyberEngine S.R.L.,"Via Roma, 44",Como,45.822511208260025,9.116531965236232,2022,"['Intelligenza Artificiale', 'Fabbricazione Macchinari', 'Energia Rinnovabile']",15755,166740,6,True
SU02454,CyberVision S.R.L.,"Via Brera, 54",Cremona,45.169025307808,9.99109728505324,2022,"['Marketing Digitale', 'Servizi di Informazione']",10000,181230,3,True
SU02455,DataEngine S.R.L.,"Via Brera, 101",Milano,45.46372693294883,9.201681606093116,2024,['Cleantech'],10000,34150,0,True
SU02456,SmartSolutions S.R.L.,"Via Milano, 67",Milano,45.42100797902786,9.164669599581647,2023,"['Intelligenza Artificiale', 'Servizi di Informazione']",10000,757409,2,True
SU02457,InnovaEngine S.R.L.,"Via Garibaldi, 13",Brescia,45.520880285553304,10.201386144107671,2021,['Marketing Digitale'],10000,558972,9,True
SU02458,BioWorks S.R.L.,"Via Montenapoleone, 54",Milano,45.510759892885204,9.168320619169709,2023,"['Energia Rinnovabile', 'Fabbricazione Macchinari', 'Automazione Industriale']",10000,45384,9,False
SU02459,FutureDynamics S.R.L.,"Via Milano, 48",Milano,45.47370315026823,9.190220752771522,2024,"['Automazione Industriale', 'IoT', 'Software & Consulenza Informatica']",10000,56544,7,False
SU02460,CyberEngine S.R.L.,"Via Dante, 137",Bergamo,45.69436733415277,9.666632121698083,2022,['Intelligenza Artificiale'],10000,51345,0,True
SU02461,InnovaLogic S.R.L.,"Via Brera, 95",Como,45.84934016941089,9.041751887089571,2020,"['Ricerca e Sviluppo', 'Computer e Prodotti Elettronici']",10000,110650,9,True
SU02462,TechLogic S.R.L.,"Via Brera, 144",Milano,45.46992610113678,9.175758736102065,2021,['Biotecnologie'],18367,367534,3,False
SU02463,DataHub S.R.L.,"Via Dante, 61",Milano,45.48072961369665,9.182011177286581,2025,"['Marketing Digitale', 'Robotica', 'Aerospace']",10000,12708,1,False
SU02464,SmartVision S.R.L.,"Via Brera, 59",Milano,45.48615809514333,9.191916977680338,2024,"['Blockchain', 'Robotica', 'Biotecnologie']",10000,2489,6,True
SU02465,DigitalSystems S.R.L.,"Via Manzoni, 31",Como,45.80030067048952,9.093018974225496,2025,"['Servizi di Informazione', 'Automazione Industriale', 'Blockchain']",19782,6134,0,True
SU02466,CyberSystems S.R.L.,"Via Montenapoleone, 137",Como,45.80774408635511,9.115325785797824,2022,"['IoT', 'Cleantech']",10000,13720,6,False
SU02467,SmartDynamics S.R.L.,"Via Roma, 92",Brescia,45.555604694097816,10.203793550839432,2023,"['Blockchain', 'Aerospace', 'Cleantech']",10000,12993,15,True
SU02468,SmartDynamics S.R.L.,"Via Roma, 145",Milano,45.484706321260354,9.20773907616709,2023,"['E-commerce', 'Marketing Digitale']",10000,17476,1,True
SU02469,BioDynamics S.R.L.,"Via Brera, 102",Pavia,45.18120249859334,9.165732758879118,2021,['Marketing Digitale'],27766,127386,10,True
SU02470,TechDynamics S.R.L.,"Via Montenapoleone, 145",Milano,45.438409358490446,9.18581565309246,2020,['Computer e Prodotti Elettronici'],33437,1141904,8,True
SU02471,NanoWorks S.R.L.,"Via Dante, 8",Como,45.7985236978976,9.071058074041058,2020,"['IoT', 'Cybersecurity', 'Marketing Digitale']",20616,62399,4,True
SU02472,TechHub S.R.L.,"Via Brera, 92",Varese,45.82968541837782,8.825352490359526,2023,"['Marketing Digitale', 'Automotive Tech', 'Energia Rinnovabile']",34074,7198,10,True
SU02473,BioSolutions S.R.L.,"Via Garibaldi, 54",Cremona,45.14427879749733,9.989334586195774,2023,"['IoT', 'Software & Consulenza Informatica', 'Energia Rinnovabile']",11249,76293,3,True
SU02474,InnovaLogic S.R.L.,"Via Manzoni, 144",Milano,45.418875651964896,9.174785891146028,2022,['Fintech'],23417,56731,8,True
SU02475,SmartDynamics S.R.L.,"Via Garibaldi, 127",Milano,45.445665982904096,9.172077669910356,2019,['Cleantech'],26572,3494583,5,True
SU02476,BioWorks S.R.L.,"Via Montenapoleone, 62",Milano,45.463823842118444,9.17703090355915,2024,['Automotive Tech'],10000,84978,2,True
SU02477,InnovaDynamics S.R.L.,"Via Montenapoleone, 51",Cremona,45.145399584767695,10.028706162763338,2022,"['IoT', 'Blockchain', 'Biotecnologie']",48318,69866,4,True
SU02478,InnovaSystems S.R.L.,"Via Brera, 13",Milano,45.52410695840034,9.189224495905375,2021,"['Aerospace', 'Fabbricazione Macchinari']",17488,259660,0,True
SU02479,TechSolutions S.R.L.,"Via Manzoni, 36",Bergamo,45.692255498294074,9.682671021016313,2019,['IoT'],16426,13988,0,True
SU02480,GreenHub S.R.L.,"Via Roma, 3",Como,45.77145940947864,9.071786607094086,2024,"['Cleantech', 'Cybersecurity', 'Fintech']",18209,66765,2,True
SU02481,TechSystems S.R.L.,"Via Dante, 90",Varese,45.84161201997596,8.832122337474276,2023,"['Computer e Prodotti Elettronici', 'E-commerce']",10000,223595,8,True
SU02482,DigitalEngine S.R.L.,"Via Dante, 37",Milano,45.465066011749634,9.165510725018377,2024,"['Computer e Prodotti Elettronici', 'Intelligenza Artificiale', 'Automazione Industriale']",10000,70739,6,True
SU02483,SmartDynamics S.R.L.,"Via Roma, 145",Milano,45.471373764755285,9.188970521815055,2020,['Computer e Prodotti Elettronici'],234799,2794745,0,True
SU02484,GreenHub S.R.L.,"Via Dante, 29",Cremona,45.15960377926258,10.007636315999669,2022,['Fintech'],22515,245142,2,True
SU02485,SmartDynamics S.R.L.,"Via Roma, 142",Sondrio,46.16700681350561,9.937980370073367,2023,"['Ricerca e Sviluppo', 'Automazione Industriale']",27905,19642,7,False
SU02486,TechEngine S.R.L.,"Via Dante, 92",Milano,45.49038244084505,9.174517694357432,2020,['Aerospace'],12617,155528,2,True
SU02487,NanoWorks S.R.L.,"Via Dante, 1",Milano,45.49804524334441,9.20142035404459,2024,"['Robotica', 'E-commerce']",21654,29812,0,True
SU02488,DataHub S.R.L.,"Via Montenapoleone, 146",Como,45.79509890503221,9.06889900507123,2022,['Salute Digitale'],10000,664244,2,True
SU02489,TechLogic S.R.L.,"Via Milano, 30",Milano,45.4922634713422,9.189604906863684,2020,"['Servizi di Informazione', 'Energia Rinnovabile']",18874,56645,8,True
SU02490,BioWorks S.R.L.,"Via Dante, 46",Milano,45.45509429244675,9.201364797763398,2020,"['Servizi di Informazione', 'Energia Rinnovabile', 'Computer e Prodotti Elettronici']",30526,53524,1,True
SU02491,DataHub S.R.L.,"Via Dante, 78",Milano,45.44193024459826,9.173996754179106,2019,"['E-commerce', 'Cleantech']",20968,33678,2,True
SU02492,InnovaDynamics S.R.L.,"Corso Buenos Aires, 49",Milano,45.44447240671012,9.194742064344814,2020,['Cybersecurity'],18968,145837,5,True
SU02493,InnovaWorks S.R.L.,"Via Dante, 20",Milano,45.45898116736953,9.191399831634705,2023,"['Servizi di Informazione', 'Ricerca e Sviluppo', 'Energia Rinnovabile']",10000,31180,2,True
SU02494,NanoAnalytics S.R.L.,"Corso Buenos Aires, 98",Milano,45.47570258310871,9.20860410336655,2021,"['E-commerce', 'Automotive Tech', 'Ricerca e Sviluppo']",10000,12513,6,True
SU02495,SmartDynamics S.R.L.,"Via Milano, 24",Pavia,45.178952265132786,9.12161048285896,2020,['E-commerce'],10000,502429,10,True
SU02496,SmartSystems S.R.L.,"Via Manzoni, 75",Brescia,45.52182851298966,10.165239271134217,2020,"['IoT', 'Fintech']",55017,229997,1,True
SU02497,DigitalLab S.R.L.,"Via Brera, 111",Pavia,45.183071955983905,9.140422998776277,2019,"['Ricerca e Sviluppo', 'E-commerce']",11345,355204,2,True
SU02498,GreenEngine S.R.L.,"Via Brera, 137",Milano,45.44512666527953,9.181768032512187,2022,['Cybersecurity'],26888,65235,8,True
SU02499,GreenVision S.R.L.,"Via Manzoni, 92",Milano,45.418986881535375,9.200703901601779,2020,['Marketing Digitale'],16039,25856,7,True
SU02500,CyberSolutions S.R.L.,"Via Milano, 144",Como,45.813145604387486,9.04905535514679,2025,"['Computer e Prodotti Elettronici', 'Fabbricazione Macchinari', 'Salute Digitale']",10000,17402,4,True
SU02501,GreenAnalytics S.R.L.,"Via Montenapoleone, 52",Cremona,45.12850558628405,10.018483368402148,2019,"['Salute Digitale', 'Automazione Industriale']",67169,44737,0,True
SU02502,TechHub S.R.L.,"Via Manzoni, 45",Milano,45.48785328991095,9.18776665910255,2020,['Automazione Industriale'],10000,559513,0,True
SU02503,SmartSolutions S.R.L.,"Via Manzoni, 66",Bergamo,45.68577804698793,9.696854845182793,2024,"['Robotica', 'Automotive Tech']",136801,42400,3,False
SU02504,DigitalSystems S.R.L.,"Via Brera, 62",Bergamo,45.685973345585836,9.655580890774056,2021,['Automotive Tech'],10000,317083,2,True
SU02505,SmartLogic S.R.L.,"Corso Buenos Aires, 68",Milano,45.474311922866626,9.206326003874285,2023,"['Aerospace', 'Marketing Digitale']",84907,5486,1,True
SU02506,FutureHub S.R.L.,"Corso Buenos Aires, 93",Milano,45.44464673729537,9.191256081749536,2021,"['Fabbricazione Macchinari', 'Marketing Digitale', 'Servizi di Informazione']",93671,424988,4,True
SU02507,GreenLab S.R.L.,"Via Roma, 140",Milano,45.46184646994893,9.206222854370077,2021,"['Software & Consulenza Informatica', 'Ricerca e Sviluppo', 'Automazione Industriale']",10000,66439,2,True
SU02508,GreenSolutions S.R.L.,"Via Montenapoleone, 61",Milano,45.48206496184553,9.223677375140067,2023,"['E-commerce', 'Cybersecurity']",50370,32835,0,True
SU02509,SmartWorks S.R.L.,"Via Dante, 74",Milano,45.47882642569965,9.195567916617374,2022,"['Automotive Tech', 'IoT']",10000,432539,1,True
SU02510,TechLab S.R.L.,"Via Manzoni, 23",Milano,45.46740007087052,9.187041077989331,2021,"['Fintech', 'Cybersecurity', 'Ricerca e Sviluppo']",165714,48828,8,True
SU02511,SmartAnalytics S.R.L.,"Via Manzoni, 143",Milano,45.47819668759945,9.17086073891439,2022,"['Cleantech', 'IoT', 'Fabbricazione Macchinari']",10000,14809,0,False
SU02512,DataLogic S.R.L.,"Via Manzoni, 136",Pavia,45.20326809666321,9.154709052443543,2023,['Automazione Industriale'],11069,57385,5,True
SU02513,DataLogic S.R.L.,"Via Manzoni, 1",Milano,45.46801176775252,9.213506409730627,2023,"['IoT', 'Intelligenza Artificiale', 'Salute Digitale']",78416,152192,1,True
SU02514,FutureWorks S.R.L.,"Via Milano, 14",Brescia,45.53741115769786,10.227509693330957,2020,['Automazione Industriale'],10000,3417107,0,True
SU02515,TechVision S.R.L.,"Via Garibaldi, 82",Milano,45.47235396363309,9.199829098599217,2025,"['Robotica', 'Fabbricazione Macchinari']",11848,554054,3,True
SU02516,GreenSolutions S.R.L.,"Corso Buenos Aires, 136",Milano,45.46352051622224,9.157999875245048,2025,"['E-commerce', 'Cleantech']",10000,22405,4,True
SU02517,InnovaAnalytics S.R.L.,"Via Montenapoleone, 43",Milano,45.41386374478076,9.183912351156753,2021,['Automazione Industriale'],10000,263007,4,True
SU02518,DigitalWorks S.R.L.,"Via Garibaldi, 125",Pavia,45.14111366394624,9.175228730206173,2024,['Fintech'],78137,2845,0,False
SU02519,CyberSolutions S.R.L.,"Via Garibaldi, 143",Como,45.81680156463175,9.083703303127363,2024,['Salute Digitale'],306217,366059,2,True
SU02520,NanoEngine S.R.L.,"Via Manzoni, 147",Milano,45.4690395090575,9.21464633109269,2025,"['Robotica', 'E-commerce', 'Aerospace']",29295,24866,1,True
SU02521,SmartLab S.R.L.,"Via Dante, 113",Brescia,45.55776454199776,10.211928169680453,2023,"['Marketing Digitale', 'Fabbricazione Macchinari', 'Automotive Tech']",10000,46453,1,True
SU02522,NanoLogic S.R.L.,"Via Montenapoleone, 58",Mantova,45.19001540262334,10.755783835597061,2022,"['Automotive Tech', 'Computer e Prodotti Elettronici', 'Robotica']",19131,103427,4,True
SU02523,CyberHub S.R.L.,"Via Dante, 142",Brescia,45.52664259421687,10.217062064661457,2021,['Fabbricazione Macchinari'],10000,107122,4,True
SU02524,DataLogic S.R.L.,"Via Brera, 51",Milano,45.47467916357268,9.20153216918835,2023,"['Servizi di Informazione', 'Cybersecurity']",10000,170653,2,True
SU02525,NanoWorks S.R.L.,"Via Montenapoleone, 144",Milano,45.48422618542463,9.20845465152898,2020,"['Ricerca e Sviluppo', 'Cybersecurity']",19658,80928,2,True
SU02526,DataLab S.R.L.,"Via Garibaldi, 85",Brescia,45.55906651718234,10.192209045166996,2019,"['Energia Rinnovabile', 'Cleantech']",10000,309373,2,True
SU02527,GreenSolutions S.R.L.,"Via Montenapoleone, 20",Brescia,45.52706834631819,10.225360751924846,2023,"['Intelligenza Artificiale', 'Computer e Prodotti Elettronici']",20901,23584,8,False
SU02528,NanoDynamics S.R.L.,"Corso Buenos Aires, 57",Milano,45.4780158446498,9.176434355149935,2021,['Intelligenza Artificiale'],56629,910695,6,True
SU02529,NanoEngine S.R.L.,"Via Montenapoleone, 122",Milano,45.438132667779364,9.209357596801121,2022,"['Ricerca e Sviluppo', 'Fintech']",10000,60327,2,True
SU02530,DigitalLogic S.R.L.,"Via Milano, 129",Milano,45.43700468855032,9.197379390881759,2019,['Robotica'],52102,402951,0,True
SU02531,CyberHub S.R.L.,"Via Montenapoleone, 15",Sondrio,46.151957702580475,9.857506517774944,2024,"['Blockchain', 'Robotica']",10000,352140,0,True
SU02532,NanoLogic S.R.L.,"Via Brera, 89",Mantova,45.13838311422725,10.81248516787215,2024,['Marketing Digitale'],21749,317413,1,True
SU02533,FutureAnalytics S.R.L.,"Via Brera, 79",Milano,45.47296145887131,9.141766071171041,2025,"['Software & Consulenza Informatica', 'Intelligenza Artificiale']",54113,4009,2,True
SU02534,SmartSolutions S.R.L.,"Via Milano, 2",Milano,45.46249796271158,9.149358923588943,2022,"['Cybersecurity', 'Cleantech']",10038,13647,7,True
SU02535,FutureSolutions S.R.L.,"Corso Buenos Aires, 97",Sondrio,46.21315370988795,9.872558443543257,2021,"['Biotecnologie', 'Blockchain']",10000,65755,4,True
SU02536,TechWorks S.R.L.,"Via Manzoni, 34",Como,45.82086194621783,9.043133997115161,2024,"['Marketing Digitale', 'Fintech']",10000,82489,4,True
SU02537,InnovaSystems S.R.L.,"Via Garibaldi, 31",Como,45.78737885006181,9.102187017601747,2025,"['Fintech', 'Marketing Digitale', 'Cybersecurity']",10000,26138,3,False
SU02538,CyberEngine S.R.L.,"Via Garibaldi, 16",Brescia,45.565903201137154,10.230474435894928,2021,['Aerospace'],10838,27594,0,False
SU02539,GreenLogic S.R.L.,"Via Manzoni, 148",Como,45.81698133053549,9.106477778835822,2024,['Ricerca e Sviluppo'],15046,334592,0,True
SU02540,TechLogic S.R.L.,"Via Manzoni, 99",Mantova,45.17489591815635,10.784856103777349,2020,['Marketing Digitale'],21263,681079,1,True
SU02541,SmartLab S.R.L.,"Via Roma, 138",Milano,45.45325251292608,9.196322163794079,2021,"['Software & Consulenza Informatica', 'Biotecnologie']",73232,132659,8,True
SU02542,DataVision S.R.L.,"Via Brera, 132",Como,45.79165645925717,9.090102963940897,2022,"['Marketing Digitale', 'Ricerca e Sviluppo']",67746,114493,5,True
SU02543,SmartVision S.R.L.,"Via Manzoni, 146",Pavia,45.20896806351787,9.137430521043914,2020,['E-commerce'],35005,26127,5,True
SU02544,BioLab S.R.L.,"Via Roma, 5",Milano,45.44589301554915,9.189741952186326,2023,['Servizi di Informazione'],27025,68949,7,True
SU02545,SmartDynamics S.R.L.,"Via Manzoni, 136",Milano,45.48701600618585,9.190162261087893,2020,"['Blockchain', 'E-commerce', 'Biotecnologie']",45826,68737,2,True
SU02546,FutureLab S.R.L.,"Via Milano, 66",Milano,45.46132003730758,9.191436706068915,2023,['Blockchain'],13234,3257,5,True
SU02547,DigitalAnalytics S.R.L.,"Via Milano, 46",Milano,45.473683826338835,9.165347099603736,2021,"['Ricerca e Sviluppo', 'Fabbricazione Macchinari']",34091,207681,9,True
SU02548,NanoAnalytics S.R.L.,"Via Roma, 103",Milano,45.483980990031675,9.189723340044564,2021,['Intelligenza Artificiale'],10000,73901,3,True
SU02549,GreenAnalytics S.R.L.,"Via Brera, 127",Milano,45.444039041872564,9.168940112205131,2020,"['Cleantech', 'E-commerce', 'Energia Rinnovabile']",13900,905627,0,True
SU02550,SmartDynamics S.R.L.,"Via Garibaldi, 54",Milano,45.4826568715581,9.175161556099491,2021,"['Salute Digitale', 'IoT']",139354,15540,6,True
SU02551,GreenDynamics S.R.L.,"Corso Buenos Aires, 107",Milano,45.47772714634988,9.195709673505755,2021,"['Ricerca e Sviluppo', 'Fintech', 'Software & Consulenza Informatica']",15044,313941,1,False
SU02552,InnovaVision S.R.L.,"Via Garibaldi, 104",Milano,45.47998131116508,9.204720051202388,2021,"['Servizi di Informazione', 'E-commerce']",11861,23495,20,True
SU02553,DataDynamics S.R.L.,"Via Garibaldi, 74",Milano,45.471847900226685,9.179922958540658,2019,['Blockchain'],42523,20382,0,True
SU02554,FutureSystems S.R.L.,"Corso Buenos Aires, 105",Bergamo,45.72695867443475,9.649117229668532,2019,['Robotica'],27340,231822,3,True
SU02555,DigitalSolutions S.R.L.,"Via Roma, 53",Milano,45.507109015947606,9.2063014395732,2019,['Intelligenza Artificiale'],33958,69015,3,True
SU02556,FutureDynamics S.R.L.,"Via Milano, 120",Milano,45.44712016860857,9.200293900782082,2022,['Biotecnologie'],39827,448875,4,True
SU02557,SmartLab S.R.L.,"Via Montenapoleone, 124",Pavia,45.14649175885258,9.13032863335392,2021,"['E-commerce', 'Automazione Industriale']",14400,155958,4,True
SU02558,InnovaEngine S.R.L.,"Via Montenapoleone, 103",Milano,45.47366515660648,9.192107459269554,2022,['Robotica'],21580,79114,1,False
SU02559,BioWorks S.R.L.,"Via Montenapoleone, 24",Mantova,45.14138355656094,10.790121018686472,2022,"['Software & Consulenza Informatica', 'Computer e Prodotti Elettronici']",10000,4990,3,True
SU02560,CyberLogic S.R.L.,"Via Brera, 32",Milano,45.46005129562882,9.181372831523808,2025,"['Biotecnologie', 'Energia Rinnovabile']",10000,161097,3,True
SU02561,SmartWorks S.R.L.,"Via Brera, 36",Milano,45.424377101604954,9.18171146384375,2023,"['Biotecnologie', 'Servizi di Informazione', 'Cybersecurity']",10000,169003,7,True
SU02562,NanoVision S.R.L.,"Corso Buenos Aires, 74",Milano,45.43703469629995,9.159825946314506,2025,"['Biotecnologie', 'Cybersecurity']",10000,326171,2,True
SU02563,TechHub S.R.L.,"Via Garibaldi, 94",Milano,45.48431983602262,9.214758879358714,2022,['Fintech'],12847,67096,4,True
SU02564,BioWorks S.R.L.,"Via Montenapoleone, 53",Milano,45.472038431686784,9.212487951969706,2024,['E-commerce'],10000,16140,9,True
SU02565,SmartDynamics S.R.L.,"Via Brera, 34",Milano,45.46447451424682,9.206770046927314,2023,['Automotive Tech'],18097,22129,2,True
SU02566,SmartSystems S.R.L.,"Via Garibaldi, 25",Milano,45.469550496978634,9.195837182892014,2022,"['Cybersecurity', 'Intelligenza Artificiale']",10000,329676,0,True
SU02567,NanoVision S.R.L.,"Via Garibaldi, 5",Milano,45.45802486069585,9.185697851782352,2023,"['Intelligenza Artificiale', 'Marketing Digitale', 'Cybersecurity']",10000,34179,1,True
SU02568,CyberDynamics S.R.L.,"Via Dante, 20",Milano,45.47349601296346,9.201339422492133,2021,"['IoT', 'Salute Digitale']",10000,184552,30,True
SU02569,BioSystems S.R.L.,"Via Montenapoleone, 61",Milano,45.44090860434338,9.190483745894216,2020,"['Cleantech', 'Biotecnologie', 'Fabbricazione Macchinari']",22738,160499,2,True
SU02570,DataWorks S.R.L.,"Via Manzoni, 118",Milano,45.4434674999592,9.17321714967065,2025,['Fintech'],29365,4126,3,True
SU02571,TechLab S.R.L.,"Via Milano, 76",Milano,45.44692836320384,9.153438452176553,2023,['Robotica'],34124,90186,1,True
SU02572,DataLogic S.R.L.,"Corso Buenos Aires, 112",Brescia,45.54800623932687,10.206864687642042,2022,"['Blockchain', 'Fabbricazione Macchinari', 'IoT']",10000,1105813,3,True
SU02573,SmartWorks S.R.L.,"Via Milano, 117",Milano,45.45596963257813,9.209831249258949,2021,['Energia Rinnovabile'],16512,7371,0,True
SU02574,BioWorks S.R.L.,"Via Roma, 16",Milano,45.48761447896527,9.159795808025477,2021,['Cybersecurity'],10000,488276,4,True
SU02575,GreenSolutions S.R.L.,"Via Montenapoleone, 92",Bergamo,45.711470782406664,9.682901326397793,2019,['Aerospace'],10000,341050,10,True
SU02576,TechWorks S.R.L.,"Via Montenapoleone, 114",Milano,45.47722754441779,9.203198411888325,2021,"['Fabbricazione Macchinari', 'Servizi di Informazione', 'Aerospace']",14937,89454,3,True
SU02577,BioVision S.R.L.,"Via Brera, 77",Milano,45.43947816452344,9.205213503889262,2020,['Robotica'],49098,920042,4,True
SU02578,TechHub S.R.L.,"Via Garibaldi, 122",Cremona,45.12343841565836,10.039832905858498,2023,"['Intelligenza Artificiale', 'Fintech']",10000,36364,0,True
SU02579,InnovaWorks S.R.L.,"Via Dante, 18",Brescia,45.52785348197216,10.225338138352894,2024,['Fintech'],10710,196909,2,True
SU02580,NanoHub S.R.L.,"Via Dante, 64",Milano,45.47425982207617,9.18024082629662,2020,"['Fabbricazione Macchinari', 'Ricerca e Sviluppo']",10000,185789,3,True
SU02581,BioSolutions S.R.L.,"Via Milano, 61",Milano,45.47082506242016,9.184111386334823,2020,"['Ricerca e Sviluppo', 'Marketing Digitale']",46792,166245,6,True
SU02582,CyberSystems S.R.L.,"Via Milano, 147",Milano,45.44754494585876,9.180412634523885,2020,['Fabbricazione Macchinari'],31391,190363,7,True
SU02583,NanoVision S.R.L.,"Via Montenapoleone, 28",Brescia,45.563842146106076,10.182995137990972,2021,"['Energia Rinnovabile', 'Blockchain']",10000,490736,20,True
SU02584,TechSolutions S.R.L.,"Via Brera, 46",Bergamo,45.72068063643903,9.688568196876856,2021,"['Automotive Tech', 'Fintech']",10000,217183,1,False
SU02585,NanoSolutions S.R.L.,"Via Garibaldi, 125",Como,45.813282497633764,9.072619252047641,2024,"['Salute Digitale', 'Intelligenza Artificiale']",77290,1368474,3,True
SU02586,NanoVision S.R.L.,"Via Milano, 76",Milano,45.447434558745215,9.221909003490401,2024,['Servizi di Informazione'],14589,7805,0,True
SU02587,NanoWorks S.R.L.,"Via Brera, 87",Milano,45.471700921898915,9.1470044320017,2023,['Fintech'],19729,130537,5,True
SU02588,GreenLab S.R.L.,"Via Roma, 12",Milano,45.4504608606127,9.171035967308889,2022,['Automotive Tech'],12881,467431,3,True
SU02589,TechSystems S.R.L.,"Via Garibaldi, 116",Milano,45.494909042031274,9.217280167965088,2023,"['Cybersecurity', 'Ricerca e Sviluppo']",10000,2683,3,True
SU02590,SmartLab S.R.L.,"Via Montenapoleone, 94",Brescia,45.528942966852696,10.205393897682603,2020,"['Aerospace', 'Cybersecurity']",70496,23368,1,True
SU02591,InnovaAnalytics S.R.L.,"Via Brera, 93",Bergamo,45.663958063668595,9.641430996318949,2022,['Energia Rinnovabile'],10000,46509,6,True
SU02592,InnovaWorks S.R.L.,"Via Garibaldi, 124",Milano,45.47911970270625,9.15081313724636,2021,"['Cleantech', 'Computer e Prodotti Elettronici', 'Cybersecurity']",39665,13186,3,True
SU02593,TechAnalytics S.R.L.,"Via Garibaldi, 46",Milano,45.4776322243303,9.17235172254185,2019,['Automotive Tech'],11655,39385,4,True
SU02594,DigitalWorks S.R.L.,"Via Brera, 92",Milano,45.44131149777413,9.167109036056395,2022,"['Cybersecurity', 'IoT', 'Blockchain']",10000,330209,2,True
SU02595,DigitalEngine S.R.L.,"Via Manzoni, 7",Bergamo,45.705249179422395,9.684798357460606,2020,['Energia Rinnovabile'],94508,79843,3,True
SU02596,BioSystems S.R.L.,"Via Montenapoleone, 27",Bergamo,45.69964252537789,9.688716231222536,2024,['Intelligenza Artificiale'],10000,682234,8,True
SU02597,DataLogic S.R.L.,"Via Manzoni, 133",Mantova,45.16982510901375,10.779887992758677,2021,['Aerospace'],16846,120907,1,True
SU02598,NanoSolutions S.R.L.,"Via Roma, 114",Milano,45.455411526970614,9.212884090124042,2024,['Blockchain'],74669,40731,6,True
SU02599,SmartWorks S.R.L.,"Via Brera, 94",Milano,45.447354245204025,9.208162834030869,2022,['Energia Rinnovabile'],11333,58723,0,True
SU02600,GreenAnalytics S.R.L.,"Via Milano, 49",Sondrio,46.183857415625326,9.861295942835692,2023,['Marketing Digitale'],11671,17544,2,True
SU02601,DataVision S.R.L.,"Via Manzoni, 116",Milano,45.450817649515564,9.160413377296745,2024,"['Servizi di Informazione', 'Cleantech']",10000,5795,2,False
SU02602,SmartEngine S.R.L.,"Via Dante, 38",Milano,45.461012889893844,9.19608998142699,2021,['Intelligenza Artificiale'],23394,225030,1,True
SU02603,SmartWorks S.R.L.,"Via Montenapoleone, 61",Milano,45.48417069744445,9.193715090758753,2020,"['Aerospace', 'Cybersecurity']",16638,869112,2,True
SU02604,CyberHub S.R.L.,"Via Montenapoleone, 131",Varese,45.8299801846677,8.817915185953787,2024,"['Cybersecurity', 'Salute Digitale']",10000,85339,1,True
SU02605,BioHub S.R.L.,"Via Milano, 83",Milano,45.44283506376677,9.156759803415946,2024,"['Salute Digitale', 'Fabbricazione Macchinari', 'Cleantech']",112453,69284,1,True
SU02606,SmartEngine S.R.L.,"Via Dante, 62",Milano,45.46373335911317,9.193174531474533,2024,"['Servizi di Informazione', 'Aerospace']",47208,37079,10,True
SU02607,InnovaLab S.R.L.,"Via Roma, 84",Milano,45.458509363229105,9.209965292926864,2021,['Marketing Digitale'],24819,134526,2,True
SU02608,NanoEngine S.R.L.,"Via Montenapoleone, 95",Brescia,45.49766260191837,10.21969517631525,2019,"['Robotica', 'Intelligenza Artificiale', 'Aerospace']",10087,47860,4,True
SU02609,TechSolutions S.R.L.,"Via Garibaldi, 3",Bergamo,45.70520321172748,9.659634513133136,2021,['Blockchain'],87331,924554,1,False
SU02610,SmartSolutions S.R.L.,"Corso Buenos Aires, 13",Milano,45.507137374553835,9.19886163626517,2022,['Robotica'],13769,104159,6,True
SU02611,NanoAnalytics S.R.L.,"Via Roma, 140",Milano,45.443869261672006,9.23083471766361,2024,['E-commerce'],12713,13027,1,True
SU02612,GreenLogic S.R.L.,"Via Garibaldi, 52",Milano,45.459188132249025,9.202403294981552,2019,['Software & Consulenza Informatica'],10290,69188,2,True
SU02613,CyberSystems S.R.L.,"Corso Buenos Aires, 67",Milano,45.48973350737745,9.203061952092089,2019,['IoT'],10000,331992,0,True
SU02614,CyberVision S.R.L.,"Via Roma, 25",Bergamo,45.6957675322008,9.671997890676051,2025,"['Computer e Prodotti Elettronici', 'Energia Rinnovabile']",10118,15083,6,True
SU02615,NanoLogic S.R.L.,"Via Manzoni, 85",Milano,45.44484102558381,9.16793752016586,2022,['Energia Rinnovabile'],10000,32491,0,True
SU02616,CyberWorks S.R.L.,"Via Brera, 31",Milano,45.48613241052646,9.188300026663235,2022,"['Computer e Prodotti Elettronici', 'Automazione Industriale']",27940,126335,3,True
SU02617,TechWorks S.R.L.,"Via Roma, 6",Lecco,45.84615446515996,9.397580317311624,2024,"['Cleantech', 'Fabbricazione Macchinari']",29918,3378847,8,True
SU02618,TechSystems S.R.L.,"Corso Buenos Aires, 1",Milano,45.451634193861615,9.162028170725856,2023,['Automazione Industriale'],35812,28170,5,True
SU02619,InnovaSolutions S.R.L.,"Via Montenapoleone, 129",Milano,45.4796841833806,9.161294724046138,2022,['E-commerce'],88535,43668,4,True
SU02620,TechLab S.R.L.,"Via Manzoni, 62",Milano,45.44487010354964,9.183944282791163,2020,['Ricerca e Sviluppo'],13381,380931,1,True
SU02621,TechDynamics S.R.L.,"Via Garibaldi, 10",Sondrio,46.13865843125372,9.883000789527399,2023,"['Cybersecurity', 'Fabbricazione Macchinari', 'Fintech']",180317,105924,1,False
SU02622,SmartSolutions S.R.L.,"Via Milano, 144",Lecco,45.84531709528497,9.424326970354015,2024,['Fabbricazione Macchinari'],10000,227572,2,True
SU02623,NanoEngine S.R.L.,"Corso Buenos Aires, 109",Milano,45.46988804723458,9.180906524682685,2023,"['Intelligenza Artificiale', 'Software & Consulenza Informatica']",10000,3617,4,True
SU02624,DigitalLogic S.R.L.,"Via Montenapoleone, 111",Mantova,45.171529435062176,10.806870778811193,2025,['Energia Rinnovabile'],14758,28692,2,True
SU02625,FutureSystems S.R.L.,"Via Garibaldi, 105",Pavia,45.199628717788784,9.163148465848826,2024,['Fintech'],10000,193357,4,True
SU02626,BioVision S.R.L.,"Via Dante, 119",Milano,45.47841579473934,9.177133223851355,2019,"['Intelligenza Artificiale', 'Cleantech']",15925,42519,2,False
SU02627,DataAnalytics S.R.L.,"Corso Buenos Aires, 72",Como,45.806547004605896,9.105041748840035,2020,['Automazione Industriale'],35134,243119,2,False
SU02628,GreenHub S.R.L.,"Via Montenapoleone, 88",Milano,45.48056001623881,9.18582892010569,2022,"['Blockchain', 'Servizi di Informazione']",22461,289182,7,True
SU02629,TechSystems S.R.L.,"Via Brera, 39",Milano,45.47278799599502,9.224325171047441,2022,"['Biotecnologie', 'Automotive Tech']",10000,360258,0,True
SU02630,GreenDynamics S.R.L.,"Via Brera, 69",Milano,45.450260013542426,9.21050007741313,2022,"['Aerospace', 'Automotive Tech']",10000,328191,1,True
SU02631,DataSolutions S.R.L.,"Via Manzoni, 22",Como,45.78412386984954,9.103371281828242,2021,['Fabbricazione Macchinari'],48831,41014,3,True
SU02632,DigitalDynamics S.R.L.,"Via Brera, 125",Milano,45.46446819897767,9.184505623084831,2022,"['Automotive Tech', 'Marketing Digitale']",16540,228312,9,False
SU02633,CyberLab S.R.L.,"Via Brera, 30",Milano,45.454032865017766,9.15480274135815,2019,['Aerospace'],107070,1491522,1,True
SU02634,CyberEngine S.R.L.,"Via Roma, 23",Milano,45.48265879586323,9.199686141616299,2023,['Marketing Digitale'],10000,28426,1,False
SU02635,NanoLogic S.R.L.,"Corso Buenos Aires, 124",Milano,45.48936150882109,9.176364230300752,2022,"['IoT', 'Fabbricazione Macchinari']",10000,1108143,2,True
SU02636,SmartHub S.R.L.,"Via Roma, 126",Milano,45.45122538682392,9.19165754643006,2019,['IoT'],10346,102353,1,True
SU02637,DigitalAnalytics S.R.L.,"Via Dante, 36",Bergamo,45.69439235798589,9.678502391697899,2020,"['Automazione Industriale', 'Cleantech', 'Servizi di Informazione']",85013,160886,6,True
SU02638,NanoEngine S.R.L.,"Via Brera, 16",Milano,45.460927415063075,9.197984512652322,2020,"['Computer e Prodotti Elettronici', 'Robotica']",10000,140371,2,True
SU02639,InnovaSystems S.R.L.,"Via Dante, 20",Como,45.82752222919426,9.054227075989157,2022,['Cleantech'],11949,63238,3,True
SU02640,GreenEngine S.R.L.,"Via Brera, 94",Milano,45.44712155433152,9.201073239428107,2024,"['Fabbricazione Macchinari', 'Computer e Prodotti Elettronici']",10000,318395,2,True
SU02641,BioHub S.R.L.,"Via Manzoni, 105",Milano,45.44875043273506,9.199313391912565,2022,"['Fintech', 'Automotive Tech', 'Cleantech']",303359,91676,3,True
SU02642,NanoWorks S.R.L.,"Via Milano, 29",Como,45.80067698291533,9.095572940531035,2022,"['Aerospace', 'Automotive Tech', 'Intelligenza Artificiale']",10000,812556,5,True
SU02643,FutureEngine S.R.L.,"Via Brera, 94",Milano,45.44732340948728,9.209055434663375,2022,"['Ricerca e Sviluppo', 'Fabbricazione Macchinari']",10000,43959,8,False
SU02644,InnovaLogic S.R.L.,"Via Manzoni, 78",Pavia,45.19066011360617,9.155087987419774,2023,"['Blockchain', 'IoT', 'Intelligenza Artificiale']",10000,348278,4,True
SU02645,FutureVision S.R.L.,"Via Montenapoleone, 39",Milano,45.447357673184214,9.204575298621636,2020,"['Cybersecurity', 'Servizi di Informazione']",57404,237090,40,True
SU02646,GreenAnalytics S.R.L.,"Via Manzoni, 73",Milano,45.44883993314265,9.191311815109396,2021,['IoT'],11534,88053,0,True
SU02647,FutureHub S.R.L.,"Via Dante, 81",Milano,45.49725418777258,9.174945762318805,2023,"['Salute Digitale', 'E-commerce', 'Fintech']",10000,19335,4,True
SU02648,BioLogic S.R.L.,"Via Garibaldi, 97",Milano,45.47505958373163,9.193194512835786,2023,"['Marketing Digitale', 'Aerospace']",15201,272617,1,True
SU02649,NanoLab S.R.L.,"Via Garibaldi, 15",Milano,45.44606304579675,9.192499718601349,2022,"['Ricerca e Sviluppo', 'Automazione Industriale', 'Robotica']",43999,222959,1,True
SU02650,DataSolutions S.R.L.,"Via Manzoni, 52",Como,45.79512735190654,9.07416642227159,2023,"['Cybersecurity', 'Aerospace']",10000,94221,6,True
SU02651,SmartEngine S.R.L.,"Via Montenapoleone, 113",Milano,45.44682872382532,9.207306532193357,2024,"['Robotica', 'Marketing Digitale', 'Energia Rinnovabile']",10000,177832,7,False
SU02652,NanoDynamics S.R.L.,"Via Brera, 3",Milano,45.46971825762062,9.197365562351244,2020,"['Salute Digitale', 'Automazione Industriale']",17212,57888,0,True
SU02653,DigitalWorks S.R.L.,"Via Brera, 104",Bergamo,45.69792822888935,9.66869345916118,2022,"['Cleantech', 'Blockchain']",16792,157638,3,True
SU02654,SmartHub S.R.L.,"Via Dante, 51",Milano,45.47104163190786,9.191412195214152,2019,"['Marketing Digitale', 'Fabbricazione Macchinari']",201137,487720,5,True
SU02655,SmartWorks S.R.L.,"Via Roma, 42",Milano,45.46819703783727,9.191914806508157,2022,['Robotica'],13063,207295,4,True
SU02656,SmartDynamics S.R.L.,"Corso Buenos Aires, 86",Brescia,45.486444381436236,10.208452156972015,2019,"['Fabbricazione Macchinari', 'Ricerca e Sviluppo']",10000,30281,6,True
SU02657,InnovaHub S.R.L.,"Via Manzoni, 18",Milano,45.48360844270445,9.172476033168241,2020,"['IoT', 'Fabbricazione Macchinari']",10000,244739,9,True
SU02658,TechSystems S.R.L.,"Via Dante, 121",Como,45.82189276253184,9.098955854757694,2019,"['Robotica', 'Salute Digitale']",16707,931574,7,True
SU02659,SmartDynamics S.R.L.,"Via Roma, 61",Sondrio,46.18337568893182,9.879346280405624,2024,['Fintech'],10000,1249337,3,True
SU02660,SmartHub S.R.L.,"Via Dante, 137",Milano,45.4385425849918,9.153423451093204,2024,['Aerospace'],15010,185120,2,True
SU02661,DigitalVision S.R.L.,"Via Dante, 149",Milano,45.46204912166006,9.219243978285308,2022,['Marketing Digitale'],13990,57885,2,True
SU02662,InnovaSolutions S.R.L.,"Corso Buenos Aires, 137",Milano,45.459949291066,9.217724411792684,2024,['E-commerce'],10000,11571,2,True
SU02663,BioHub S.R.L.,"Corso Buenos Aires, 84",Milano,45.481470339779015,9.165361898337261,2021,"['Fintech', 'IoT']",115806,59864,5,False
SU02664,InnovaVision S.R.L.,"Via Brera, 141",Como,45.76118250621001,9.120945030988187,2020,"['Fabbricazione Macchinari', 'Marketing Digitale', 'Servizi di Informazione']",14078,235137,0,True
SU02665,DigitalSolutions S.R.L.,"Via Dante, 65",Milano,45.47639767709826,9.194222332689792,2024,"['Automotive Tech', 'Aerospace']",18737,808059,2,True
SU02666,FutureVision S.R.L.,"Via Roma, 56",Bergamo,45.71434980849967,9.67176768380076,2019,"['Blockchain', 'Salute Digitale']",10000,82176,5,True
SU02667,DigitalSystems S.R.L.,"Via Brera, 71",Milano,45.47182012618079,9.204264541786628,2024,"['Software & Consulenza Informatica', 'Computer e Prodotti Elettronici']",67129,322323,7,True
SU02668,CyberHub S.R.L.,"Via Roma, 20",Milano,45.47248949002625,9.208840675304915,2022,['Fabbricazione Macchinari'],10000,122765,0,True
SU02669,DigitalSystems S.R.L.,"Via Milano, 6",Como,45.81509399716768,9.106695480216866,2019,"['Biotecnologie', 'Software & Consulenza Informatica']",16886,1770234,30,True
SU02670,SmartDynamics S.R.L.,"Via Roma, 111",Cremona,45.155912306189464,10.030939815329306,2025,['Blockchain'],12181,113462,1,True
SU02671,SmartLogic S.R.L.,"Via Milano, 82",Milano,45.4277648393961,9.197803149330747,2022,"['Cleantech', 'Energia Rinnovabile']",60009,589234,1,True
SU02672,DataDynamics S.R.L.,"Via Roma, 84",Milano,45.44299062037319,9.18314885613444,2022,"['Marketing Digitale', 'Biotecnologie']",10000,132828,0,True
SU02673,GreenSystems S.R.L.,"Via Brera, 40",Milano,45.480697573490914,9.173704876856213,2020,"['Servizi di Informazione', 'Computer e Prodotti Elettronici', 'Automazione Industriale']",33828,50315,1,True
SU02674,SmartEngine S.R.L.,"Via Brera, 146",Milano,45.48952279921071,9.18021374183348,2021,['Biotecnologie'],10000,41398,2,True
SU02675,NanoSystems S.R.L.,"Via Dante, 146",Brescia,45.51734771281529,10.18808070563124,2022,"['Robotica', 'IoT']",10000,2522608,0,True
SU02676,InnovaHub S.R.L.,"Via Roma, 58",Sondrio,46.17161816246266,9.857142462406738,2020,"['Fintech', 'Software & Consulenza Informatica']",10000,1274993,2,True
SU02677,FutureSystems S.R.L.,"Via Roma, 41",Milano,45.45288828139955,9.154525892418643,2020,['Biotecnologie'],18552,256415,1,True
SU02678,GreenSolutions S.R.L.,"Via Montenapoleone, 141",Milano,45.47679808516632,9.188795792207845,2021,"['Computer e Prodotti Elettronici', 'Automazione Industriale', 'Marketing Digitale']",67953,128202,6,True
SU02679,SmartEngine S.R.L.,"Via Garibaldi, 121",Milano,45.458236228537864,9.173234930744117,2024,"['Cleantech', 'Automazione Industriale', 'Energia Rinnovabile']",10000,33183,5,True
SU02680,BioEngine S.R.L.,"Via Roma, 81",Bergamo,45.68314291730207,9.640976152976572,2023,['Automazione Industriale'],10000,115353,0,True
SU02681,GreenSolutions S.R.L.,"Corso Buenos Aires, 78",Como,45.79810208752221,9.08040987123817,2020,"['Blockchain', 'Marketing Digitale']",183009,262311,3,True
SU02682,TechWorks S.R.L.,"Corso Buenos Aires, 135",Como,45.78313592313595,9.07161698653522,2020,['Software & Consulenza Informatica'],14196,50675,4,True
SU02683,GreenSolutions S.R.L.,"Via Garibaldi, 113",Cremona,45.13447838891553,10.036094340875511,2024,['Blockchain'],10000,161243,9,True
SU02684,InnovaDynamics S.R.L.,"Via Milano, 105",Brescia,45.533903137244735,10.227757626110439,2023,['Robotica'],13206,78159,3,False
SU02685,FutureSystems S.R.L.,"Corso Buenos Aires, 109",Milano,45.47687971424511,9.204696142516227,2023,"['Aerospace', 'Fabbricazione Macchinari']",25450,143998,1,True
SU02686,TechDynamics S.R.L.,"Via Roma, 109",Milano,45.450730168722835,9.139367998714418,2019,"['Cleantech', 'Computer e Prodotti Elettronici', 'Salute Digitale']",10000,210975,7,False
SU02687,NanoVision S.R.L.,"Via Milano, 126",Milano,45.44971690214148,9.201950456608063,2022,"['Ricerca e Sviluppo', 'Servizi di Informazione']",18554,13302,0,True
SU02688,FutureDynamics S.R.L.,"Via Dante, 33",Bergamo,45.6942692374331,9.685697504293003,2021,"['Automazione Industriale', 'Salute Digitale']",10000,76416,40,True
SU02689,FutureLogic S.R.L.,"Via Garibaldi, 58",Milano,45.48192931789183,9.154527403492475,2021,"['Salute Digitale', 'Automazione Industriale', 'Fintech']",10000,87205,0,True
SU02690,BioSolutions S.R.L.,"Via Montenapoleone, 12",Milano,45.46349833009305,9.242519784383994,2024,"['Salute Digitale', 'Marketing Digitale', 'Automazione Industriale']",18227,62882,2,True
SU02691,DataDynamics S.R.L.,"Via Montenapoleone, 99",Milano,45.48400338789791,9.154253980384516,2021,"['Software & Consulenza Informatica', 'Computer e Prodotti Elettronici']",10000,40581,2,True
SU02692,GreenAnalytics S.R.L.,"Via Garibaldi, 133",Como,45.79996982256572,9.0631741371736,2023,"['Software & Consulenza Informatica', 'Aerospace']",12894,243910,8,True
SU02693,TechLogic S.R.L.,"Via Brera, 116",Milano,45.45892673512229,9.189419916160686,2023,['E-commerce'],19255,61250,9,False
SU02694,TechAnalytics S.R.L.,"Via Manzoni, 62",Milano,45.45452030180785,9.203517033000024,2019,"['Aerospace', 'Ricerca e Sviluppo', 'Fintech']",10000,258586,20,True
SU02695,FutureWorks S.R.L.,"Via Roma, 57",Milano,45.45911305088473,9.149525013768518,2025,"['Fintech', 'IoT']",10000,2386,0,True
SU02696,DigitalAnalytics S.R.L.,"Via Milano, 70",Milano,45.42697914168649,9.153042288606352,2021,"['Robotica', 'Salute Digitale']",21797,206144,2,True
SU02697,DataAnalytics S.R.L.,"Via Garibaldi, 133",Milano,45.49473821399108,9.186429750284232,2023,['Intelligenza Artificiale'],10000,63318,3,True
SU02698,SmartVision S.R.L.,"Via Brera, 25",Milano,45.49468041767546,9.12160808827362,2021,"['Software & Consulenza Informatica', 'Biotecnologie', 'Intelligenza Artificiale']",20250,120870,6,True
SU02699,NanoSolutions S.R.L.,"Via Montenapoleone, 102",Milano,45.45762351439508,9.215771897458154,2021,"['Computer e Prodotti Elettronici', 'Automazione Industriale']",10000,194086,3,True
SU02700,CyberVision S.R.L.,"Via Garibaldi, 39",Milano,45.44232998587983,9.201744997569625,2021,"['Biotecnologie', 'Marketing Digitale']",10000,220552,1,True
SU02701,BioLab S.R.L.,"Via Roma, 10",Milano,45.47372671973108,9.212171241247804,2023,"['E-commerce', 'Software & Consulenza Informatica', 'Ricerca e Sviluppo']",10000,5279,4,True
SU02702,SmartVision S.R.L.,"Via Manzoni, 11",Milano,45.48055739841195,9.198117982263277,2022,"['Energia Rinnovabile', 'Computer e Prodotti Elettronici']",10000,13275,1,True
SU02703,InnovaWorks S.R.L.,"Via Roma, 26",Milano,45.468124552098445,9.196306154571289,2021,"['Robotica', 'Cleantech']",57036,130028,7,True
SU02704,BioEngine S.R.L.,"Via Dante, 95",Milano,45.45907468378303,9.184565576656157,2019,"['Intelligenza Artificiale', 'Aerospace', 'IoT']",18370,301821,1,True
SU02705,CyberAnalytics S.R.L.,"Via Manzoni, 90",Milano,45.43280083414838,9.200768035741218,2021,['Fabbricazione Macchinari'],10000,56827,2,True
SU02706,GreenDynamics S.R.L.,"Via Manzoni, 10",Bergamo,45.72947274087819,9.68483569909461,2022,"['Automazione Industriale', 'Blockchain']",64074,60249,10,True
SU02707,DataWorks S.R.L.,"Via Montenapoleone, 52",Bergamo,45.7049640113697,9.657831611181683,2024,"['Marketing Digitale', 'Energia Rinnovabile', 'Computer e Prodotti Elettronici']",24898,452263,0,True
SU02708,BioHub S.R.L.,"Via Dante, 132",Milano,45.47236958720722,9.187224007176718,2020,['Cybersecurity'],10000,1044790,1,True
SU02709,BioLab S.R.L.,"Via Montenapoleone, 117",Cremona,45.161821657851156,10.032642577537617,2024,"['Servizi di Informazione', 'Aerospace', 'Blockchain']",10000,343614,3,True
SU02710,FutureEngine S.R.L.,"Via Dante, 140",Milano,45.49935029123994,9.187761222738063,2025,['Software & Consulenza Informatica'],83075,757610,2,True
SU02711,DataEngine S.R.L.,"Via Montenapoleone, 28",Bergamo,45.67859121387983,9.652246518765226,2022,"['Salute Digitale', 'Automotive Tech', 'Computer e Prodotti Elettronici']",14039,136805,1,False
SU02712,CyberWorks S.R.L.,"Via Brera, 69",Milano,45.4531499721433,9.175586473994391,2023,"['Fabbricazione Macchinari', 'Ricerca e Sviluppo', 'Salute Digitale']",27083,222241,2,True
SU02713,TechEngine S.R.L.,"Via Dante, 1",Milano,45.45998710471726,9.194757395705109,2020,"['E-commerce', 'Cybersecurity']",116727,155079,1,True
SU02714,NanoLogic S.R.L.,"Corso Buenos Aires, 139",Milano,45.453955462857756,9.189032148110472,2020,"['Ricerca e Sviluppo', 'Fintech']",10000,330296,1,True
SU02715,TechLab S.R.L.,"Via Manzoni, 58",Bergamo,45.708502006264986,9.713771916089664,2020,"['Cybersecurity', 'Automazione Industriale', 'Fabbricazione Macchinari']",10000,53326,7,True
SU02716,GreenSolutions S.R.L.,"Corso Buenos Aires, 12",Cremona,45.1445298925085,10.038977067677092,2019,"['E-commerce', 'Fabbricazione Macchinari']",10049,22698,8,True
SU02717,TechWorks S.R.L.,"Via Dante, 52",Milano,45.44818316805123,9.183160379976243,2019,['Salute Digitale'],10000,49036,2,True
SU02718,CyberHub S.R.L.,"Via Brera, 109",Milano,45.46101661017379,9.201402071399745,2021,['Automotive Tech'],10000,6587,6,True
SU02719,NanoEngine S.R.L.,"Via Montenapoleone, 105",Milano,45.44840883646676,9.172375410865087,2022,"['IoT', 'Cybersecurity']",10000,85525,2,True
SU02720,InnovaLab S.R.L.,"Via Montenapoleone, 68",Milano,45.46964710126146,9.167460387145638,2019,"['Energia Rinnovabile', 'Software & Consulenza Informatica']",10566,1205851,2,True
SU02721,GreenEngine S.R.L.,"Via Brera, 130",Milano,45.45113604916714,9.21456321836078,2021,['Fabbricazione Macchinari'],23050,604576,2,True
SU02722,FutureDynamics S.R.L.,"Via Garibaldi, 101",Milano,45.47547230502981,9.175835473059482,2021,['Energia Rinnovabile'],10000,994074,0,False
SU02723,SmartSystems S.R.L.,"Via Manzoni, 108",Sondrio,46.219835431782194,9.863236252469802,2022,['Aerospace'],69963,4671125,4,True
SU02724,NanoVision S.R.L.,"Via Manzoni, 72",Mantova,45.1523255125148,10.799072199578037,2024,['E-commerce'],10000,301525,0,True
SU02725,CyberAnalytics S.R.L.,"Via Garibaldi, 93",Milano,45.4869602063192,9.18739787818815,2020,['IoT'],51094,187174,0,True
SU02726,GreenSystems S.R.L.,"Via Manzoni, 5",Pavia,45.167828118884565,9.13376667695132,2021,"['Cybersecurity', 'Robotica', 'Marketing Digitale']",10000,281681,2,True
SU02727,InnovaAnalytics S.R.L.,"Via Roma, 122",Bergamo,45.701181171567725,9.64694033699924,2022,"['Blockchain', 'Marketing Digitale']",85545,2400926,2,True
SU02728,GreenLab S.R.L.,"Via Garibaldi, 55",Como,45.83968904192985,9.093383690193013,2021,"['E-commerce', 'Servizi di Informazione', 'Fintech']",10000,197424,2,False
SU02729,TechDynamics S.R.L.,"Via Brera, 139",Milano,45.46159143062048,9.208249107157348,2020,['Fabbricazione Macchinari'],10000,81576,1,True
SU02730,BioLogic S.R.L.,"Corso Buenos Aires, 19",Milano,45.4439941983749,9.205240097519459,2024,"['Blockchain', 'Servizi di Informazione']",10000,8542,1,True
SU02731,InnovaHub S.R.L.,"Via Montenapoleone, 101",Varese,45.8205493073327,8.833423180042038,2022,['Intelligenza Artificiale'],10000,18876,1,True
SU02732,TechLogic S.R.L.,"Corso Buenos Aires, 64",Milano,45.4383032009317,9.203659786201225,2023,"['Blockchain', 'Energia Rinnovabile', 'Salute Digitale']",34465,254424,9,True
SU02733,SmartWorks S.R.L.,"Corso Buenos Aires, 82",Milano,45.44691763181744,9.177930097101985,2021,"['Fabbricazione Macchinari', 'Salute Digitale']",10000,250068,4,True
SU02734,DataDynamics S.R.L.,"Corso Buenos Aires, 81",Lodi,45.2861936924046,9.487151852181126,2021,"['E-commerce', 'Salute Digitale', 'Ricerca e Sviluppo']",13950,36059,2,True
SU02735,DataDynamics S.R.L.,"Corso Buenos Aires, 66",Brescia,45.544555934950004,10.193304132641677,2022,['Fintech'],10000,118339,1,True
SU02736,FutureHub S.R.L.,"Via Milano, 149",Milano,45.47413836314894,9.181453244042665,2025,"['Fintech', 'Computer e Prodotti Elettronici', 'Marketing Digitale']",10000,37644,5,True
SU02737,BioSolutions S.R.L.,"Via Dante, 4",Milano,45.47217235055207,9.148862636264584,2024,['Aerospace'],51029,111302,0,True
SU02738,DataLab S.R.L.,"Corso Buenos Aires, 89",Milano,45.47398491516717,9.213623861177979,2020,"['Computer e Prodotti Elettronici', 'Fabbricazione Macchinari', 'Automazione Industriale']",26663,237293,0,True
SU02739,GreenDynamics S.R.L.,"Corso Buenos Aires, 6",Milano,45.46101049886365,9.2065980275526,2023,['Blockchain'],10000,112553,2,True
SU02740,CyberAnalytics S.R.L.,"Via Montenapoleone, 135",Mantova,45.137627376583374,10.787344974199188,2022,['IoT'],19947,260140,4,True
SU02741,BioDynamics S.R.L.,"Via Montenapoleone, 71",Mantova,45.17928051600127,10.797143653629796,2020,['Software & Consulenza Informatica'],10000,310405,0,False
SU02742,DigitalAnalytics S.R.L.,"Via Manzoni, 99",Milano,45.43965186757382,9.22818809313616,2022,"['Energia Rinnovabile', 'Aerospace']",10000,515012,5,True
SU02743,CyberVision S.R.L.,"Via Milano, 6",Como,45.85391650834536,9.079568138798484,2021,['Aerospace'],14924,60402,0,True
SU02744,DataEngine S.R.L.,"Via Montenapoleone, 20",Milano,45.466849029294565,9.224406557664974,2024,['Cleantech'],10000,66496,1,True
SU02745,GreenEngine S.R.L.,"Via Dante, 111",Milano,45.51286016907673,9.205715324979053,2025,"['Cleantech', 'Aerospace', 'Automotive Tech']",16797,10296,3,True
SU02746,SmartDynamics S.R.L.,"Via Milano, 63",Milano,45.43851430197063,9.21852516275305,2020,"['Ricerca e Sviluppo', 'Cybersecurity', 'Fabbricazione Macchinari']",10000,397156,3,True
SU02747,FutureSolutions S.R.L.,"Via Garibaldi, 24",Milano,45.47775498797546,9.23555264934188,2021,"['Computer e Prodotti Elettronici', 'Energia Rinnovabile']",10000,55032,0,True
SU02748,CyberVision S.R.L.,"Corso Buenos Aires, 41",Milano,45.480168560280795,9.192703141023198,2020,"['Fabbricazione Macchinari', 'Salute Digitale']",23022,172179,5,True
SU02749,GreenLab S.R.L.,"Via Milano, 58",Milano,45.474812644375284,9.191998580808043,2022,"['Computer e Prodotti Elettronici', 'Ricerca e Sviluppo', 'Automotive Tech']",11882,545246,6,True
SU02750,DigitalWorks S.R.L.,"Via Milano, 57",Bergamo,45.67534200613354,9.663753233684968,2023,"['Fintech', 'Automazione Industriale']",40509,18106,0,True
SU02751,TechWorks S.R.L.,"Via Roma, 87",Como,45.78773040345662,9.10641688425778,2022,"['Biotecnologie', 'Salute Digitale', 'Cleantech']",10000,223886,9,True
SU02752,InnovaEngine S.R.L.,"Via Dante, 19",Pavia,45.19406262032331,9.15878226810899,2021,"['Blockchain', 'E-commerce']",18396,55091,2,True
SU02753,BioSolutions S.R.L.,"Via Milano, 21",Bergamo,45.69014061581315,9.676763753238626,2019,"['Blockchain', 'Salute Digitale']",65392,97337,4,False
SU02754,GreenHub S.R.L.,"Via Roma, 84",Milano,45.43937371351159,9.179645421759313,2024,"['Computer e Prodotti Elettronici', 'Salute Digitale']",10000,120872,5,True
SU02755,InnovaLogic S.R.L.,"Via Milano, 15",Milano,45.4451618185813,9.200340653557129,2024,['Biotecnologie'],49384,480244,4,True
SU02756,DataHub S.R.L.,"Via Dante, 79",Milano,45.46735216335988,9.229391739389001,2019,"['Automazione Industriale', 'Software & Consulenza Informatica']",10000,101511,0,True
SU02757,FutureVision S.R.L.,"Via Dante, 11",Bergamo,45.67874245613363,9.690967057202867,2021,['Computer e Prodotti Elettronici'],10000,13110,2,False
SU02758,InnovaHub S.R.L.,"Via Manzoni, 25",Lodi,45.308207026516854,9.465686759602061,2020,['Energia Rinnovabile'],11762,15661,2,True
SU02759,TechLab S.R.L.,"Via Montenapoleone, 85",Bergamo,45.7027473379569,9.66441664412279,2022,"['Aerospace', 'Salute Digitale']",28194,99718,0,True
SU02760,BioHub S.R.L.,"Via Brera, 64",Milano,45.48535137395386,9.19918480595912,2022,"['IoT', 'Cybersecurity', 'Computer e Prodotti Elettronici']",10000,278172,1,True
SU02761,BioWorks S.R.L.,"Via Milano, 78",Milano,45.45974034896794,9.196055061174022,2022,"['Cybersecurity', 'Servizi di Informazione', 'E-commerce']",10000,34580,0,True
SU02762,TechHub S.R.L.,"Via Manzoni, 114",Como,45.849577679032166,9.086200145513944,2023,"['Salute Digitale', 'Marketing Digitale', 'Cleantech']",20414,29214,1,True
SU02763,FutureLab S.R.L.,"Via Dante, 57",Bergamo,45.69194949995626,9.695299675528045,2023,['Automotive Tech'],10000,13951,1,True
SU02764,InnovaSolutions S.R.L.,"Via Manzoni, 111",Milano,45.46381134973777,9.20201684556421,2024,"['IoT', 'Software & Consulenza Informatica', 'Energia Rinnovabile']",32026,48253,3,True
SU02765,FutureSolutions S.R.L.,"Via Milano, 42",Milano,45.463498238321634,9.213854698126479,2020,"['Energia Rinnovabile', 'E-commerce', 'Salute Digitale']",10000,85096,1,True
SU02766,DataHub S.R.L.,"Via Montenapoleone, 65",Milano,45.47150431368667,9.193745589570765,2022,"['Blockchain', 'Software & Consulenza Informatica']",177207,49390,6,True
SU02767,SmartSolutions S.R.L.,"Via Dante, 52",Brescia,45.55718416070329,10.249322362348682,2021,"['Fintech', 'Automazione Industriale', 'Marketing Digitale']",10000,1471243,4,True
SU02768,DataVision S.R.L.,"Via Garibaldi, 139",Brescia,45.523407362007184,10.218328039991658,2023,"['Ricerca e Sviluppo', 'Automazione Industriale', 'Cleantech']",10000,125011,6,True
SU02769,InnovaAnalytics S.R.L.,"Via Montenapoleone, 55",Milano,45.4507878867992,9.186775999018813,2022,"['Servizi di Informazione', 'Aerospace']",10000,1377062,20,True
SU02770,SmartVision S.R.L.,"Via Brera, 116",Milano,45.470742745458985,9.174934347788943,2021,"['Salute Digitale', 'Automazione Industriale', 'E-commerce']",14877,87343,10,True
SU02771,FutureWorks S.R.L.,"Via Dante, 94",Milano,45.476677219531595,9.164170953979772,2024,"['Biotecnologie', 'Blockchain']",20920,236280,2,False
SU02772,FutureVision S.R.L.,"Corso Buenos Aires, 54",Milano,45.47588854618492,9.178936162099943,2022,"['IoT', 'Fabbricazione Macchinari']",10000,173772,2,True
SU02773,FutureSystems S.R.L.,"Via Brera, 132",Pavia,45.1517199015095,9.150590619812892,2020,['Software & Consulenza Informatica'],14535,272546,1,True
SU02774,DataWorks S.R.L.,"Via Roma, 137",Milano,45.4643044436963,9.18140052893351,2022,"['Cleantech', 'Ricerca e Sviluppo']",10151,96442,1,True
SU02775,GreenEngine S.R.L.,"Via Milano, 15",Milano,45.45274393024092,9.169167459838704,2024,['Biotecnologie'],10000,3079486,3,True
SU02776,NanoDynamics S.R.L.,"Via Milano, 117",Milano,45.45577878751471,9.162619104631618,2022,['IoT'],10000,293533,4,False
SU02777,CyberWorks S.R.L.,"Via Manzoni, 118",Pavia,45.18446380861945,9.152997671555056,2023,"['Aerospace', 'Cybersecurity']",36344,52243,0,True
SU02778,BioVision S.R.L.,"Via Dante, 82",Como,45.824659206215145,9.065606990816477,2023,"['Energia Rinnovabile', 'Aerospace']",10000,203126,4,True
SU02779,BioVision S.R.L.,"Via Dante, 60",Como,45.81468848425848,9.091561904801427,2021,"['Fintech', 'Aerospace', 'Computer e Prodotti Elettronici']",84422,104469,0,True
SU02780,FutureDynamics S.R.L.,"Via Roma, 131",Milano,45.47543174931743,9.215040464519126,2022,"['Aerospace', 'Cleantech']",20550,226799,2,True
SU02781,SmartHub S.R.L.,"Via Milano, 110",Milano,45.48452000136411,9.185524629079275,2022,"['Marketing Digitale', 'Salute Digitale', 'Ricerca e Sviluppo']",10000,7673,1,True
SU02782,InnovaAnalytics S.R.L.,"Via Manzoni, 15",Como,45.80763976513671,9.06012712003509,2021,"['IoT', 'Cleantech']",27187,117174,1,True
SU02783,DigitalAnalytics S.R.L.,"Via Milano, 36",Milano,45.48602839092947,9.191381215087324,2021,['E-commerce'],14038,62262,3,True
SU02784,GreenHub S.R.L.,"Via Garibaldi, 20",Mantova,45.116996968211154,10.802779232944307,2020,['Ricerca e Sviluppo'],10000,2518906,0,True
SU02785,DigitalLogic S.R.L.,"Via Milano, 15",Bergamo,45.64546161183134,9.665579761857016,2019,"['Automotive Tech', 'Ricerca e Sviluppo', 'Computer e Prodotti Elettronici']",10000,19674,1,True
SU02786,FutureVision S.R.L.,"Via Garibaldi, 128",Milano,45.48784218654394,9.221173456973492,2024,"['Ricerca e Sviluppo', 'Marketing Digitale']",10000,27520,4,True
SU02787,FutureSolutions S.R.L.,"Via Roma, 109",Brescia,45.543358603363004,10.187503396268246,2023,"['Servizi di Informazione', 'Cybersecurity']",13506,42527,2,True
SU02788,BioVision S.R.L.,"Via Milano, 51",Milano,45.48055103854569,9.19472689764582,2019,"['Fabbricazione Macchinari', 'E-commerce']",184621,482445,5,True
SU02789,FutureDynamics S.R.L.,"Via Brera, 41",Como,45.807320513114206,9.031310579240435,2021,"['E-commerce', 'IoT']",35872,244865,9,True
SU02790,CyberLogic S.R.L.,"Via Garibaldi, 12",Mantova,45.116975255243005,10.764597460372146,2022,"['E-commerce', 'Automotive Tech', 'Computer e Prodotti Elettronici']",10000,18207,1,True
SU02791,DigitalHub S.R.L.,"Via Montenapoleone, 9",Milano,45.44839270300071,9.18216047702257,2021,"['Blockchain', 'Marketing Digitale']",10245,507762,1,True
SU02792,DataWorks S.R.L.,"Via Milano, 37",Pavia,45.17980133029662,9.145437023899072,2022,"['Ricerca e Sviluppo', 'Robotica']",10000,135993,8,True
SU02793,SmartLogic S.R.L.,"Via Manzoni, 93",Milano,45.46040267460025,9.216587649524039,2021,"['Fabbricazione Macchinari', 'E-commerce']",13380,272359,7,True
SU02794,NanoLab S.R.L.,"Via Brera, 146",Bergamo,45.67321330249476,9.685124768361979,2024,['Fabbricazione Macchinari'],20205,21395,9,True
SU02795,TechLogic S.R.L.,"Via Brera, 84",Milano,45.50025488824614,9.188557611189877,2024,['Computer e Prodotti Elettronici'],10117,66524,1,True
SU02796,DigitalLab S.R.L.,"Via Milano, 57",Milano,45.44502424304399,9.193937884258439,2023,"['Salute Digitale', 'Aerospace']",325424,21087,4,True
SU02797,CyberSolutions S.R.L.,"Via Manzoni, 140",Milano,45.46650245835309,9.195547220097449,2021,"['Automazione Industriale', 'Blockchain', 'Aerospace']",10000,1349160,8,True
SU02798,InnovaLab S.R.L.,"Via Roma, 95",Sondrio,46.15137922069709,9.88815871100614,2024,['E-commerce'],30447,177722,2,True
SU02799,FutureVision S.R.L.,"Via Roma, 63",Bergamo,45.68492627476897,9.678753610874844,2024,"['Aerospace', 'IoT', 'Computer e Prodotti Elettronici']",10000,563384,2,True
SU02800,CyberLab S.R.L.,"Via Roma, 25",Bergamo,45.684473638605574,9.685466622988919,2020,['Fintech'],10000,856781,5,True
SU02801,GreenVision S.R.L.,"Via Garibaldi, 6",Como,45.76013591673753,9.071664452211115,2023,"['Fintech', 'Software & Consulenza Informatica', 'E-commerce']",10000,22723,3,True
SU02802,NanoLab S.R.L.,"Via Manzoni, 100",Mantova,45.158559004498414,10.789519140897088,2020,['Blockchain'],16979,238044,3,True
SU02803,InnovaLogic S.R.L.,"Via Milano, 101",Milano,45.461693862176055,9.173972028019154,2019,"['Aerospace', 'Marketing Digitale']",38081,912643,2,True
SU02804,TechLogic S.R.L.,"Corso Buenos Aires, 15",Milano,45.47202726322364,9.202593088853481,2024,"['Fintech', 'Blockchain', 'Servizi di Informazione']",44997,149359,1,True
SU02805,DataSystems S.R.L.,"Via Manzoni, 95",Milano,45.448518628910854,9.193436398923225,2021,"['IoT', 'Ricerca e Sviluppo', 'Energia Rinnovabile']",10000,56819,2,True
SU02806,FutureAnalytics S.R.L.,"Via Dante, 116",Bergamo,45.66579524538104,9.692311489988212,2022,"['Marketing Digitale', 'Cleantech']",18168,3025986,1,True
SU02807,SmartWorks S.R.L.,"Via Montenapoleone, 65",Lecco,45.870209504713586,9.394677804742338,2019,"['Automotive Tech', 'Marketing Digitale']",10000,84201,5,True
SU02808,InnovaEngine S.R.L.,"Via Dante, 82",Cremona,45.139137689406375,10.041980775954231,2021,['Software & Consulenza Informatica'],68816,30401,3,True
SU02809,GreenHub S.R.L.,"Via Garibaldi, 26",Milano,45.47456172445987,9.204717297389452,2020,"['Biotecnologie', 'Servizi di Informazione', 'Cybersecurity']",10000,85330,0,False
SU02810,DigitalSystems S.R.L.,"Via Brera, 56",Sondrio,46.186652763605935,9.863414205679728,2023,"['Aerospace', 'Blockchain']",19169,83160,8,True
SU02811,TechEngine S.R.L.,"Via Dante, 143",Como,45.82556127559989,9.089347635190729,2021,"['Blockchain', 'Energia Rinnovabile']",10000,114723,2,True
SU02812,FutureHub S.R.L.,"Via Dante, 123",Milano,45.46400157933497,9.22646404865584,2024,"['E-commerce', 'Blockchain', 'Biotecnologie']",10000,24692,30,True
SU02813,GreenHub S.R.L.,"Via Montenapoleone, 72",Bergamo,45.67964430264273,9.685881059718458,2023,"['Biotecnologie', 'Aerospace']",116170,9980,5,True
SU02814,FutureAnalytics S.R.L.,"Via Brera, 38",Milano,45.46217139629136,9.201216008421454,2020,"['Marketing Digitale', 'Blockchain']",10000,17168,1,True
SU02815,GreenAnalytics S.R.L.,"Via Dante, 76",Milano,45.44875232284856,9.23285192295253,2025,['Automazione Industriale'],10000,97976,0,True
SU02816,GreenLab S.R.L.,"Via Manzoni, 137",Milano,45.48894926001273,9.199012268933782,2023,"['Cybersecurity', 'Salute Digitale']",10000,791538,4,True
SU02817,CyberSolutions S.R.L.,"Via Roma, 137",Milano,45.505296710445734,9.16245647233511,2022,"['E-commerce', 'Salute Digitale']",21079,857506,1,True
SU02818,TechLogic S.R.L.,"Via Montenapoleone, 66",Milano,45.43824653245147,9.213741262037091,2022,['Ricerca e Sviluppo'],10000,57011,2,True
SU02819,InnovaHub S.R.L.,"Via Dante, 124",Cremona,45.15730324833905,10.033914269320634,2022,"['Servizi di Informazione', 'Marketing Digitale', 'Fintech']",10000,104418,3,True
SU02820,CyberHub S.R.L.,"Via Roma, 140",Brescia,45.5212584688124,10.200836280015023,2021,"['Intelligenza Artificiale', 'Computer e Prodotti Elettronici']",31942,867117,1,True
SU02821,TechLogic S.R.L.,"Via Brera, 56",Bergamo,45.69733396229305,9.720805181645682,2021,"['Aerospace', 'Fintech']",10000,387083,1,True
SU02822,SmartSolutions S.R.L.,"Via Montenapoleone, 133",Milano,45.47187129997518,9.199140229739493,2021,['Biotecnologie'],98839,239027,0,True
SU02823,NanoLogic S.R.L.,"Via Milano, 41",Cremona,45.125081503112135,10.013060951173147,2019,['Intelligenza Artificiale'],10000,189203,1,True
SU02824,InnovaEngine S.R.L.,"Via Milano, 109",Milano,45.47512628824762,9.195161064343775,2021,"['Fintech', 'Blockchain']",13765,30095,2,True
SU02825,SmartDynamics S.R.L.,"Via Roma, 120",Milano,45.49731133939144,9.190614462528767,2020,"['Servizi di Informazione', 'Intelligenza Artificiale']",82223,1812,0,False
SU02826,TechWorks S.R.L.,"Via Roma, 110",Milano,45.4519601645818,9.166610236676837,2021,"['Fintech', 'Salute Digitale']",10000,52820,9,True
SU02827,TechLogic S.R.L.,"Via Roma, 126",Como,45.83852928145212,9.064969368739735,2023,"['Aerospace', 'Biotecnologie', 'Computer e Prodotti Elettronici']",16197,11905,1,True
SU02828,TechSolutions S.R.L.,"Via Roma, 125",Milano,45.45314375510652,9.201377151983307,2020,['Computer e Prodotti Elettronici'],10000,56196,6,True
SU02829,InnovaSolutions S.R.L.,"Via Dante, 146",Bergamo,45.721918302416896,9.693767489299988,2021,"['Energia Rinnovabile', 'Aerospace']",10000,72901,5,True
SU02830,BioVision S.R.L.,"Via Garibaldi, 127",Milano,45.447465132497676,9.203837645878545,2024,"['Cybersecurity', 'Fabbricazione Macchinari', 'Energia Rinnovabile']",10000,4107820,1,True
SU02831,DigitalEngine S.R.L.,"Corso Buenos Aires, 45",Milano,45.46235491639745,9.187666083703581,2020,"['Automazione Industriale', 'Marketing Digitale']",10000,208585,3,True
SU02832,DigitalLab S.R.L.,"Corso Buenos Aires, 96",Milano,45.48040667192943,9.22327800210455,2023,"['Marketing Digitale', 'Automazione Industriale']",10000,38773,0,True
SU02833,NanoSolutions S.R.L.,"Via Montenapoleone, 109",Milano,45.447954380338736,9.179180501744305,2019,['Automotive Tech'],10000,58830,2,True
SU02834,TechAnalytics S.R.L.,"Via Manzoni, 4",Milano,45.4853859639466,9.197004935522813,2024,"['Fabbricazione Macchinari', 'Energia Rinnovabile']",45688,155797,0,True
SU02835,InnovaEngine S.R.L.,"Via Milano, 18",Milano,45.47879818028545,9.178661521665092,2024,"['Biotecnologie', 'Fabbricazione Macchinari', 'Automotive Tech']",10000,101227,1,False
SU02836,TechVision S.R.L.,"Via Roma, 143",Milano,45.49672873922407,9.201457690055262,2024,"['Automazione Industriale', 'E-commerce']",17697,23794,6,True
SU02837,InnovaVision S.R.L.,"Via Garibaldi, 8",Milano,45.46926556233227,9.186319968412466,2022,"['Fabbricazione Macchinari', 'Computer e Prodotti Elettronici', 'Energia Rinnovabile']",15409,43174,4,True
SU02838,FutureEngine S.R.L.,"Via Milano, 109",Milano,45.45691813312719,9.150614310169045,2025,['Automotive Tech'],10000,2297,1,True
SU02839,DigitalEngine S.R.L.,"Via Milano, 92",Brescia,45.57483541723359,10.23092287736153,2023,['Ricerca e Sviluppo'],10000,231906,1,True
SU02840,NanoLab S.R.L.,"Via Montenapoleone, 75",Milano,45.45041580448942,9.18658720652525,2022,"['Robotica', 'Ricerca e Sviluppo']",28565,191769,8,True
SU02841,FutureEngine S.R.L.,"Via Roma, 96",Milano,45.486332699632484,9.177564143256971,2021,['Fintech'],10000,70262,2,True
SU02842,CyberAnalytics S.R.L.,"Corso Buenos Aires, 12",Brescia,45.552307451536215,10.233119321478844,2020,"['IoT', 'Software & Consulenza Informatica']",10000,450221,4,True
SU02843,BioLogic S.R.L.,"Via Roma, 29",Lecco,45.881627282348965,9.394026435193435,2021,"['Software & Consulenza Informatica', 'Robotica']",12637,264578,1,True
SU02844,InnovaWorks S.R.L.,"Via Dante, 4",Bergamo,45.67153017414564,9.695672734490715,2019,"['Fabbricazione Macchinari', 'Cybersecurity']",15935,688552,1,True
SU02845,InnovaSolutions S.R.L.,"Via Dante, 57",Pavia,45.19176030857676,9.189412762958865,2020,"['Robotica', 'Software & Consulenza Informatica', 'Fintech']",10000,701282,2,True
SU02846,NanoLogic S.R.L.,"Via Brera, 131",Milano,45.470824581433796,9.20301347195487,2020,"['Fabbricazione Macchinari', 'Salute Digitale']",11136,94067,0,True
SU02847,GreenSolutions S.R.L.,"Via Brera, 140",Como,45.80017931982353,9.097798864947832,2021,"['Robotica', 'Aerospace']",24996,297260,1,True
SU02848,NanoLab S.R.L.,"Via Brera, 51",Pavia,45.19572012029241,9.15271326103946,2020,"['Cleantech', 'Fintech']",52830,33911,2,True
SU02849,GreenSolutions S.R.L.,"Via Roma, 62",Milano,45.47045407713199,9.155965880358504,2023,"['Ricerca e Sviluppo', 'Fabbricazione Macchinari', 'Intelligenza Artificiale']",90572,211272,3,True
SU02850,GreenVision S.R.L.,"Via Roma, 114",Milano,45.46851572827785,9.162512155092157,2020,['Cybersecurity'],12703,66332,2,True
SU02851,CyberDynamics S.R.L.,"Via Dante, 79",Milano,45.445269365632875,9.20913080644316,2022,"['Robotica', 'Automazione Industriale']",10000,95143,9,True
SU02852,FutureVision S.R.L.,"Corso Buenos Aires, 145",Milano,45.457389280079816,9.194373391437633,2022,['Cleantech'],10000,191531,0,True
SU02853,NanoEngine S.R.L.,"Via Brera, 45",Milano,45.48447138254829,9.20416449464105,2021,['Intelligenza Artificiale'],10000,41690,4,True
SU02854,DataHub S.R.L.,"Via Roma, 2",Milano,45.4663459161488,9.194571338303094,2022,['Robotica'],32414,92263,5,True
SU02855,DigitalLab S.R.L.,"Via Roma, 86",Pavia,45.20011852019298,9.147372471702363,2019,"['Cybersecurity', 'Computer e Prodotti Elettronici']",59300,447762,20,True
SU02856,NanoAnalytics S.R.L.,"Via Roma, 102",Cremona,45.15388157524552,9.99578897092184,2023,"['Energia Rinnovabile', 'Intelligenza Artificiale']",16644,210663,0,True
SU02857,BioEngine S.R.L.,"Via Manzoni, 141",Brescia,45.575760813072435,10.232858307073101,2024,['Aerospace'],22787,3898,1,True
SU02858,InnovaLogic S.R.L.,"Via Dante, 115",Milano,45.489183477999475,9.183047198814297,2020,"['Cleantech', 'Robotica']",23417,89287,1,True
SU02859,DataWorks S.R.L.,"Via Dante, 107",Milano,45.43814208217759,9.153359251656502,2022,['Software & Consulenza Informatica'],21059,63654,0,True
SU02860,TechLab S.R.L.,"Via Brera, 147",Milano,45.49933137717321,9.205558374457981,2019,['Biotecnologie'],27948,36024,2,True
SU02861,FutureEngine S.R.L.,"Via Milano, 108",Bergamo,45.692281357490565,9.701227317552622,2021,"['Energia Rinnovabile', 'Biotecnologie', 'E-commerce']",10000,102081,0,True
SU02862,DataAnalytics S.R.L.,"Via Dante, 48",Milano,45.47148972585736,9.202217509685909,2024,['Robotica'],10000,46041,6,True
SU02863,DigitalWorks S.R.L.,"Via Garibaldi, 6",Milano,45.47208875130886,9.188346128213249,2019,"['Salute Digitale', 'Servizi di Informazione', 'Automazione Industriale']",10000,417438,5,True
SU02864,GreenSolutions S.R.L.,"Corso Buenos Aires, 62",Milano,45.49173787807016,9.173578475954724,2024,"['Software & Consulenza Informatica', 'Computer e Prodotti Elettronici', 'Fabbricazione Macchinari']",86772,7186,4,True
SU02865,InnovaLogic S.R.L.,"Via Milano, 74",Como,45.79821280291823,9.071811090594368,2019,['Computer e Prodotti Elettronici'],17045,64029,4,True
SU02866,TechVision S.R.L.,"Via Milano, 26",Milano,45.47906199268606,9.160111087998422,2023,['Biotecnologie'],10000,124933,10,True
SU02867,GreenHub S.R.L.,"Via Manzoni, 64",Como,45.814437249488286,9.095061178008423,2024,"['Marketing Digitale', 'Energia Rinnovabile', 'E-commerce']",10000,30724,2,True
SU02868,SmartAnalytics S.R.L.,"Via Roma, 76",Milano,45.48879595039137,9.207491264131484,2022,['IoT'],10000,1292894,25,True
SU02869,GreenLab S.R.L.,"Via Montenapoleone, 108",Milano,45.463104028006384,9.176446178772911,2022,['Automotive Tech'],20642,2215233,1,True
SU02870,InnovaEngine S.R.L.,"Corso Buenos Aires, 106",Mantova,45.141375250642746,10.781593068681834,2021,"['Servizi di Informazione', 'Intelligenza Artificiale', 'Blockchain']",71876,1345936,3,True
SU02871,TechSolutions S.R.L.,"Via Milano, 76",Milano,45.46279409050683,9.170018245004128,2024,['Computer e Prodotti Elettronici'],18618,37495,10,True
SU02872,TechVision S.R.L.,"Via Roma, 114",Milano,45.50307881248524,9.188215148933592,2021,"['Ricerca e Sviluppo', 'IoT', 'Energia Rinnovabile']",10000,56302,4,True
SU02873,DataEngine S.R.L.,"Via Manzoni, 118",Bergamo,45.68695373134343,9.689945745744252,2020,['Robotica'],24805,392958,4,True
SU02874,TechDynamics S.R.L.,"Corso Buenos Aires, 11",Milano,45.460394560307,9.242042647928143,2023,['Ricerca e Sviluppo'],10000,53539,10,True
SU02875,BioLogic S.R.L.,"Via Milano, 50",Milano,45.477561005391614,9.171728645472484,2024,['Cleantech'],10000,533505,3,True
SU02876,DigitalAnalytics S.R.L.,"Corso Buenos Aires, 122",Bergamo,45.66345488383848,9.638052071292815,2024,"['Marketing Digitale', 'IoT']",13276,382773,2,True
SU02877,FutureSolutions S.R.L.,"Via Montenapoleone, 83",Mantova,45.181872154335586,10.814974029067224,2022,['Automazione Industriale'],55166,265099,5,True
SU02878,BioSystems S.R.L.,"Via Brera, 98",Milano,45.46688829167675,9.184999382296477,2022,['Software & Consulenza Informatica'],10000,539562,2,True
SU02879,DigitalVision S.R.L.,"Via Montenapoleone, 37",Milano,45.43823421195978,9.17362125302089,2021,"['Servizi di Informazione', 'Blockchain', 'IoT']",25682,85274,20,True
SU02880,SmartEngine S.R.L.,"Via Montenapoleone, 112",Milano,45.46289863896537,9.210316480185636,2021,"['Automotive Tech', 'Biotecnologie']",10000,14464,2,True
SU02881,BioLab S.R.L.,"Via Brera, 27",Bergamo,45.73029213034998,9.6965075795949,2022,['Energia Rinnovabile'],23527,35971,3,True
SU02882,BioDynamics S.R.L.,"Via Milano, 18",Milano,45.45013506918787,9.18645728692154,2020,"['Fabbricazione Macchinari', 'Energia Rinnovabile', 'Automotive Tech']",10000,168820,7,True
SU02883,CyberVision S.R.L.,"Via Manzoni, 34",Milano,45.4471309621752,9.193388112470613,2022,['Ricerca e Sviluppo'],10000,25801,2,True
SU02884,NanoSolutions S.R.L.,"Via Roma, 39",Brescia,45.534435128901286,10.218017133552419,2021,"['Automazione Industriale', 'E-commerce', 'Salute Digitale']",10000,130038,1,True
SU02885,NanoLogic S.R.L.,"Via Brera, 69",Milano,45.45582931163833,9.184095702189023,2023,['Biotecnologie'],12655,729021,4,True
SU02886,TechEngine S.R.L.,"Via Roma, 136",Milano,45.465572491392635,9.18840030954077,2025,['Energia Rinnovabile'],37752,38944,10,True
SU02887,GreenWorks S.R.L.,"Via Montenapoleone, 148",Milano,45.48349691581526,9.198064595108944,2019,"['Ricerca e Sviluppo', 'Software & Consulenza Informatica', 'Intelligenza Artificiale']",10000,18140,0,True
SU02888,DataHub S.R.L.,"Via Garibaldi, 60",Milano,45.47037245403417,9.176658795748004,2025,"['Cybersecurity', 'Marketing Digitale']",21371,22906,0,True
SU02889,BioSolutions S.R.L.,"Via Roma, 136",Como,45.83005792622905,9.10222071032299,2021,"['IoT', 'Software & Consulenza Informatica', 'Intelligenza Artificiale']",77567,331993,4,True
SU02890,TechVision S.R.L.,"Via Manzoni, 96",Milano,45.40319608397937,9.178243432431552,2019,['Software & Consulenza Informatica'],10000,601010,2,True
SU02891,BioVision S.R.L.,"Via Garibaldi, 29",Milano,45.4639366046818,9.20503359154782,2025,['Cybersecurity'],10000,40839,0,True
SU02892,InnovaLab S.R.L.,"Via Garibaldi, 71",Como,45.766869248781525,9.07441806842013,2022,"['Blockchain', 'Cleantech', 'Salute Digitale']",13361,127062,2,True
SU02893,GreenSystems S.R.L.,"Via Montenapoleone, 85",Milano,45.475440349860385,9.196373107956378,2023,['Cybersecurity'],15923,47072,0,True
SU02894,FutureWorks S.R.L.,"Via Montenapoleone, 128",Bergamo,45.677275499392046,9.686755632567179,2025,"['IoT', 'Biotecnologie']",10000,48494,1,True
SU02895,NanoSystems S.R.L.,"Via Dante, 94",Pavia,45.207824358694275,9.147828787171376,2019,['IoT'],10000,35920,3,True
SU02896,CyberSystems S.R.L.,"Via Milano, 3",Milano,45.407848884577,9.196679280261169,2021,"['Automotive Tech', 'E-commerce']",10067,5000000,1,True
SU02897,SmartEngine S.R.L.,"Via Montenapoleone, 81",Brescia,45.538051481599936,10.212480445194583,2019,['Blockchain'],10000,374652,0,True
SU02898,DigitalEngine S.R.L.,"Via Manzoni, 144",Cremona,45.1382245923617,9.958752934497376,2019,['Marketing Digitale'],10000,40132,0,True
SU02899,TechSolutions S.R.L.,"Via Dante, 29",Milano,45.518870114279835,9.18163244129794,2021,['Ricerca e Sviluppo'],16445,116900,1,True
SU02900,BioDynamics S.R.L.,"Via Dante, 99",Mantova,45.16360396607607,10.79655501549489,2019,"['Cleantech', 'Fabbricazione Macchinari']",18422,805281,1,True
SU02901,CyberSystems S.R.L.,"Via Manzoni, 56",Milano,45.474184799658055,9.185624540634441,2025,['Marketing Digitale'],10000,20312,10,True
SU02902,DigitalAnalytics S.R.L.,"Via Brera, 68",Milano,45.46848415301568,9.203806564344399,2022,"['Fabbricazione Macchinari', 'Software & Consulenza Informatica']",17003,1561379,3,True
SU02903,CyberLogic S.R.L.,"Via Montenapoleone, 42",Milano,45.50406615636443,9.196258603570376,2023,"['Marketing Digitale', 'E-commerce']",23569,39489,1,True
SU02904,TechLogic S.R.L.,"Via Garibaldi, 146",Milano,45.46159561129168,9.177206381953516,2022,"['Biotecnologie', 'Servizi di Informazione']",13878,2080793,4,True
SU02905,BioSolutions S.R.L.,"Via Garibaldi, 124",Bergamo,45.72005489753497,9.68329587817591,2021,['Marketing Digitale'],10000,137551,25,False
SU02906,DataAnalytics S.R.L.,"Via Milano, 39",Milano,45.47740931964443,9.183545949082221,2021,['Fintech'],24452,118586,5,True
SU02907,SmartLogic S.R.L.,"Via Dante, 128",Milano,45.49386955852274,9.180572166975864,2020,['Cleantech'],55901,272117,0,True
SU02908,TechDynamics S.R.L.,"Via Brera, 6",Milano,45.42652730176668,9.173623298257896,2021,['Ricerca e Sviluppo'],36003,1480,6,True
SU02909,GreenAnalytics S.R.L.,"Via Dante, 139",Pavia,45.18364287355851,9.14536814750344,2021,"['Salute Digitale', 'Ricerca e Sviluppo']",19400,82464,1,True
SU02910,GreenWorks S.R.L.,"Corso Buenos Aires, 54",Bergamo,45.72250518236932,9.649317352828788,2022,"['Fabbricazione Macchinari', 'Automazione Industriale']",10000,770284,0,True
SU02911,NanoEngine S.R.L.,"Via Brera, 30",Brescia,45.53034778231537,10.2141347222307,2024,['Fintech'],10000,707319,2,True
SU02912,FutureVision S.R.L.,"Via Manzoni, 71",Milano,45.46921704425987,9.235462370098231,2022,['Salute Digitale'],12400,657928,7,True
SU02913,BioDynamics S.R.L.,"Via Dante, 113",Milano,45.44978525583597,9.199628285387398,2019,['IoT'],22606,12831,0,False
SU02914,DigitalEngine S.R.L.,"Via Manzoni, 25",Milano,45.448881758170124,9.207221951387677,2022,['Servizi di Informazione'],500000,75898,1,True
SU02915,DataSolutions S.R.L.,"Via Brera, 102",Sondrio,46.176912865704026,9.891565371387056,2022,"['Energia Rinnovabile', 'Automotive Tech']",87087,241580,5,True
SU02916,InnovaDynamics S.R.L.,"Corso Buenos Aires, 15",Milano,45.463232982316654,9.203251838889125,2020,['Cybersecurity'],10000,51390,8,True
SU02917,TechAnalytics S.R.L.,"Via Roma, 106",Brescia,45.53748017229243,10.22209627390877,2022,['Automazione Industriale'],10000,90662,2,True
SU02918,NanoAnalytics S.R.L.,"Via Montenapoleone, 13",Brescia,45.521711725256736,10.212944830597218,2024,['Cleantech'],45891,13228,0,False
SU02919,BioLab S.R.L.,"Via Brera, 69",Milano,45.46646379909914,9.183878386242375,2025,['Software & Consulenza Informatica'],14184,6044,1,True
SU02920,TechSolutions S.R.L.,"Via Brera, 80",Milano,45.503225088684246,9.196494083058516,2023,"['Marketing Digitale', 'Energia Rinnovabile']",10000,408220,0,True
SU02921,SmartVision S.R.L.,"Via Roma, 140",Bergamo,45.687860776164676,9.707736904746291,2024,"['Automazione Industriale', 'Robotica']",10000,98182,0,True
SU02922,SmartSolutions S.R.L.,"Via Brera, 39",Milano,45.49152461002799,9.142740461064884,2023,"['Fabbricazione Macchinari', 'Marketing Digitale', 'E-commerce']",22006,310767,1,True
SU02923,BioVision S.R.L.,"Via Roma, 23",Milano,45.48490894662449,9.179761137238655,2020,['Robotica'],10000,79499,1,True
SU02924,NanoDynamics S.R.L.,"Via Roma, 98",Milano,45.43573802718528,9.1696130571564,2023,['Computer e Prodotti Elettronici'],10000,4218,4,False
SU02925,GreenAnalytics S.R.L.,"Via Dante, 125",Milano,45.46665908505498,9.172421173179737,2021,"['IoT', 'Blockchain', 'Software & Consulenza Informatica']",27967,208745,1,True
SU02926,FutureSolutions S.R.L.,"Via Brera, 55",Milano,45.4543603793625,9.167885446483734,2025,['Cleantech'],19067,94376,1,True
SU02927,InnovaWorks S.R.L.,"Via Roma, 103",Milano,45.44348789709987,9.191867208371013,2019,"['Biotecnologie', 'Automazione Industriale']",18753,237607,0,True
SU02928,DigitalEngine S.R.L.,"Via Garibaldi, 11",Bergamo,45.70780299875734,9.676995399193109,2024,['Robotica'],10000,23008,1,True
SU02929,NanoLogic S.R.L.,"Via Garibaldi, 4",Milano,45.465086635207626,9.217377508790808,2019,"['Automazione Industriale', 'Automotive Tech']",10000,4098,5,True
SU02930,FutureHub S.R.L.,"Via Montenapoleone, 20",Milano,45.47026026592513,9.170672025695412,2023,"['Salute Digitale', 'Automotive Tech', 'Cleantech']",26184,535199,0,True
SU02931,NanoVision S.R.L.,"Via Montenapoleone, 23",Milano,45.465134475501735,9.21604430130939,2020,"['Servizi di Informazione', 'Ricerca e Sviluppo']",23288,44546,1,True
SU02932,SmartAnalytics S.R.L.,"Corso Buenos Aires, 106",Milano,45.45618365516398,9.175575858649438,2021,['Salute Digitale'],10000,561006,0,False
SU02933,NanoSolutions S.R.L.,"Via Brera, 59",Pavia,45.2259561464278,9.167433010801194,2019,"['Energia Rinnovabile', 'E-commerce']",10645,5000000,20,True
SU02934,CyberDynamics S.R.L.,"Via Brera, 142",Milano,45.45399901561034,9.181992018963195,2024,['E-commerce'],11071,1078223,6,True
SU02935,SmartSystems S.R.L.,"Via Montenapoleone, 11",Milano,45.45352282935914,9.189797250546897,2021,['IoT'],23696,108552,4,True
SU02936,TechHub S.R.L.,"Via Manzoni, 67",Brescia,45.54134910013194,10.211967566670175,2023,['Cleantech'],10000,67216,5,True
SU02937,FutureSolutions S.R.L.,"Via Manzoni, 114",Milano,45.47846897742185,9.215736401458994,2024,['Fabbricazione Macchinari'],10000,61034,30,True
SU02938,BioWorks S.R.L.,"Via Garibaldi, 45",Milano,45.463393962425755,9.190511520599637,2021,['E-commerce'],13086,37216,4,True
SU02939,NanoWorks S.R.L.,"Via Milano, 33",Milano,45.47121938367819,9.193829012884331,2022,"['Software & Consulenza Informatica', 'Marketing Digitale', 'Salute Digitale']",19278,70933,0,True
SU02940,InnovaSystems S.R.L.,"Via Brera, 91",Milano,45.4720086358069,9.202659758592992,2022,"['Biotecnologie', 'Energia Rinnovabile', 'Marketing Digitale']",10000,239481,30,False
SU02941,FutureLab S.R.L.,"Via Brera, 63",Milano,45.50256876060403,9.167724332061702,2023,"['Cleantech', 'Ricerca e Sviluppo']",204198,107867,4,True
SU02942,DataHub S.R.L.,"Via Manzoni, 44",Milano,45.46365162993064,9.185448224826313,2024,"['Software & Consulenza Informatica', 'Aerospace']",15029,64511,1,True
SU02943,DigitalLab S.R.L.,"Via Manzoni, 22",Milano,45.45870968531917,9.150050561404692,2021,['Servizi di Informazione'],10000,18936,1,True
SU02944,NanoWorks S.R.L.,"Via Manzoni, 47",Mantova,45.15057788465204,10.762206226303562,2023,"['E-commerce', 'Robotica']",13680,54802,4,True
SU02945,GreenVision S.R.L.,"Via Roma, 48",Milano,45.45640591240382,9.184026586108637,2021,['Biotecnologie'],137931,447895,1,True
SU02946,TechVision S.R.L.,"Via Dante, 56",Milano,45.474525746848656,9.173694774571018,2024,"['Ricerca e Sviluppo', 'Software & Consulenza Informatica', 'Marketing Digitale']",39898,32518,3,True
SU02947,FutureEngine S.R.L.,"Via Montenapoleone, 6",Milano,45.48349402411633,9.170718345811895,2021,['Computer e Prodotti Elettronici'],29319,109910,3,True
SU02948,SmartSystems S.R.L.,"Via Roma, 128",Pavia,45.192949363802896,9.150297751191902,2023,['Cybersecurity'],16036,21013,1,True
SU02949,InnovaSolutions S.R.L.,"Via Manzoni, 30",Milano,45.49936920204306,9.19647485081657,2021,"['Fabbricazione Macchinari', 'IoT']",10000,1322963,0,True
SU02950,TechSolutions S.R.L.,"Via Manzoni, 73",Milano,45.458850492270116,9.190002958427927,2020,['E-commerce'],15838,240111,2,True
SU02951,FutureSystems S.R.L.,"Via Dante, 131",Milano,45.461967677952345,9.188342706159883,2020,"['IoT', 'Servizi di Informazione']",44081,242877,2,True
SU02952,FutureAnalytics S.R.L.,"Via Roma, 49",Milano,45.47702574357292,9.194373418658095,2021,"['Aerospace', 'Marketing Digitale']",12019,40424,2,True
SU02953,CyberVision S.R.L.,"Via Manzoni, 16",Milano,45.455144907816624,9.182826408332497,2022,"['Intelligenza Artificiale', 'E-commerce', 'Salute Digitale']",10000,51947,4,True
SU02954,InnovaEngine S.R.L.,"Via Montenapoleone, 25",Milano,45.472179271955206,9.195852445930946,2022,"['Cleantech', 'Fintech']",10000,37050,3,True
SU02955,InnovaSolutions S.R.L.,"Via Milano, 21",Milano,45.49188716283295,9.201506772821908,2023,"['Ricerca e Sviluppo', 'E-commerce']",10000,3900,1,True
SU02956,DigitalAnalytics S.R.L.,"Via Montenapoleone, 148",Bergamo,45.6842414286123,9.66805592573319,2023,"['Servizi di Informazione', 'Cybersecurity']",10000,1021509,5,True
SU02957,SmartEngine S.R.L.,"Via Montenapoleone, 149",Milano,45.46886302103241,9.204604844202638,2022,"['Biotecnologie', 'Ricerca e Sviluppo', 'Fabbricazione Macchinari']",10964,22432,2,True
SU02958,DigitalHub S.R.L.,"Via Garibaldi, 61",Milano,45.42910799062303,9.19348955346979,2025,"['Automazione Industriale', 'IoT']",11699,5535,1,True
SU02959,DigitalLogic S.R.L.,"Via Milano, 4",Milano,45.45859676115052,9.203091461196045,2020,"['Servizi di Informazione', 'Marketing Digitale']",10000,173873,25,True
SU02960,TechWorks S.R.L.,"Via Roma, 71",Milano,45.461697338658915,9.221231544777782,2021,['Cleantech'],11480,21202,1,True
SU02961,CyberVision S.R.L.,"Via Dante, 80",Mantova,45.146493004208644,10.844032360262236,2020,['Energia Rinnovabile'],10000,372978,0,True
SU02962,DataDynamics S.R.L.,"Via Manzoni, 127",Milano,45.47359259037607,9.173244985249843,2022,"['Servizi di Informazione', 'Automazione Industriale', 'IoT']",18365,323599,4,True
SU02963,InnovaEngine S.R.L.,"Via Brera, 115",Pavia,45.181974579771506,9.176764525869368,2021,['Cleantech'],21233,149728,0,True
SU02964,FutureLab S.R.L.,"Via Brera, 117",Milano,45.46218124557391,9.210838468820661,2019,"['Cleantech', 'Computer e Prodotti Elettronici']",10000,418920,0,True
SU02965,InnovaSolutions S.R.L.,"Via Montenapoleone, 36",Milano,45.481573085607295,9.191667628208569,2025,"['Aerospace', 'Fintech']",38878,63309,6,True
SU02966,DigitalLogic S.R.L.,"Via Montenapoleone, 138",Milano,45.46281792379235,9.220640887222423,2024,"['Servizi di Informazione', 'Intelligenza Artificiale']",10000,3217,0,True
SU02967,BioLab S.R.L.,"Via Dante, 49",Brescia,45.521545959956406,10.186220960077415,2022,"['Servizi di Informazione', 'E-commerce', 'Aerospace']",10000,42369,1,True
SU02968,DigitalDynamics S.R.L.,"Via Manzoni, 47",Brescia,45.50642456637428,10.195102915198982,2019,['Intelligenza Artificiale'],36946,57592,5,False
SU02969,InnovaVision S.R.L.,"Via Montenapoleone, 109",Milano,45.478856320533254,9.185873411395235,2021,['Cleantech'],67612,48560,4,True
SU02970,NanoAnalytics S.R.L.,"Via Milano, 149",Milano,45.533237169501845,9.190670473477995,2021,"['Automotive Tech', 'Servizi di Informazione']",18042,2150704,0,True
SU02971,FutureWorks S.R.L.,"Via Roma, 22",Milano,45.47680341529467,9.18970936558612,2021,['Biotecnologie'],24485,391261,4,True
SU02972,GreenAnalytics S.R.L.,"Via Manzoni, 128",Milano,45.431521601296126,9.183499254931576,2022,"['Intelligenza Artificiale', 'Robotica']",22831,31512,1,True
SU02973,FutureLab S.R.L.,"Via Dante, 64",Sondrio,46.17187698203668,9.88345930092214,2022,"['Blockchain', 'Ricerca e Sviluppo']",10000,70980,0,True
SU02974,BioDynamics S.R.L.,"Via Garibaldi, 107",Milano,45.500687193813874,9.158171555633361,2022,"['Fabbricazione Macchinari', 'Automazione Industriale']",10000,119394,1,True
SU02975,NanoLogic S.R.L.,"Via Dante, 41",Brescia,45.57511717337418,10.208859285718248,2023,"['Salute Digitale', 'Fintech']",18109,283019,4,False
SU02976,DataWorks S.R.L.,"Via Brera, 112",Como,45.821374218809176,9.092012079557426,2022,"['Automotive Tech', 'Fabbricazione Macchinari', 'Marketing Digitale']",23650,105790,3,False
SU02977,BioDynamics S.R.L.,"Via Garibaldi, 7",Milano,45.456284113835814,9.188754840654521,2024,"['Aerospace', 'Automazione Industriale', 'Robotica']",10000,38899,2,False
SU02978,TechHub S.R.L.,"Via Dante, 62",Milano,45.46081466357403,9.208051518838,2023,['Computer e Prodotti Elettronici'],10000,882374,0,True
SU02979,DigitalHub S.R.L.,"Corso Buenos Aires, 107",Milano,45.47606114213782,9.239126030378845,2022,['Robotica'],62146,1175147,4,True
SU02980,FutureDynamics S.R.L.,"Via Garibaldi, 14",Como,45.8179454855399,9.095637985919263,2021,"['IoT', 'Cybersecurity']",10000,76549,1,False
SU02981,CyberHub S.R.L.,"Via Montenapoleone, 80",Brescia,45.54322124726062,10.228281323413121,2020,['Fabbricazione Macchinari'],20669,1803285,3,True
SU02982,GreenLab S.R.L.,"Via Dante, 127",Pavia,45.173883191635205,9.152518073176205,2024,"['Salute Digitale', 'Ricerca e Sviluppo']",10678,206170,3,True
SU02983,SmartWorks S.R.L.,"Via Dante, 87",Mantova,45.12022909878516,10.77910276038589,2019,"['Fabbricazione Macchinari', 'Energia Rinnovabile']",10000,63300,1,False
SU02984,InnovaSolutions S.R.L.,"Corso Buenos Aires, 57",Milano,45.43484550613655,9.186285808532382,2019,['Aerospace'],10000,12026,0,True
SU02985,CyberAnalytics S.R.L.,"Via Roma, 123",Milano,45.47392538457497,9.168728292853277,2022,['Fintech'],10000,364529,4,True
SU02986,DataEngine S.R.L.,"Via Montenapoleone, 27",Milano,45.51539961459936,9.205349246258812,2023,['Cleantech'],20104,5000000,1,False
SU02987,DigitalAnalytics S.R.L.,"Via Milano, 29",Milano,45.45760702931528,9.166372192321175,2021,"['Computer e Prodotti Elettronici', 'Automotive Tech']",36742,191883,0,True
SU02988,BioAnalytics S.R.L.,"Via Garibaldi, 32",Milano,45.515060653065945,9.15877194315576,2024,"['Automazione Industriale', 'Fintech']",10000,126786,3,True
SU02989,NanoAnalytics S.R.L.,"Via Brera, 40",Como,45.77965092648681,9.101826235882767,2025,['Marketing Digitale'],33641,39212,6,True
SU02990,NanoSolutions S.R.L.,"Via Brera, 72",Milano,45.44693020367913,9.169313824756243,2025,"['Marketing Digitale', 'Computer e Prodotti Elettronici', 'Cleantech']",19730,32629,1,True
SU02991,SmartLab S.R.L.,"Via Brera, 20",Milano,45.47973880232762,9.184042911606776,2023,['Automazione Industriale'],10000,13151,7,True
SU02992,BioSolutions S.R.L.,"Corso Buenos Aires, 35",Brescia,45.52922644397844,10.200126077946893,2020,"['Biotecnologie', 'Servizi di Informazione']",10000,154347,3,True
SU02993,DataDynamics S.R.L.,"Via Milano, 64",Brescia,45.554186164560605,10.208868071086972,2023,"['Automotive Tech', 'Intelligenza Artificiale']",20031,8531,2,True
SU02994,BioLab S.R.L.,"Via Brera, 81",Milano,45.48140531088189,9.185018582557793,2022,['Cybersecurity'],10000,86566,4,True
SU02995,CyberLab S.R.L.,"Corso Buenos Aires, 66",Milano,45.44797437747361,9.176246308833921,2021,"['Software & Consulenza Informatica', 'Automotive Tech', 'Fintech']",10000,5000000,1,True
SU02996,GreenSystems S.R.L.,"Via Brera, 60",Milano,45.462741974461665,9.190192672944251,2022,['Automotive Tech'],14774,199119,2,False
SU02997,DigitalDynamics S.R.L.,"Via Brera, 106",Milano,45.43041605863618,9.230176283177443,2023,"['Automotive Tech', 'Fintech']",14734,55759,5,True
SU02998,NanoHub S.R.L.,"Via Brera, 34",Brescia,45.56013748770659,10.19033826546475,2020,"['Salute Digitale', 'Aerospace']",10000,205152,6,True
SU02999,SmartAnalytics S.R.L.,"Via Roma, 102",Milano,45.475476072021486,9.213786947592013,2021,"['Software & Consulenza Informatica', 'IoT']",42148,277050,5,True
SU03000,NanoHub S.R.L.,"Via Brera, 8",Como,45.85152254646903,9.088594200336644,2024,"['Cleantech', 'Fabbricazione Macchinari']",10000,15748,1,True
SU03001,SmartSolutions S.R.L.,"Via Roma, 75",Milano,45.4425035030137,9.219838877672787,2023,['Computer e Prodotti Elettronici'],10000,35127,4,True
SU03002,BioSystems S.R.L.,"Corso Buenos Aires, 39",Milano,45.47138134075705,9.226506975696815,2021,['Robotica'],10000,185960,5,True
SU03003,BioDynamics S.R.L.,"Via Manzoni, 29",Milano,45.44929676411503,9.191559384748563,2020,['Computer e Prodotti Elettronici'],10000,8488,0,True
SU03004,DataLogic S.R.L.,"Via Garibaldi, 21",Milano,45.47132114263954,9.189433395510147,2021,"['Energia Rinnovabile', 'Cybersecurity']",10000,18392,9,False
SU03005,SmartEngine S.R.L.,"Via Garibaldi, 119",Milano,45.450522388662044,9.15724433122595,2021,"['Cybersecurity', 'Intelligenza Artificiale', 'Software & Consulenza Informatica']",11629,19605,6,True
SU03006,CyberVision S.R.L.,"Corso Buenos Aires, 77",Varese,45.81991422434918,8.835452492711498,2020,['Biotecnologie'],72790,933505,6,True
SU03007,NanoEngine S.R.L.,"Via Dante, 117",Milano,45.45700898594545,9.176191041457736,2022,"['Computer e Prodotti Elettronici', 'Servizi di Informazione']",22436,332303,10,True
SU03008,TechEngine S.R.L.,"Via Garibaldi, 129",Milano,45.49755281289498,9.204212381164448,2019,"['Computer e Prodotti Elettronici', 'Biotecnologie', 'Ricerca e Sviluppo']",33720,69762,5,True
SU03009,InnovaSystems S.R.L.,"Corso Buenos Aires, 133",Milano,45.45735765608548,9.16796927795355,2021,['Salute Digitale'],10000,86235,0,True
SU03010,BioWorks S.R.L.,"Via Milano, 79",Sondrio,46.15453131909821,9.868339338385894,2020,"['Aerospace', 'Cybersecurity', 'Robotica']",11991,815543,4,True
SU03011,BioLogic S.R.L.,"Via Roma, 125",Milano,45.46526433143127,9.151923536201906,2022,['Marketing Digitale'],62873,1040277,10,True
SU03012,GreenHub S.R.L.,"Via Montenapoleone, 96",Milano,45.43549585407549,9.194437139847924,2020,"['Salute Digitale', 'Software & Consulenza Informatica', 'Cleantech']",12169,83696,10,True
SU03013,SmartEngine S.R.L.,"Via Dante, 144",Milano,45.47778562061636,9.187465820331855,2023,"['Automotive Tech', 'Aerospace', 'Salute Digitale']",14827,162938,4,True
SU03014,DataSolutions S.R.L.,"Via Milano, 7",Milano,45.425571418982614,9.174196240943782,2021,['Robotica'],14579,112899,8,True
SU03015,InnovaEngine S.R.L.,"Via Milano, 63",Cremona,45.115964998001346,10.048837270704711,2024,"['Servizi di Informazione', 'Salute Digitale']",74368,388613,1,True
SU03016,SmartSolutions S.R.L.,"Via Roma, 55",Brescia,45.551948400103946,10.23684518966088,2024,"['Ricerca e Sviluppo', 'Cleantech', 'Intelligenza Artificiale']",10000,196838,9,False
SU03017,SmartLab S.R.L.,"Via Brera, 19",Milano,45.47773737388027,9.220934770655145,2022,['Fintech'],500000,80274,9,True
SU03018,InnovaEngine S.R.L.,"Corso Buenos Aires, 48",Milano,45.52731514352579,9.176117558973464,2021,"['Computer e Prodotti Elettronici', 'E-commerce', 'Servizi di Informazione']",21943,589402,4,True
SU03019,DigitalEngine S.R.L.,"Via Roma, 107",Sondrio,46.1612859021431,9.84079225035407,2020,"['Biotecnologie', 'IoT']",22977,66436,9,True
SU03020,GreenDynamics S.R.L.,"Corso Buenos Aires, 1",Milano,45.4799418157318,9.151308497202349,2023,"['Biotecnologie', 'Fintech']",24423,65668,6,True
SU03021,DataLab S.R.L.,"Via Garibaldi, 18",Milano,45.47106816639797,9.218561476478738,2024,"['Automotive Tech', 'Aerospace']",10000,76530,1,True
SU03022,FutureLab S.R.L.,"Via Dante, 33",Pavia,45.1894541478785,9.183475363994688,2023,['Automotive Tech'],14147,473204,2,True
SU03023,GreenVision S.R.L.,"Via Montenapoleone, 81",Milano,45.482335697570065,9.202563412846029,2022,"['Computer e Prodotti Elettronici', 'Automotive Tech', 'Cleantech']",36334,61922,7,True
SU03024,InnovaHub S.R.L.,"Via Manzoni, 102",Milano,45.48905371853115,9.216151554549823,2020,['Automotive Tech'],49207,150913,0,True
SU03025,TechDynamics S.R.L.,"Via Manzoni, 5",Cremona,45.11882229374337,10.038180084014945,2020,"['E-commerce', 'Automotive Tech', 'Cybersecurity']",10000,772185,2,True
SU03026,BioLab S.R.L.,"Via Dante, 128",Milano,45.46503469772063,9.18560200081389,2021,"['Automazione Industriale', 'Automotive Tech', 'Servizi di Informazione']",10000,2437544,9,True
SU03027,DataEngine S.R.L.,"Via Montenapoleone, 53",Milano,45.45276047907036,9.179312999901574,2022,"['Servizi di Informazione', 'E-commerce', 'Robotica']",10000,345938,8,True
SU03028,GreenLab S.R.L.,"Via Garibaldi, 12",Mantova,45.14074132278417,10.787753005763575,2024,"['Automotive Tech', 'Robotica']",28988,8006,1,True
SU03029,BioWorks S.R.L.,"Via Brera, 101",Milano,45.47204760035041,9.196343216742461,2023,"['Cleantech', 'Fabbricazione Macchinari', 'E-commerce']",104150,7158,0,True
SU03030,GreenVision S.R.L.,"Via Dante, 90",Milano,45.426632487128515,9.206963764554994,2024,['Automazione Industriale'],14040,3368058,0,True
SU03031,CyberSolutions S.R.L.,"Corso Buenos Aires, 107",Milano,45.452897621549205,9.201009681473383,2021,['Biotecnologie'],10000,1515384,2,True
SU03032,FutureSystems S.R.L.,"Via Manzoni, 15",Milano,45.48651518956477,9.186806525513234,2022,"['Fabbricazione Macchinari', 'Software & Consulenza Informatica']",10000,433248,8,True
SU03033,FutureLogic S.R.L.,"Via Dante, 121",Brescia,45.53793052700703,10.19831327445242,2021,['Biotecnologie'],20904,68760,6,True
SU03034,DataAnalytics S.R.L.,"Corso Buenos Aires, 137",Como,45.78381874194962,9.08861577111199,2021,"['Energia Rinnovabile', 'Marketing Digitale']",10000,22999,7,True
SU03035,TechSystems S.R.L.,"Via Brera, 148",Milano,45.46646448204986,9.206410463482337,2023,['Software & Consulenza Informatica'],10000,19184,0,True
SU03036,BioLab S.R.L.,"Via Montenapoleone, 28",Milano,45.483598694638744,9.171322584476593,2022,"['E-commerce', 'Computer e Prodotti Elettronici']",42826,56782,0,True
SU03037,DataHub S.R.L.,"Corso Buenos Aires, 92",Milano,45.44451526230976,9.212587488033254,2020,['Computer e Prodotti Elettronici'],181611,87213,3,True
SU03038,FutureWorks S.R.L.,"Via Milano, 43",Lecco,45.864853029449314,9.378970506839337,2023,"['Cybersecurity', 'Robotica']",25776,275091,1,True
SU03039,SmartVision S.R.L.,"Via Brera, 19",Milano,45.475057620688105,9.182506381001684,2021,"['Automotive Tech', 'Aerospace']",10000,73446,6,True
SU03040,InnovaHub S.R.L.,"Via Manzoni, 18",Milano,45.43846942465165,9.211206176476667,2023,"['Marketing Digitale', 'Intelligenza Artificiale']",18003,54354,0,True
SU03041,TechLogic S.R.L.,"Via Montenapoleone, 15",Como,45.80094936852002,9.127085395140158,2021,['Cybersecurity'],55662,361702,6,False
SU03042,NanoEngine S.R.L.,"Via Brera, 17",Milano,45.47981588743259,9.177344629354277,2021,"['Energia Rinnovabile', 'Blockchain']",10000,958814,8,True
SU03043,CyberSystems S.R.L.,"Via Brera, 129",Milano,45.465228925385155,9.186286605323906,2020,"['Robotica', 'Marketing Digitale', 'Cleantech']",10000,88618,0,True
SU03044,NanoAnalytics S.R.L.,"Via Roma, 12",Milano,45.44035806275965,9.185158640578788,2024,"['Biotecnologie', 'Aerospace', 'Fabbricazione Macchinari']",10383,34344,6,True
SU03045,TechWorks S.R.L.,"Via Garibaldi, 96",Milano,45.474590771133826,9.207527901225916,2019,"['Robotica', 'IoT']",10000,40531,5,True
SU03046,SmartDynamics S.R.L.,"Via Garibaldi, 88",Milano,45.482071429184444,9.203646719146716,2022,"['E-commerce', 'Fintech', 'Robotica']",12322,198377,2,True
SU03047,NanoWorks S.R.L.,"Via Dante, 79",Como,45.80850604387277,9.095941720749444,2021,"['Robotica', 'Cybersecurity']",10000,90585,1,True
SU03048,CyberDynamics S.R.L.,"Via Brera, 144",Mantova,45.15667776767602,10.769833009262076,2022,"['Intelligenza Artificiale', 'Fintech', 'Automazione Industriale']",10000,764621,2,True
SU03049,DataWorks S.R.L.,"Via Garibaldi, 108",Milano,45.48893344771288,9.18564721945268,2024,"['Cybersecurity', 'Biotecnologie', 'Fintech']",48333,113131,3,True
SU03050,CyberSolutions S.R.L.,"Via Manzoni, 39",Milano,45.473147954148615,9.166523664713452,2020,"['Computer e Prodotti Elettronici', 'Salute Digitale']",11242,223304,3,True
SU03051,NanoHub S.R.L.,"Corso Buenos Aires, 37",Lodi,45.312708818125174,9.505194915039867,2023,['Automotive Tech'],26319,10322,4,True
SU03052,DataLab S.R.L.,"Via Manzoni, 125",Milano,45.4815751249471,9.183823654749098,2019,"['Ricerca e Sviluppo', 'IoT']",10000,13327,0,True
SU03053,FutureLogic S.R.L.,"Via Montenapoleone, 127",Bergamo,45.69010282325249,9.681248728948745,2021,"['Software & Consulenza Informatica', 'Computer e Prodotti Elettronici']",11402,17911,0,True
SU03054,TechLogic S.R.L.,"Via Brera, 133",Brescia,45.55728316887984,10.217080586742856,2020,['Blockchain'],21217,162939,30,True
SU03055,NanoEngine S.R.L.,"Via Roma, 29",Como,45.81696515590253,9.075260886628259,2023,['Ricerca e Sviluppo'],10000,8247,2,True
SU03056,CyberWorks S.R.L.,"Via Milano, 119",Milano,45.52139418599877,9.222793542770113,2020,['E-commerce'],17179,34170,3,True
SU03057,DigitalWorks S.R.L.,"Via Montenapoleone, 106",Milano,45.44043168184212,9.191665164199254,2024,"['E-commerce', 'Robotica']",196020,370568,3,True
SU03058,DigitalDynamics S.R.L.,"Via Milano, 127",Como,45.82938282506579,9.064757206924458,2023,['Salute Digitale'],10000,79500,7,True
SU03059,TechSolutions S.R.L.,"Via Garibaldi, 52",Milano,45.474201893691294,9.17476550412497,2021,"['Fintech', 'Energia Rinnovabile']",10000,388535,1,False
SU03060,DataSystems S.R.L.,"Via Garibaldi, 20",Brescia,45.54263937731549,10.225299296452683,2024,"['Automazione Industriale', 'Salute Digitale']",15747,24445,3,True
SU03061,BioDynamics S.R.L.,"Via Brera, 45",Milano,45.42607403681356,9.182671201758968,2022,"['Energia Rinnovabile', 'Salute Digitale', 'E-commerce']",59274,291089,10,True
SU03062,InnovaWorks S.R.L.,"Via Milano, 24",Milano,45.46924296823814,9.203885680733997,2021,"['Robotica', 'Cybersecurity']",11929,18691,2,True
SU03063,DigitalVision S.R.L.,"Via Montenapoleone, 69",Cremona,45.13503109324462,10.043510920736015,2024,['Robotica'],10000,116300,7,True
SU03064,BioWorks S.R.L.,"Corso Buenos Aires, 114",Sondrio,46.17685365387222,9.879992258144267,2020,['Biotecnologie'],10000,1074815,1,True
SU03065,GreenLab S.R.L.,"Via Montenapoleone, 98",Pavia,45.19901038356295,9.150724774173419,2022,"['Automazione Industriale', 'Blockchain']",17256,33590,0,True
SU03066,DigitalAnalytics S.R.L.,"Via Dante, 18",Milano,45.42704304518782,9.171494765378059,2022,"['Automotive Tech', 'Fintech']",39542,5000000,0,True
SU03067,TechVision S.R.L.,"Corso Buenos Aires, 127",Milano,45.43972570929006,9.17444616414446,2025,"['Blockchain', 'Energia Rinnovabile']",21953,543831,2,False
SU03068,FutureLab S.R.L.,"Via Dante, 137",Milano,45.46294569192363,9.209430240570368,2019,['Fintech'],126250,22805,7,False
SU03069,GreenLogic S.R.L.,"Via Manzoni, 106",Como,45.78899830565588,9.06029850085276,2021,['Ricerca e Sviluppo'],10000,14020,0,True
SU03070,GreenHub S.R.L.,"Corso Buenos Aires, 116",Milano,45.4187439350686,9.193720569857001,2022,['Marketing Digitale'],60664,716737,1,True
SU03071,InnovaSystems S.R.L.,"Via Garibaldi, 137",Milano,45.46175011765863,9.200132949583626,2022,['Automazione Industriale'],10000,135285,1,True
SU03072,InnovaLogic S.R.L.,"Via Dante, 139",Milano,45.4949880692482,9.203824865663604,2022,"['Fintech', 'Salute Digitale', 'Biotecnologie']",166502,79537,4,True
SU03073,InnovaDynamics S.R.L.,"Via Roma, 124",Milano,45.482148097574104,9.175224310091155,2025,['Salute Digitale'],13406,101265,1,True
SU03074,NanoEngine S.R.L.,"Via Dante, 53",Como,45.82653181356502,9.047869006667742,2023,"['Automazione Industriale', 'Ricerca e Sviluppo', 'Cybersecurity']",34653,17835,1,True
SU03075,NanoSystems S.R.L.,"Via Dante, 42",Milano,45.44322706185105,9.209693911661727,2021,"['Salute Digitale', 'Aerospace', 'Fintech']",12189,124330,4,True
SU03076,NanoDynamics S.R.L.,"Via Garibaldi, 7",Milano,45.45781790637795,9.193155895001466,2023,"['Software & Consulenza Informatica', 'Cleantech']",10000,177817,6,True
SU03077,BioDynamics S.R.L.,"Via Brera, 149",Milano,45.46118316181094,9.24345827199954,2019,"['Fabbricazione Macchinari', 'Automotive Tech']",48647,356244,2,True
SU03078,CyberDynamics S.R.L.,"Via Garibaldi, 75",Milano,45.49499895577519,9.210423621710362,2022,['Energia Rinnovabile'],41551,1055930,2,True
SU03079,SmartWorks S.R.L.,"Corso Buenos Aires, 84",Milano,45.52899461107066,9.197578228170936,2021,"['Energia Rinnovabile', 'Cleantech']",35600,49609,7,True
SU03080,InnovaHub S.R.L.,"Corso Buenos Aires, 1",Milano,45.409568812881005,9.182134828662058,2023,"['E-commerce', 'Aerospace']",169285,6792,0,True
SU03081,NanoHub S.R.L.,"Via Milano, 41",Sondrio,46.173822523024675,9.894741017144964,2025,['Automazione Industriale'],10000,113425,3,True
SU03082,TechDynamics S.R.L.,"Via Manzoni, 7",Milano,45.46711683651018,9.181616376352611,2022,"['Salute Digitale', 'Intelligenza Artificiale']",11371,313110,15,False
SU03083,NanoLab S.R.L.,"Via Montenapoleone, 139",Milano,45.47333362300805,9.166300070775323,2023,['Fabbricazione Macchinari'],10454,452550,1,True
SU03084,DigitalAnalytics S.R.L.,"Via Garibaldi, 86",Milano,45.4805495193525,9.220596495882956,2021,"['Computer e Prodotti Elettronici', 'Energia Rinnovabile', 'IoT']",31004,81200,7,True
SU03085,SmartWorks S.R.L.,"Via Milano, 98",Milano,45.43621716950539,9.170412094029425,2022,['Servizi di Informazione'],105649,3930671,1,True
SU03086,TechAnalytics S.R.L.,"Corso Buenos Aires, 120",Milano,45.43880859915542,9.196789020458803,2022,"['Fabbricazione Macchinari', 'Marketing Digitale']",22074,368997,9,True
SU03087,TechHub S.R.L.,"Via Manzoni, 78",Milano,45.45996727855621,9.162492634623298,2024,"['Servizi di Informazione', 'Ricerca e Sviluppo']",10000,3479,0,True
SU03088,GreenDynamics S.R.L.,"Via Manzoni, 108",Brescia,45.55149057825793,10.227536941998151,2025,"['Cleantech', 'Intelligenza Artificiale']",10000,24057,3,True
SU03089,BioVision S.R.L.,"Via Roma, 13",Bergamo,45.689568867113046,9.664210591277852,2024,['Cleantech'],10000,19957,0,True
SU03090,CyberLab S.R.L.,"Via Brera, 51",Bergamo,45.68772533044237,9.673038705868194,2022,"['Energia Rinnovabile', 'Blockchain', 'Fabbricazione Macchinari']",60201,156997,5,False
SU03091,SmartLab S.R.L.,"Via Manzoni, 83",Milano,45.48298680772854,9.2060677973766,2020,"['Biotecnologie', 'Fabbricazione Macchinari']",10000,252455,6,True
SU03092,DigitalVision S.R.L.,"Via Roma, 147",Milano,45.499062870605066,9.160411071662875,2020,"['Cleantech', 'E-commerce', 'IoT']",10000,14615,3,True
SU03093,DataVision S.R.L.,"Via Montenapoleone, 46",Milano,45.480472667739704,9.199114875984254,2024,"['Marketing Digitale', 'Servizi di Informazione', 'Cybersecurity']",10000,64555,2,True
SU03094,FutureLogic S.R.L.,"Via Brera, 75",Milano,45.47730861671964,9.18108868536916,2021,['Aerospace'],10000,138019,8,True
SU03095,SmartLogic S.R.L.,"Via Milano, 49",Milano,45.48119457777245,9.214555910561291,2021,"['Cleantech', 'Servizi di Informazione']",19423,54051,5,True
SU03096,DigitalWorks S.R.L.,"Via Milano, 62",Milano,45.47916871326943,9.183209506310185,2021,"['Biotecnologie', 'Automazione Industriale', 'Blockchain']",10000,26793,9,True
SU03097,NanoAnalytics S.R.L.,"Via Garibaldi, 131",Milano,45.46619378897172,9.195221847552377,2021,"['Fintech', 'Aerospace']",12443,317237,8,True
SU03098,DigitalAnalytics S.R.L.,"Via Roma, 10",Milano,45.45193038529341,9.177199989673577,2020,['Computer e Prodotti Elettronici'],14308,9109,5,False
SU03099,SmartVision S.R.L.,"Via Brera, 17",Milano,45.45581799660206,9.20688591553699,2023,"['Computer e Prodotti Elettronici', 'Software & Consulenza Informatica', 'E-commerce']",17660,66465,1,True
SU03100,DataLab S.R.L.,"Via Dante, 29",Milano,45.457992149697155,9.180749475099004,2019,"['IoT', 'Ricerca e Sviluppo']",10953,243114,2,True
SU03101,CyberHub S.R.L.,"Via Montenapoleone, 1",Cremona,45.14350545427325,10.04041762528009,2020,"['Robotica', 'Fintech', 'Automazione Industriale']",26514,64646,6,True
SU03102,FutureLogic S.R.L.,"Via Manzoni, 23",Pavia,45.179293359559395,9.169847978399758,2021,['Energia Rinnovabile'],17987,193821,6,True
SU03103,TechLab S.R.L.,"Via Garibaldi, 149",Milano,45.478723427263354,9.230736830438799,2021,['Salute Digitale'],75593,44081,4,False
SU03104,SmartLab S.R.L.,"Via Brera, 39",Milano,45.45421715943588,9.171179845076978,2020,['IoT'],27703,89523,1,True
SU03105,CyberEngine S.R.L.,"Via Milano, 19",Milano,45.47116550619637,9.225982127279288,2019,['Computer e Prodotti Elettronici'],10000,81395,3,True
SU03106,CyberSolutions S.R.L.,"Via Dante, 49",Milano,45.45746862022327,9.20364207865298,2021,"['Marketing Digitale', 'Salute Digitale']",10000,156476,3,True
SU03107,SmartLab S.R.L.,"Via Roma, 26",Bergamo,45.72362638111168,9.654020296400684,2024,"['Servizi di Informazione', 'Marketing Digitale']",15695,60023,1,True
SU03108,InnovaSystems S.R.L.,"Via Montenapoleone, 74",Brescia,45.55169672123377,10.197609086564361,2020,"['Servizi di Informazione', 'Salute Digitale']",21533,67975,4,True
SU03109,BioLogic S.R.L.,"Via Roma, 44",Milano,45.46035746809964,9.208505025191783,2020,['Cybersecurity'],10000,233834,2,True
SU03110,DataSystems S.R.L.,"Via Milano, 51",Brescia,45.54522114127643,10.200931225246448,2021,"['Computer e Prodotti Elettronici', 'Software & Consulenza Informatica']",147879,323382,3,True
SU03111,DataHub S.R.L.,"Corso Buenos Aires, 50",Brescia,45.509069047051035,10.215809379997463,2024,"['Aerospace', 'Computer e Prodotti Elettronici']",10000,296467,8,True
SU03112,FutureLogic S.R.L.,"Via Milano, 6",Milano,45.474274070345906,9.202507689077073,2024,"['Energia Rinnovabile', 'Fintech']",14107,20762,0,True
SU03113,FutureSolutions S.R.L.,"Via Roma, 149",Milano,45.44064245775239,9.169556752386667,2025,"['Cybersecurity', 'Software & Consulenza Informatica', 'Ricerca e Sviluppo']",10000,21005,2,True
SU03114,DataLab S.R.L.,"Via Milano, 105",Bergamo,45.730392894760904,9.688923293356225,2021,"['Ricerca e Sviluppo', 'Marketing Digitale', 'IoT']",10000,29140,5,True
SU03115,GreenWorks S.R.L.,"Corso Buenos Aires, 106",Milano,45.457877390889465,9.16041710904065,2024,['Marketing Digitale'],10000,218202,25,True
SU03116,BioSystems S.R.L.,"Via Roma, 38",Milano,45.447330669543355,9.235510640927862,2020,"['Fabbricazione Macchinari', 'Fintech']",40319,173147,1,True
SU03117,FutureSolutions S.R.L.,"Corso Buenos Aires, 48",Como,45.7948379627043,9.103447574088372,2024,"['Automazione Industriale', 'Aerospace']",15597,322842,1,True
SU03118,InnovaAnalytics S.R.L.,"Corso Buenos Aires, 20",Milano,45.424668319582096,9.207882284281077,2023,['Cybersecurity'],89283,15025,1,True
SU03119,BioHub S.R.L.,"Via Roma, 88",Brescia,45.54119796072481,10.207241895788345,2024,"['Software & Consulenza Informatica', 'Servizi di Informazione']",10000,82700,1,True
SU03120,NanoLab S.R.L.,"Via Garibaldi, 55",Como,45.816552514196985,9.067264323533557,2021,"['Biotecnologie', 'Automazione Industriale']",10995,115900,3,True
SU03121,NanoDynamics S.R.L.,"Via Milano, 45",Milano,45.46488451861928,9.217512312360817,2019,"['Automotive Tech', 'Fabbricazione Macchinari']",11999,30920,2,True
SU03122,BioAnalytics S.R.L.,"Via Manzoni, 74",Milano,45.46461146626249,9.204333279095321,2022,['Robotica'],10000,720065,4,True
SU03123,FutureHub S.R.L.,"Corso Buenos Aires, 136",Milano,45.48049011347952,9.152114892518744,2022,"['Biotecnologie', 'Blockchain']",14962,215655,3,True
SU03124,FutureSystems S.R.L.,"Via Dante, 61",Milano,45.44088468085942,9.182960881690445,2021,"['Servizi di Informazione', 'Computer e Prodotti Elettronici', 'Ricerca e Sviluppo']",29265,1435925,1,True
SU03125,CyberSolutions S.R.L.,"Via Garibaldi, 112",Milano,45.45614387798372,9.194320998343786,2024,['Intelligenza Artificiale'],10000,16664,2,True
SU03126,DigitalVision S.R.L.,"Via Montenapoleone, 86",Brescia,45.50918581329407,10.217295421937315,2019,"['Software & Consulenza Informatica', 'Marketing Digitale']",13440,133184,4,True
SU03127,SmartDynamics S.R.L.,"Via Brera, 134",Milano,45.44170487340078,9.181915974203694,2022,"['Cleantech', 'Marketing Digitale', 'E-commerce']",10000,1666828,1,True
SU03128,GreenWorks S.R.L.,"Corso Buenos Aires, 9",Como,45.829769152725525,9.080887908478369,2022,['Aerospace'],15650,116380,2,True
SU03129,DataAnalytics S.R.L.,"Via Manzoni, 130",Milano,45.46296685738067,9.18013934697009,2022,['E-commerce'],20288,134292,3,True
SU03130,GreenAnalytics S.R.L.,"Via Manzoni, 90",Milano,45.46215098550775,9.213463290757126,2019,['Blockchain'],10000,120225,1,True
SU03131,InnovaDynamics S.R.L.,"Via Garibaldi, 149",Cremona,45.14188020044623,10.02341664610184,2023,['Software & Consulenza Informatica'],17679,37929,3,True
SU03132,GreenWorks S.R.L.,"Via Brera, 30",Milano,45.439107065408045,9.193778982895736,2024,"['Energia Rinnovabile', 'Marketing Digitale']",10000,28342,9,True
SU03133,SmartEngine S.R.L.,"Via Dante, 23",Milano,45.45602819464308,9.197853800949494,2025,['Energia Rinnovabile'],20840,500782,2,True
SU03134,InnovaHub S.R.L.,"Corso Buenos Aires, 75",Milano,45.458487840089305,9.177868181902326,2025,"['Fintech', 'Cleantech']",45599,624051,1,True
SU03135,TechLab S.R.L.,"Corso Buenos Aires, 110",Bergamo,45.70279005900608,9.680583943539478,2025,['Cybersecurity'],10000,61776,6,True
SU03136,TechSystems S.R.L.,"Via Roma, 33",Milano,45.44529256182487,9.140760953524932,2024,"['Fintech', 'Automazione Industriale']",39540,241222,8,True
SU03137,InnovaAnalytics S.R.L.,"Via Garibaldi, 90",Milano,45.47286635928011,9.22108848677992,2024,['Fabbricazione Macchinari'],10000,36199,2,True
SU03138,DigitalWorks S.R.L.,"Via Brera, 127",Pavia,45.22361795934869,9.18899581219235,2022,"['Robotica', 'Automazione Industriale']",40655,162183,10,True
SU03139,InnovaHub S.R.L.,"Via Milano, 67",Milano,45.48042582737132,9.178132465194464,2020,"['Computer e Prodotti Elettronici', 'Salute Digitale']",10000,164362,6,True
SU03140,NanoLab S.R.L.,"Via Garibaldi, 15",Milano,45.46062824218672,9.201130426927753,2023,"['Cybersecurity', 'Energia Rinnovabile', 'Biotecnologie']",10000,102560,1,False
SU03141,DigitalSolutions S.R.L.,"Corso Buenos Aires, 90",Milano,45.47672035756111,9.218121672408405,2023,"['Blockchain', 'Fintech', 'Intelligenza Artificiale']",14862,176380,5,True
SU03142,BioDynamics S.R.L.,"Via Milano, 116",Pavia,45.14419326737623,9.173825902144536,2022,"['Biotecnologie', 'Automotive Tech']",97667,74315,2,False
SU03143,InnovaVision S.R.L.,"Corso Buenos Aires, 129",Milano,45.48013432152228,9.17988898752686,2023,"['Automotive Tech', 'Aerospace']",10000,5334,3,True
SU03144,GreenSystems S.R.L.,"Via Garibaldi, 24",Bergamo,45.7087585604155,9.687817710827167,2025,"['Aerospace', 'Computer e Prodotti Elettronici', 'Blockchain']",10000,195775,3,True
SU03145,DataLogic S.R.L.,"Via Dante, 47",Milano,45.46471923074089,9.160651571495112,2020,"['Fintech', 'IoT', 'Aerospace']",10000,42658,2,True
SU03146,NanoWorks S.R.L.,"Via Roma, 131",Cremona,45.132994566854926,10.026367078284764,2022,"['Automazione Industriale', 'Fintech']",16612,9296,5,True
SU03147,DigitalVision S.R.L.,"Via Milano, 122",Brescia,45.555781721425696,10.227850622463839,2024,"['Robotica', 'Blockchain']",10000,49220,1,True
SU03148,BioLogic S.R.L.,"Via Manzoni, 98",Milano,45.47227208830783,9.19623328241719,2021,"['Automotive Tech', 'Software & Consulenza Informatica']",10000,82934,0,True
SU03149,TechVision S.R.L.,"Via Dante, 108",Milano,45.46963317042524,9.203805807864027,2021,"['Intelligenza Artificiale', 'Energia Rinnovabile']",27302,665773,2,True
SU03150,TechVision S.R.L.,"Corso Buenos Aires, 84",Milano,45.454522386665666,9.184997473543648,2023,"['IoT', 'E-commerce', 'Ricerca e Sviluppo']",10000,218061,1,True
SU03151,FutureDynamics S.R.L.,"Via Roma, 63",Milano,45.45450453639861,9.21960953467921,2019,"['Cybersecurity', 'Aerospace', 'IoT']",59713,170446,20,True
SU03152,SmartEngine S.R.L.,"Via Garibaldi, 122",Bergamo,45.70791366599312,9.656218598118874,2021,"['Computer e Prodotti Elettronici', 'Ricerca e Sviluppo']",10890,62935,6,True
SU03153,GreenWorks S.R.L.,"Corso Buenos Aires, 39",Mantova,45.14551083800632,10.82451575771408,2023,"['Automotive Tech', 'Robotica']",39264,38600,1,True
SU03154,CyberWorks S.R.L.,"Via Garibaldi, 142",Milano,45.444553762543585,9.21532754738779,2024,['Aerospace'],41896,42274,1,True
SU03155,BioHub S.R.L.,"Via Garibaldi, 59",Milano,45.44598602459234,9.194036689042823,2019,"['Fintech', 'Biotecnologie']",23435,682230,3,True
SU03156,InnovaDynamics S.R.L.,"Via Manzoni, 139",Milano,45.46959975138913,9.177580570100453,2021,"['Cleantech', 'Salute Digitale']",25848,10512,1,True
SU03157,TechLab S.R.L.,"Via Brera, 35",Milano,45.49208098067076,9.176560674180763,2022,['Computer e Prodotti Elettronici'],16768,144067,4,True
SU03158,TechHub S.R.L.,"Via Montenapoleone, 81",Milano,45.45192487335937,9.207147393300389,2024,"['Salute Digitale', 'Aerospace', 'Marketing Digitale']",122173,94869,3,True
SU03159,FutureSolutions S.R.L.,"Via Dante, 83",Milano,45.47270908311592,9.226133214850666,2019,['Automotive Tech'],10086,78702,1,True
SU03160,SmartVision S.R.L.,"Via Garibaldi, 73",Bergamo,45.7204667032999,9.674486460475913,2022,"['Cleantech', 'E-commerce']",10000,286207,3,True
SU03161,BioVision S.R.L.,"Via Garibaldi, 58",Como,45.8166125519859,9.0749629482718,2025,['Blockchain'],10000,178321,5,True
SU03162,SmartDynamics S.R.L.,"Via Dante, 33",Sondrio,46.155244416555455,9.826314174645967,2022,"['Marketing Digitale', 'Fintech']",10000,44231,6,True
SU03163,InnovaAnalytics S.R.L.,"Via Montenapoleone, 75",Milano,45.447114069548604,9.225304397480231,2024,['Automotive Tech'],10000,335796,20,False
SU03164,DigitalWorks S.R.L.,"Via Roma, 123",Milano,45.484876011692876,9.1984067421917,2020,"['E-commerce', 'Salute Digitale']",13030,140835,1,True
SU03165,InnovaSystems S.R.L.,"Via Milano, 48",Bergamo,45.737956506505625,9.681344943767527,2024,"['E-commerce', 'Biotecnologie', 'Software & Consulenza Informatica']",10000,3951560,2,True
SU03166,GreenLab S.R.L.,"Via Garibaldi, 2",Bergamo,45.683692676865384,9.67290432481403,2022,"['Fabbricazione Macchinari', 'Computer e Prodotti Elettronici', 'Intelligenza Artificiale']",10000,1275612,3,True
SU03167,DataSystems S.R.L.,"Via Roma, 146",Bergamo,45.693397352696124,9.666961739823943,2022,['Salute Digitale'],196362,212027,1,True
SU03168,DataHub S.R.L.,"Via Brera, 60",Monza e della Brianza,45.58482879921074,9.318108647821362,2024,"['Ricerca e Sviluppo', 'Computer e Prodotti Elettronici', 'Marketing Digitale']",10000,327120,4,True
SU03169,TechLab S.R.L.,"Via Garibaldi, 139",Mantova,45.15668073774664,10.756614662116753,2020,"['Fabbricazione Macchinari', 'Ricerca e Sviluppo']",10000,607871,3,True
SU03170,FutureSolutions S.R.L.,"Via Brera, 18",Milano,45.46342420427363,9.182430181849956,2019,"['Cleantech', 'E-commerce']",33049,305388,0,True
SU03171,BioAnalytics S.R.L.,"Via Roma, 96",Milano,45.47061017785605,9.187700329206457,2020,['Servizi di Informazione'],11601,25107,1,True
SU03172,InnovaEngine S.R.L.,"Via Dante, 128",Milano,45.45984229186332,9.18970311791803,2023,"['Cybersecurity', 'Fintech']",193241,281598,9,True
SU03173,SmartHub S.R.L.,"Via Dante, 88",Milano,45.50272003197728,9.207213063311967,2020,"['Marketing Digitale', 'Fabbricazione Macchinari']",19682,67127,6,False
SU03174,CyberAnalytics S.R.L.,"Via Manzoni, 56",Milano,45.47067822757799,9.181387655815577,2020,['Biotecnologie'],283349,120526,9,True
SU03175,DigitalVision S.R.L.,"Via Garibaldi, 85",Milano,45.434221422182944,9.186405523079134,2024,"['Automazione Industriale', 'E-commerce', 'Software & Consulenza Informatica']",15236,9657,2,True
SU03176,SmartWorks S.R.L.,"Via Roma, 55",Mantova,45.17431665445029,10.78104522910933,2019,"['Software & Consulenza Informatica', 'Fabbricazione Macchinari', 'Intelligenza Artificiale']",24974,12236,10,True
SU03177,DigitalHub S.R.L.,"Via Montenapoleone, 59",Milano,45.469584190516386,9.17082896755134,2022,"['Blockchain', 'Automazione Industriale', 'Marketing Digitale']",24114,49359,1,True
SU03178,TechHub S.R.L.,"Corso Buenos Aires, 71",Milano,45.45991530932051,9.202363022586992,2021,"['Marketing Digitale', 'IoT']",10000,22653,5,True
SU03179,TechLogic S.R.L.,"Via Garibaldi, 18",Monza e della Brianza,45.58574433573777,9.283347282379468,2020,['Fabbricazione Macchinari'],10000,944986,5,True
SU03180,CyberWorks S.R.L.,"Via Milano, 103",Como,45.80273240965108,9.04943498375372,2019,"['Automotive Tech', 'Ricerca e Sviluppo', 'Aerospace']",10000,26933,3,False
SU03181,DigitalEngine S.R.L.,"Via Roma, 1",Como,45.79325486454798,9.094819543553172,2020,['Computer e Prodotti Elettronici'],10976,1688790,4,True
SU03182,DigitalVision S.R.L.,"Via Manzoni, 100",Brescia,45.52218759172743,10.231016160633535,2023,['Ricerca e Sviluppo'],285243,146718,1,True
SU03183,InnovaLab S.R.L.,"Via Milano, 105",Milano,45.489927436574455,9.227304267046042,2022,['Servizi di Informazione'],93068,224292,2,True
SU03184,DataVision S.R.L.,"Via Brera, 100",Milano,45.46303019904542,9.162944379834038,2019,"['Blockchain', 'IoT']",10000,505579,6,False
SU03185,BioVision S.R.L.,"Via Roma, 94",Como,45.814197833381144,9.065042872405101,2025,"['Computer e Prodotti Elettronici', 'Energia Rinnovabile', 'Automotive Tech']",27159,177342,2,True
SU03186,TechLab S.R.L.,"Via Roma, 105",Milano,45.46146648487741,9.193564343153225,2020,"['Computer e Prodotti Elettronici', 'Aerospace']",16602,370526,6,True
SU03187,CyberSolutions S.R.L.,"Via Montenapoleone, 94",Como,45.76958236208788,9.0695954280809,2025,['Blockchain'],10000,48366,1,True
SU03188,DataDynamics S.R.L.,"Via Milano, 62",Milano,45.468664809880096,9.210590247038231,2023,['Software & Consulenza Informatica'],10000,313557,3,True
SU03189,InnovaVision S.R.L.,"Via Manzoni, 104",Milano,45.4795349364792,9.183870479739625,2021,['Salute Digitale'],22316,1246544,2,True
SU03190,BioEngine S.R.L.,"Corso Buenos Aires, 15",Milano,45.476555647453,9.238769670656907,2021,"['Computer e Prodotti Elettronici', 'Fintech']",34817,48952,6,True
SU03191,NanoEngine S.R.L.,"Via Milano, 116",Milano,45.46933164464536,9.231433185865505,2022,['Automazione Industriale'],10000,190436,0,True
SU03192,BioDynamics S.R.L.,"Via Brera, 123",Pavia,45.18002507142435,9.200754533463215,2024,"['Automazione Industriale', 'Biotecnologie']",29101,339846,0,True
SU03193,InnovaSystems S.R.L.,"Via Dante, 94",Pavia,45.19839820665152,9.163818090767945,2024,['Computer e Prodotti Elettronici'],10000,648695,2,True
SU03194,BioLogic S.R.L.,"Via Roma, 101",Milano,45.4739142812484,9.213432441574282,2020,['Ricerca e Sviluppo'],10000,11144,3,True
SU03195,SmartSolutions S.R.L.,"Via Roma, 85",Milano,45.44481537610481,9.2075574188634,2022,['Blockchain'],40334,198983,1,True
SU03196,TechEngine S.R.L.,"Via Montenapoleone, 36",Bergamo,45.69968282005763,9.664608686642055,2024,"['Energia Rinnovabile', 'Aerospace']",28819,68117,1,False
SU03197,GreenSystems S.R.L.,"Via Brera, 78",Milano,45.483231161602276,9.176581905506671,2021,"['Computer e Prodotti Elettronici', 'Cleantech']",74195,158470,1,True
SU03198,GreenEngine S.R.L.,"Via Dante, 9",Brescia,45.53641822943464,10.256157959552041,2024,['Salute Digitale'],11127,247197,0,True
SU03199,SmartSolutions S.R.L.,"Via Manzoni, 16",Milano,45.39706398078801,9.177453207564005,2019,"['Blockchain', 'Computer e Prodotti Elettronici']",10000,40964,2,True
SU03200,InnovaEngine S.R.L.,"Via Dante, 90",Bergamo,45.68513502478549,9.664799220846835,2024,"['Salute Digitale', 'Fintech', 'Computer e Prodotti Elettronici']",10000,19873,0,True
SU03201,SmartEngine S.R.L.,"Via Dante, 123",Como,45.798848729348606,9.078605873641422,2025,"['Software & Consulenza Informatica', 'Aerospace']",17321,91855,2,True
SU03202,CyberDynamics S.R.L.,"Via Garibaldi, 5",Milano,45.476877742743504,9.189547669159062,2023,['Aerospace'],46128,6594,1,True
SU03203,SmartEngine S.R.L.,"Via Montenapoleone, 131",Milano,45.46307260260289,9.19087355703992,2021,"['Computer e Prodotti Elettronici', 'IoT']",10000,169793,3,True
SU03204,CyberEngine S.R.L.,"Via Dante, 50",Bergamo,45.71343621148159,9.690475308488843,2024,"['Fintech', 'Energia Rinnovabile', 'Salute Digitale']",25060,287242,2,True
SU03205,InnovaWorks S.R.L.,"Via Montenapoleone, 100",Milano,45.48592045728758,9.206624306421057,2022,['Fabbricazione Macchinari'],10000,1155992,0,True
SU03206,NanoVision S.R.L.,"Corso Buenos Aires, 5",Milano,45.46112072061373,9.186435046119133,2025,"['Software & Consulenza Informatica', 'Ricerca e Sviluppo']",16504,34731,0,True
SU03207,DataAnalytics S.R.L.,"Via Dante, 40",Milano,45.46459520947557,9.20494444734183,2021,['Robotica'],10000,579768,0,True
SU03208,FutureSystems S.R.L.,"Corso Buenos Aires, 13",Mantova,45.14888314018391,10.784341964698983,2022,['IoT'],10000,12117,1,True
SU03209,CyberSolutions S.R.L.,"Via Brera, 38",Milano,45.465218493347514,9.205830124254007,2023,['Salute Digitale'],10000,8774,0,True
SU03210,SmartHub S.R.L.,"Via Manzoni, 88",Bergamo,45.699192886969215,9.675968434355099,2019,['Cleantech'],10000,16600,1,True
SU03211,InnovaLab S.R.L.,"Via Milano, 124",Milano,45.44262225062492,9.15216148191218,2021,['Automotive Tech'],10000,194877,3,True
SU03212,FutureLab S.R.L.,"Via Garibaldi, 125",Milano,45.45658114100048,9.190542936622082,2021,"['Software & Consulenza Informatica', 'Cleantech', 'Servizi di Informazione']",10000,36777,6,True
SU03213,SmartLab S.R.L.,"Corso Buenos Aires, 54",Varese,45.82213992980616,8.79811930557447,2022,['Ricerca e Sviluppo'],10000,300301,1,True
SU03214,BioHub S.R.L.,"Via Milano, 11",Milano,45.47038734160185,9.212075040144839,2025,"['Ricerca e Sviluppo', 'IoT', 'Servizi di Informazione']",12173,23014,0,True
SU03215,InnovaAnalytics S.R.L.,"Corso Buenos Aires, 117",Bergamo,45.679953918515274,9.730812469218638,2024,"['E-commerce', 'Intelligenza Artificiale']",21494,118919,0,True
SU03216,GreenAnalytics S.R.L.,"Via Montenapoleone, 21",Bergamo,45.71172700519232,9.669430774717865,2020,['Salute Digitale'],11120,435391,5,True
SU03217,TechWorks S.R.L.,"Corso Buenos Aires, 49",Milano,45.45703846955447,9.184960463814603,2019,['Cybersecurity'],10000,269952,8,True
SU03218,FutureSolutions S.R.L.,"Via Milano, 63",Milano,45.44384841618033,9.182984521642586,2022,['Fabbricazione Macchinari'],86122,331567,1,True
SU03219,BioAnalytics S.R.L.,"Via Roma, 16",Milano,45.44799782435085,9.166846235717554,2023,['Salute Digitale'],10874,19319,3,True
SU03220,NanoSystems S.R.L.,"Via Manzoni, 101",Varese,45.81535121870982,8.837916111741785,2022,['Salute Digitale'],10000,283956,7,True
SU03221,DigitalEngine S.R.L.,"Corso Buenos Aires, 121",Brescia,45.508460469328085,10.205199882469595,2019,['Intelligenza Artificiale'],17837,17263,0,True
SU03222,InnovaWorks S.R.L.,"Via Garibaldi, 6",Milano,45.46700974990487,9.176055110275676,2019,"['Blockchain', 'Cybersecurity']",33033,132323,4,True
SU03223,BioVision S.R.L.,"Via Manzoni, 50",Como,45.781376710026166,9.092327493931833,2024,"['Biotecnologie', 'Automotive Tech']",110623,19537,6,True
SU03224,CyberSystems S.R.L.,"Via Milano, 118",Milano,45.487827087354646,9.1646637930767,2021,"['Software & Consulenza Informatica', 'Biotecnologie']",10000,174452,1,True
SU03225,CyberDynamics S.R.L.,"Via Montenapoleone, 125",Milano,45.48298999003975,9.214904406871458,2021,"['Automazione Industriale', 'Robotica', 'Cleantech']",47714,10476,5,True
SU03226,DataHub S.R.L.,"Via Manzoni, 47",Cremona,45.11567380356926,9.994691001769427,2019,['E-commerce'],10000,11369,0,True
SU03227,CyberSolutions S.R.L.,"Via Milano, 122",Milano,45.4459017412438,9.183078934289389,2022,['Fabbricazione Macchinari'],19385,17171,5,True
SU03228,FutureSolutions S.R.L.,"Via Montenapoleone, 75",Milano,45.465329414642575,9.20141879042009,2022,['Automazione Industriale'],10000,152195,0,True
SU03229,DataLab S.R.L.,"Via Roma, 132",Milano,45.46387978881243,9.20395641640232,2021,['Energia Rinnovabile'],10000,453995,5,True
SU03230,InnovaLogic S.R.L.,"Via Garibaldi, 3",Milano,45.456717748477,9.207785622663364,2020,"['Ricerca e Sviluppo', 'Servizi di Informazione']",16682,548348,2,True
SU03231,CyberLab S.R.L.,"Via Dante, 60",Milano,45.47009026534463,9.212908878445953,2023,['Fintech'],21146,3125,3,True
SU03232,InnovaEngine S.R.L.,"Via Milano, 1",Milano,45.51126996127164,9.167386075932125,2019,['Cleantech'],10000,12874,2,True
SU03233,DigitalHub S.R.L.,"Via Manzoni, 140",Milano,45.49055917391104,9.224059521510107,2023,['Computer e Prodotti Elettronici'],10000,12640,2,True
SU03234,FutureDynamics S.R.L.,"Via Brera, 62",Milano,45.48478900150764,9.192926413280773,2020,"['Biotecnologie', 'Automotive Tech']",10000,988930,0,True
SU03235,DigitalDynamics S.R.L.,"Via Garibaldi, 3",Milano,45.48318758617666,9.210845743847027,2023,"['Marketing Digitale', 'Automotive Tech']",10000,199956,2,True
SU03236,SmartHub S.R.L.,"Corso Buenos Aires, 117",Brescia,45.55940914190154,10.240298610513376,2022,"['Computer e Prodotti Elettronici', 'Blockchain']",18576,275542,7,True
SU03237,FutureLab S.R.L.,"Via Brera, 133",Como,45.80745140515255,9.070730205673561,2023,"['Ricerca e Sviluppo', 'Cybersecurity']",108723,1003358,4,True
SU03238,GreenSolutions S.R.L.,"Via Montenapoleone, 61",Milano,45.45525898130535,9.190793800049713,2019,"['Fabbricazione Macchinari', 'Marketing Digitale']",31720,45859,4,True
SU03239,BioVision S.R.L.,"Via Montenapoleone, 120",Varese,45.81028294394525,8.826705433354812,2024,['Biotecnologie'],10000,126315,15,True
SU03240,DataLab S.R.L.,"Corso Buenos Aires, 78",Monza e della Brianza,45.557157305917976,9.24507138514686,2021,['Robotica'],30683,8560,6,True
SU03241,BioAnalytics S.R.L.,"Via Milano, 87",Milano,45.44182579222843,9.185554719646847,2022,['IoT'],10000,954460,2,True
SU03242,FutureAnalytics S.R.L.,"Via Roma, 148",Brescia,45.520440968288995,10.191040740661064,2021,"['IoT', 'Software & Consulenza Informatica']",10000,264096,1,True
SU03243,BioDynamics S.R.L.,"Via Roma, 123",Mantova,45.172733373570395,10.832101042771164,2022,"['Ricerca e Sviluppo', 'Servizi di Informazione']",22671,158984,8,True
SU03244,TechWorks S.R.L.,"Via Garibaldi, 16",Cremona,45.14461240076485,10.052651150836684,2022,"['Cleantech', 'Servizi di Informazione']",58482,1026193,4,True
SU03245,SmartSystems S.R.L.,"Via Garibaldi, 148",Milano,45.43883475328761,9.183704569485771,2022,"['Cybersecurity', 'IoT']",10000,768888,7,True
SU03246,GreenEngine S.R.L.,"Via Milano, 134",Milano,45.515688808252364,9.198267304806297,2021,"['Automazione Industriale', 'Fintech']",152749,824496,7,True
SU03247,GreenLogic S.R.L.,"Via Brera, 109",Milano,45.45572091491464,9.184689254323517,2024,"['IoT', 'Robotica', 'Biotecnologie']",10000,7157,3,True
SU03248,DataVision S.R.L.,"Via Roma, 12",Mantova,45.17687001454788,10.798657031223295,2021,['Automazione Industriale'],167706,329505,8,True
SU03249,DigitalVision S.R.L.,"Via Montenapoleone, 130",Como,45.84461822282491,9.114568759599411,2025,"['Ricerca e Sviluppo', 'Blockchain', 'Fintech']",17973,18081,1,True
SU03250,InnovaLab S.R.L.,"Via Garibaldi, 102",Pavia,45.167959201250326,9.140926675093208,2020,"['Marketing Digitale', 'Ricerca e Sviluppo']",11976,251763,1,True
SU03251,BioEngine S.R.L.,"Via Manzoni, 146",Milano,45.47098250836925,9.155138298373064,2020,['Fabbricazione Macchinari'],48060,2275463,3,True
SU03252,NanoAnalytics S.R.L.,"Via Manzoni, 120",Como,45.77246072245587,9.073977736808864,2024,"['Ricerca e Sviluppo', 'Robotica']",109528,40158,49,True
SU03253,SmartVision S.R.L.,"Via Roma, 37",Milano,45.43607870842174,9.175480174555902,2020,['Automotive Tech'],35834,94098,3,True
SU03254,CyberHub S.R.L.,"Via Manzoni, 36",Brescia,45.52561756015036,10.220182893266612,2020,"['E-commerce', 'Fintech']",25480,52661,1,False
SU03255,InnovaLogic S.R.L.,"Via Montenapoleone, 13",Milano,45.480384177954605,9.186709291621467,2023,"['Software & Consulenza Informatica', 'Robotica']",10000,103360,15,True
SU03256,GreenWorks S.R.L.,"Via Milano, 101",Pavia,45.20295163902422,9.15124448336301,2020,['Biotecnologie'],10000,279612,3,True
SU03257,TechHub S.R.L.,"Via Manzoni, 110",Milano,45.44200431642574,9.203824120327692,2019,"['Robotica', 'Intelligenza Artificiale']",128899,187533,0,True
SU03258,CyberLab S.R.L.,"Via Dante, 27",Cremona,45.123849113720695,10.035701951895318,2021,"['Aerospace', 'Computer e Prodotti Elettronici']",10000,189192,3,True
SU03259,DataHub S.R.L.,"Via Montenapoleone, 35",Milano,45.48592962294159,9.172119207897733,2024,['Ricerca e Sviluppo'],11756,824455,0,True
SU03260,TechDynamics S.R.L.,"Via Roma, 132",Monza e della Brianza,45.56096926218237,9.30142359009913,2022,['Energia Rinnovabile'],91869,25373,4,True
SU03261,InnovaVision S.R.L.,"Via Brera, 39",Milano,45.478405712127206,9.19267229591264,2024,"['Intelligenza Artificiale', 'Computer e Prodotti Elettronici']",50265,60535,5,True
SU03262,DataAnalytics S.R.L.,"Via Dante, 121",Como,45.88009756205724,9.12129839327605,2020,"['Automazione Industriale', 'Marketing Digitale', 'Blockchain']",10000,84416,0,False
SU03263,FutureEngine S.R.L.,"Corso Buenos Aires, 83",Milano,45.45415264150262,9.209012541346581,2022,"['Cleantech', 'IoT']",10150,9211,5,True
SU03264,SmartDynamics S.R.L.,"Via Montenapoleone, 143",Pavia,45.20255035909913,9.155613816411774,2022,"['Salute Digitale', 'Biotecnologie']",21530,69878,2,True
SU03265,NanoEngine S.R.L.,"Via Montenapoleone, 70",Brescia,45.5329391564622,10.193994482004369,2022,"['Intelligenza Artificiale', 'Automazione Industriale']",68348,315759,1,True
SU03266,BioHub S.R.L.,"Via Dante, 144",Como,45.807976336054615,9.066695333357057,2024,['Aerospace'],28551,22317,3,True
SU03267,NanoWorks S.R.L.,"Via Montenapoleone, 86",Milano,45.443431452762255,9.197135577449759,2020,"['Cybersecurity', 'Robotica', 'Biotecnologie']",10000,459713,8,False
SU03268,TechVision S.R.L.,"Via Dante, 73",Varese,45.8134672282967,8.801568367547693,2021,"['Automotive Tech', 'Salute Digitale']",397116,1650615,3,True
SU03269,BioDynamics S.R.L.,"Via Garibaldi, 27",Milano,45.49108910288644,9.164669200259523,2022,['Robotica'],16540,523372,5,True
SU03270,SmartLogic S.R.L.,"Via Manzoni, 95",Milano,45.46729440410671,9.220478711577666,2023,['Blockchain'],103175,131337,2,True
SU03271,CyberHub S.R.L.,"Corso Buenos Aires, 73",Como,45.81619123289899,9.123955360781329,2021,"['Intelligenza Artificiale', 'Automotive Tech']",43373,329805,0,True
SU03272,DataSolutions S.R.L.,"Via Milano, 99",Pavia,45.1980868623257,9.140166005764131,2020,['Computer e Prodotti Elettronici'],12400,542384,2,True
SU03273,CyberDynamics S.R.L.,"Via Montenapoleone, 14",Milano,45.46274658680064,9.217535786178866,2021,['Computer e Prodotti Elettronici'],28403,20459,1,True
SU03274,SmartEngine S.R.L.,"Corso Buenos Aires, 147",Como,45.76867622463405,9.07259517198524,2021,"['Fintech', 'Cybersecurity']",10000,49554,5,True
SU03275,NanoDynamics S.R.L.,"Via Milano, 7",Milano,45.43052876305473,9.191035002719772,2019,['Fintech'],10000,65441,49,True
SU03276,CyberLab S.R.L.,"Corso Buenos Aires, 126",Brescia,45.55347132676364,10.167683299181844,2023,"['Servizi di Informazione', 'Fintech']",29215,168095,0,True
SU03277,NanoSolutions S.R.L.,"Via Manzoni, 50",Milano,45.452432473797394,9.176722677520495,2022,"['Cybersecurity', 'Intelligenza Artificiale']",10000,215416,25,True
SU03278,GreenAnalytics S.R.L.,"Via Garibaldi, 133",Bergamo,45.68426868764676,9.684323061452668,2021,['E-commerce'],10000,37138,2,True
SU03279,FutureAnalytics S.R.L.,"Corso Buenos Aires, 107",Milano,45.48341793780459,9.141105071990786,2023,"['Robotica', 'Fabbricazione Macchinari', 'Cleantech']",10000,2129,3,True
SU03280,SmartEngine S.R.L.,"Via Manzoni, 146",Cremona,45.15883653604902,10.007251135501772,2024,"['IoT', 'Salute Digitale']",10000,79716,6,True
SU03281,FutureEngine S.R.L.,"Via Brera, 93",Milano,45.459537506113875,9.20716743482834,2019,"['Marketing Digitale', 'IoT']",10000,299281,5,True
SU03282,FutureSystems S.R.L.,"Via Montenapoleone, 39",Milano,45.45586861908518,9.183178161478997,2023,['Fintech'],10333,116352,5,True
SU03283,DigitalVision S.R.L.,"Via Manzoni, 107",Bergamo,45.68447599757076,9.68514925200577,2022,"['Intelligenza Artificiale', 'Robotica']",17989,225351,1,True
SU03284,CyberDynamics S.R.L.,"Via Garibaldi, 127",Milano,45.48170384099537,9.198930606478664,2024,"['Automotive Tech', 'Cybersecurity']",15195,4725,3,True
SU03285,DigitalLogic S.R.L.,"Via Manzoni, 144",Milano,45.45451426740777,9.212001516554873,2022,['Computer e Prodotti Elettronici'],10000,82372,3,True
SU03286,GreenWorks S.R.L.,"Via Garibaldi, 55",Milano,45.43324756888564,9.17522430040396,2022,['Cleantech'],10000,147652,5,True
SU03287,DigitalSolutions S.R.L.,"Via Montenapoleone, 70",Milano,45.437690517995954,9.159380208660679,2021,['Energia Rinnovabile'],10000,6480,4,True
SU03288,SmartAnalytics S.R.L.,"Via Dante, 61",Milano,45.47412258329309,9.200497656860247,2020,"['Cleantech', 'Biotecnologie', 'Fintech']",10000,573198,1,True
SU03289,SmartVision S.R.L.,"Via Milano, 62",Milano,45.457621570299835,9.161406804286557,2021,"['Biotecnologie', 'Energia Rinnovabile']",28495,93915,5,True
SU03290,CyberSystems S.R.L.,"Via Dante, 79",Cremona,45.132200188339795,10.023276541795061,2020,"['Servizi di Informazione', 'Computer e Prodotti Elettronici', 'Biotecnologie']",10000,16919,1,False
SU03291,GreenLab S.R.L.,"Corso Buenos Aires, 144",Brescia,45.54151854524111,10.190878909973092,2023,['Servizi di Informazione'],39751,315895,0,False
SU03292,DataLab S.R.L.,"Via Roma, 101",Como,45.81702796903332,9.086310109381088,2021,['Blockchain'],12515,350219,2,False
SU03293,GreenAnalytics S.R.L.,"Via Milano, 124",Milano,45.4732097676071,9.167853187398284,2021,"['Robotica', 'Fintech']",34995,16150,0,True
SU03294,NanoSystems S.R.L.,"Via Garibaldi, 119",Lodi,45.28840358271345,9.52761991150212,2021,['Automazione Industriale'],16130,43145,1,True
SU03295,InnovaSolutions S.R.L.,"Via Roma, 61",Milano,45.469495147471136,9.208010469475935,2020,"['Servizi di Informazione', 'Robotica']",10000,338503,2,True
SU03296,TechLogic S.R.L.,"Via Roma, 71",Brescia,45.5099438707789,10.228219207821498,2024,['Cybersecurity'],10000,159721,5,True
SU03297,GreenLab S.R.L.,"Via Dante, 18",Pavia,45.17106755867064,9.156113225617199,2023,"['Fintech', 'Computer e Prodotti Elettronici']",10000,12843,25,True
SU03298,NanoHub S.R.L.,"Via Brera, 92",Milano,45.456972447787216,9.169242519732569,2024,"['Software & Consulenza Informatica', 'Biotecnologie', 'Fintech']",10000,137444,2,True
SU03299,GreenLogic S.R.L.,"Via Dante, 23",Milano,45.52217831846898,9.176771640890218,2024,"['Biotecnologie', 'E-commerce']",10000,199446,4,True
SU03300,NanoSystems S.R.L.,"Corso Buenos Aires, 69",Milano,45.4546573041462,9.174167285169283,2022,"['Marketing Digitale', 'Robotica', 'Automazione Industriale']",10000,43285,5,True
SU03301,InnovaLab S.R.L.,"Corso Buenos Aires, 89",Milano,45.47905972123091,9.20441798730828,2022,['Computer e Prodotti Elettronici'],11825,92979,2,True
SU03302,InnovaVision S.R.L.,"Via Garibaldi, 110",Milano,45.45901684253338,9.231019708290825,2022,"['Computer e Prodotti Elettronici', 'Cleantech', 'IoT']",10466,1370262,6,True
SU03303,FutureSystems S.R.L.,"Via Manzoni, 8",Milano,45.49179582504297,9.201418736928023,2024,"['Cybersecurity', 'Biotecnologie']",11117,3680,5,True
SU03304,DigitalEngine S.R.L.,"Via Brera, 38",Mantova,45.17142570830685,10.794164778847769,2019,"['Aerospace', 'E-commerce', 'Fabbricazione Macchinari']",10000,79045,0,True
SU03305,SmartVision S.R.L.,"Via Montenapoleone, 94",Milano,45.456745650285164,9.177030513577883,2022,"['Automotive Tech', 'Automazione Industriale', 'Ricerca e Sviluppo']",10000,45701,2,True
SU03306,TechVision S.R.L.,"Via Roma, 66",Milano,45.4771894999669,9.195371734685544,2021,"['Intelligenza Artificiale', 'Marketing Digitale']",10000,1132207,0,True
SU03307,DataHub S.R.L.,"Via Dante, 91",Milano,45.44868970068686,9.200199326559154,2022,['Cybersecurity'],10000,153146,1,True
SU03308,BioLab S.R.L.,"Via Roma, 114",Milano,45.49387446972458,9.189016228915461,2024,"['Marketing Digitale', 'Intelligenza Artificiale']",12322,102376,9,True
SU03309,FutureVision S.R.L.,"Via Montenapoleone, 124",Milano,45.4709536988742,9.195577396528174,2021,['Salute Digitale'],10000,249533,2,True
SU03310,GreenLab S.R.L.,"Via Montenapoleone, 121",Milano,45.455647433309984,9.184601515823847,2024,"['Ricerca e Sviluppo', 'Blockchain', 'Automotive Tech']",10000,473426,3,True
SU03311,BioVision S.R.L.,"Via Montenapoleone, 120",Milano,45.45231384641578,9.170766044884223,2021,"['Salute Digitale', 'Intelligenza Artificiale', 'Biotecnologie']",10000,269103,3,True
SU03312,DigitalVision S.R.L.,"Via Milano, 91",Brescia,45.53864583996313,10.201048333497521,2021,"['Intelligenza Artificiale', 'Salute Digitale']",14187,40127,2,True
SU03313,FutureLab S.R.L.,"Corso Buenos Aires, 131",Milano,45.48706929097967,9.17414728982299,2022,['Fabbricazione Macchinari'],26111,159027,6,False
SU03314,NanoLogic S.R.L.,"Corso Buenos Aires, 100",Lecco,45.86310253538775,9.399052555738985,2021,"['Energia Rinnovabile', 'Ricerca e Sviluppo']",10000,40985,4,True
SU03315,InnovaVision S.R.L.,"Via Roma, 2",Milano,45.48393234690014,9.218473733814621,2023,['Servizi di Informazione'],96625,9032,7,True
SU03316,TechSystems S.R.L.,"Via Dante, 30",Milano,45.4717058597868,9.182767178301525,2023,['Energia Rinnovabile'],95906,395124,0,True
SU03317,BioLab S.R.L.,"Via Manzoni, 71",Bergamo,45.709500285169284,9.67264776019896,2021,['Intelligenza Artificiale'],12555,45623,2,True
SU03318,TechLab S.R.L.,"Via Milano, 78",Milano,45.48000387198058,9.206884672003087,2021,"['Marketing Digitale', 'IoT']",10000,35450,0,True
SU03319,DigitalSolutions S.R.L.,"Via Roma, 128",Brescia,45.51367481189542,10.209845458218217,2022,"['Software & Consulenza Informatica', 'Fabbricazione Macchinari']",37671,43764,6,False
SU03320,TechHub S.R.L.,"Via Brera, 40",Milano,45.438010739717065,9.201686163751493,2020,"['Automazione Industriale', 'Marketing Digitale']",10000,115852,1,True
SU03321,GreenLab S.R.L.,"Via Dante, 35",Milano,45.48331344782492,9.208626943240942,2025,['Software & Consulenza Informatica'],39839,166628,2,True
SU03322,SmartWorks S.R.L.,"Via Milano, 22",Milano,45.42940526347371,9.191511823297747,2024,['Software & Consulenza Informatica'],47124,85675,4,True
SU03323,BioEngine S.R.L.,"Via Montenapoleone, 34",Milano,45.46103145892534,9.204531120663004,2021,"['Cybersecurity', 'Cleantech', 'Fabbricazione Macchinari']",37755,235865,9,True
SU03324,TechSolutions S.R.L.,"Via Dante, 38",Lecco,45.83824667161152,9.387313004075741,2024,['Servizi di Informazione'],10000,1971,0,True
SU03325,DataHub S.R.L.,"Via Garibaldi, 37",Milano,45.47373883341441,9.218341659658343,2021,['Cleantech'],10000,9095,0,True
SU03326,InnovaLab S.R.L.,"Via Roma, 107",Milano,45.46553349108977,9.212662943598819,2024,"['Salute Digitale', 'Aerospace', 'E-commerce']",10000,147249,8,True
SU03327,InnovaSolutions S.R.L.,"Via Roma, 44",Milano,45.448294999687114,9.20574148408013,2024,"['Aerospace', 'Cleantech']",48552,13809,1,True
SU03328,DigitalLab S.R.L.,"Via Garibaldi, 141",Milano,45.46341029325748,9.198026286247293,2020,['Blockchain'],10000,110854,1,True
SU03329,CyberLab S.R.L.,"Corso Buenos Aires, 81",Brescia,45.55202711487349,10.1979759730122,2024,['Automotive Tech'],94939,68941,1,True
SU03330,GreenDynamics S.R.L.,"Via Montenapoleone, 46",Milano,45.47684337297439,9.188943996913705,2020,"['Cybersecurity', 'Servizi di Informazione']",10000,286723,7,True
SU03331,FutureLogic S.R.L.,"Via Brera, 62",Milano,45.444588197864434,9.181777036293344,2024,['Marketing Digitale'],10000,126766,15,True
SU03332,SmartVision S.R.L.,"Via Milano, 36",Lecco,45.88246419490261,9.39900460450519,2020,"['Intelligenza Artificiale', 'Blockchain']",10000,297238,3,False
SU03333,TechAnalytics S.R.L.,"Corso Buenos Aires, 41",Milano,45.46852153402202,9.17449439154911,2021,"['Automazione Industriale', 'Blockchain']",23986,81458,4,True
SU03334,DigitalDynamics S.R.L.,"Via Milano, 106",Cremona,45.14547209772038,10.0225179887197,2024,"['IoT', 'Cleantech', 'Salute Digitale']",69637,40905,1,True
SU03335,GreenDynamics S.R.L.,"Via Manzoni, 82",Milano,45.46380826987894,9.238822068450869,2021,['Energia Rinnovabile'],10000,189943,2,True
SU03336,NanoEngine S.R.L.,"Via Montenapoleone, 62",Pavia,45.15656679641301,9.179746025549592,2023,"['Fintech', 'Automazione Industriale', 'Intelligenza Artificiale']",10000,87302,10,True
SU03337,DigitalEngine S.R.L.,"Via Roma, 12",Milano,45.44925053735263,9.20263977494597,2024,"['Salute Digitale', 'Intelligenza Artificiale', 'Software & Consulenza Informatica']",16160,650988,3,False
SU03338,InnovaEngine S.R.L.,"Via Brera, 100",Milano,45.44046875102084,9.207940794108673,2022,"['Automotive Tech', 'Automazione Industriale', 'Blockchain']",85622,255416,2,True
SU03339,CyberAnalytics S.R.L.,"Via Garibaldi, 65",Milano,45.438982360380955,9.18170670032611,2023,['Fabbricazione Macchinari'],22545,124225,5,True
SU03340,TechDynamics S.R.L.,"Via Milano, 146",Milano,45.46205495222105,9.198518807556633,2023,"['IoT', 'Salute Digitale']",10000,149533,4,True
SU03341,CyberEngine S.R.L.,"Via Roma, 109",Milano,45.44364827621656,9.183010220164254,2023,"['Cleantech', 'Automotive Tech']",28086,22028,5,True
SU03342,DataEngine S.R.L.,"Via Brera, 27",Milano,45.45055007346446,9.187480719760401,2024,['Energia Rinnovabile'],10000,1510871,1,True
SU03343,GreenLab S.R.L.,"Via Milano, 78",Como,45.797669192919116,9.083428504501011,2019,['Cybersecurity'],16708,76200,1,True
SU03344,TechSolutions S.R.L.,"Via Dante, 108",Milano,45.450864448097455,9.18979567923529,2019,['Blockchain'],13773,111108,1,True
SU03345,SmartLab S.R.L.,"Via Milano, 113",Como,45.81883572045447,9.108686624229287,2022,"['Fabbricazione Macchinari', 'Ricerca e Sviluppo', 'Robotica']",10000,94714,1,True
SU03346,GreenEngine S.R.L.,"Via Montenapoleone, 57",Mantova,45.16427082574313,10.802842046276304,2020,"['Aerospace', 'Automotive Tech']",10000,109023,2,True
SU03347,CyberWorks S.R.L.,"Via Montenapoleone, 18",Milano,45.49880802427361,9.195123252972113,2022,['Energia Rinnovabile'],15598,406914,0,True
SU03348,BioSolutions S.R.L.,"Via Manzoni, 96",Milano,45.489284950760776,9.176821883614137,2020,['Blockchain'],24007,242972,3,True
SU03349,DigitalAnalytics S.R.L.,"Corso Buenos Aires, 72",Milano,45.46451969624202,9.212474770972843,2021,"['Energia Rinnovabile', 'Aerospace', 'Cybersecurity']",13441,1408934,2,True
SU03350,CyberEngine S.R.L.,"Via Manzoni, 87",Milano,45.480388066843915,9.192454443701791,2022,"['Automotive Tech', 'Intelligenza Artificiale', 'Robotica']",10000,74573,0,True
SU03351,DataAnalytics S.R.L.,"Via Montenapoleone, 133",Milano,45.46214780575892,9.175368194405392,2022,['Cleantech'],10841,57885,0,True
SU03352,DigitalLogic S.R.L.,"Corso Buenos Aires, 79",Milano,45.456199778164326,9.138294729128527,2022,['Robotica'],40327,5202,0,True
SU03353,CyberAnalytics S.R.L.,"Via Milano, 92",Milano,45.42685030349849,9.205582178570292,2020,['Cybersecurity'],10000,240675,0,False
SU03354,GreenHub S.R.L.,"Via Manzoni, 33",Lecco,45.825454720152194,9.41956121200206,2021,"['E-commerce', 'Fintech']",10000,149291,1,True
SU03355,InnovaLab S.R.L.,"Via Milano, 146",Milano,45.445607472422516,9.201742260252857,2023,['Servizi di Informazione'],10000,63069,4,True
SU03356,DataEngine S.R.L.,"Via Roma, 20",Brescia,45.523585515694144,10.22395386559045,2023,"['Computer e Prodotti Elettronici', 'Energia Rinnovabile', 'Salute Digitale']",10000,76550,0,True
SU03357,NanoVision S.R.L.,"Via Milano, 58",Milano,45.456190699934126,9.20655254212376,2022,"['E-commerce', 'Salute Digitale']",10000,51946,0,True
SU03358,TechLogic S.R.L.,"Via Dante, 103",Milano,45.458926650055766,9.22096195855038,2024,"['Robotica', 'Cleantech', 'Cybersecurity']",16547,13182,15,True
SU03359,CyberLab S.R.L.,"Via Dante, 34",Milano,45.47585167705346,9.215830894516793,2019,"['E-commerce', 'Marketing Digitale']",86275,50377,3,True
SU03360,TechSolutions S.R.L.,"Via Brera, 90",Milano,45.44913493295246,9.206387211250055,2020,"['Marketing Digitale', 'Fabbricazione Macchinari']",10000,681088,1,True
SU03361,InnovaLab S.R.L.,"Via Dante, 62",Milano,45.45219608656461,9.20596323287525,2022,"['Automazione Industriale', 'Robotica']",11902,109855,5,True
SU03362,CyberLab S.R.L.,"Via Manzoni, 21",Milano,45.4340309165948,9.199933050741514,2020,"['Aerospace', 'Software & Consulenza Informatica']",130776,27032,1,True
SU03363,DigitalEngine S.R.L.,"Via Manzoni, 9",Milano,45.4545615477103,9.167845124713482,2020,"['Cleantech', 'Intelligenza Artificiale']",10000,74384,3,True
SU03364,DigitalLab S.R.L.,"Via Manzoni, 119",Como,45.801283746573326,9.115205695258187,2022,"['Fabbricazione Macchinari', 'Intelligenza Artificiale', 'E-commerce']",15362,42535,2,True
SU03365,InnovaEngine S.R.L.,"Via Montenapoleone, 67",Milano,45.47494950448983,9.22010789420018,2019,['Energia Rinnovabile'],39303,237516,0,True
SU03366,DigitalHub S.R.L.,"Via Garibaldi, 30",Milano,45.460775253046656,9.21785710888374,2024,['Blockchain'],10000,50166,1,True
SU03367,DigitalSolutions S.R.L.,"Via Brera, 24",Milano,45.495875218629855,9.18128995726492,2025,"['Cybersecurity', 'Marketing Digitale']",17338,27776,6,True
SU03368,DigitalAnalytics S.R.L.,"Corso Buenos Aires, 15",Milano,45.45098485592943,9.169007939530967,2019,"['Energia Rinnovabile', 'Fintech']",27265,922812,1,True
SU03369,GreenWorks S.R.L.,"Via Garibaldi, 33",Milano,45.422585739951444,9.190712338679322,2022,['Blockchain'],10000,190181,2,True
SU03370,DataDynamics S.R.L.,"Via Milano, 27",Milano,45.50044258187576,9.154555246657658,2021,"['Automazione Industriale', 'Robotica']",10000,3309123,1,True
SU03371,BioEngine S.R.L.,"Via Garibaldi, 46",Milano,45.488627106233814,9.189410138987089,2024,"['Automazione Industriale', 'Blockchain']",10490,16274,1,True
SU03372,SmartWorks S.R.L.,"Via Garibaldi, 42",Milano,45.45196976668273,9.208962315397912,2024,"['Energia Rinnovabile', 'Aerospace']",10000,55565,5,True
SU03373,InnovaDynamics S.R.L.,"Corso Buenos Aires, 34",Brescia,45.54331440392355,10.217216864961264,2022,"['Automazione Industriale', 'IoT']",10000,6779,4,False
SU03374,GreenLab S.R.L.,"Via Milano, 57",Milano,45.511254303107386,9.186708857364795,2025,"['Biotecnologie', 'Marketing Digitale']",14453,1466157,0,True
SU03375,CyberHub S.R.L.,"Via Manzoni, 104",Cremona,45.17281633079674,10.023574337991764,2020,['Salute Digitale'],12619,68993,2,True
SU03376,BioLogic S.R.L.,"Via Manzoni, 92",Milano,45.507951275131084,9.179535664035702,2022,"['Biotecnologie', 'Fintech', 'Aerospace']",10068,114556,1,True
SU03377,GreenAnalytics S.R.L.,"Via Montenapoleone, 102",Milano,45.46622463010751,9.202937033420142,2022,['IoT'],68230,38580,10,True
SU03378,InnovaEngine S.R.L.,"Via Brera, 90",Milano,45.478326785973756,9.215425833189164,2020,"['Fabbricazione Macchinari', 'IoT']",15408,23049,1,True
SU03379,GreenAnalytics S.R.L.,"Via Milano, 40",Pavia,45.20025059990372,9.105934082417493,2024,['Fintech'],10000,209694,7,True
SU03380,FutureSystems S.R.L.,"Via Roma, 129",Milano,45.48740750083642,9.138077851256762,2021,"['Software & Consulenza Informatica', 'Automazione Industriale']",10000,670864,1,True
SU03381,InnovaSolutions S.R.L.,"Via Montenapoleone, 36",Pavia,45.20878655103767,9.143245717624179,2020,"['Automazione Industriale', 'Intelligenza Artificiale']",18524,44090,3,True
SU03382,FutureDynamics S.R.L.,"Via Montenapoleone, 46",Milano,45.415439082849595,9.172987135733132,2025,['Software & Consulenza Informatica'],10000,32281,0,True
SU03383,InnovaAnalytics S.R.L.,"Via Montenapoleone, 136",Cremona,45.131454664249716,10.040230222252159,2021,"['Cleantech', 'Fintech']",52359,126527,10,True
SU03384,FutureWorks S.R.L.,"Via Dante, 44",Milano,45.45919265874497,9.216780399248808,2021,"['Robotica', 'Blockchain']",11857,23601,1,True
SU03385,DataDynamics S.R.L.,"Via Roma, 82",Brescia,45.53950805586897,10.212476207715936,2022,"['Blockchain', 'E-commerce']",10000,5435,10,True
SU03386,NanoHub S.R.L.,"Via Brera, 15",Milano,45.47530743005351,9.20827169018843,2021,"['Computer e Prodotti Elettronici', 'E-commerce']",11294,447189,4,True
SU03387,BioLogic S.R.L.,"Via Milano, 22",Mantova,45.18881650640373,10.795048387062845,2021,['Salute Digitale'],10000,104481,15,True
SU03388,DataEngine S.R.L.,"Via Manzoni, 83",Milano,45.449593351860834,9.189462717501634,2020,"['Ricerca e Sviluppo', 'Energia Rinnovabile', 'E-commerce']",32857,496777,1,True
SU03389,BioVision S.R.L.,"Via Dante, 57",Milano,45.48179320956978,9.215332741906073,2021,"['Salute Digitale', 'Software & Consulenza Informatica']",10000,45749,1,True
SU03390,InnovaHub S.R.L.,"Via Brera, 126",Milano,45.45844796263471,9.175299893125983,2020,['Ricerca e Sviluppo'],16266,1714509,8,True
SU03391,SmartVision S.R.L.,"Via Roma, 30",Brescia,45.52858446181037,10.260037197586438,2020,"['Biotecnologie', 'Salute Digitale', 'Blockchain']",10000,54041,5,True
SU03392,BioAnalytics S.R.L.,"Via Montenapoleone, 95",Milano,45.46510796625716,9.206380581936287,2022,"['E-commerce', 'Biotecnologie']",10000,570635,1,True
SU03393,CyberLab S.R.L.,"Via Roma, 129",Milano,45.4479598828532,9.193392873441184,2020,['Intelligenza Artificiale'],54168,444925,1,True
SU03394,SmartWorks S.R.L.,"Via Roma, 71",Milano,45.45784142135152,9.178955348835615,2021,"['Ricerca e Sviluppo', 'Fabbricazione Macchinari']",10000,125293,4,True
SU03395,BioHub S.R.L.,"Via Roma, 79",Como,45.79512124437216,9.111025386159348,2020,"['Cleantech', 'Biotecnologie', 'Marketing Digitale']",10000,91939,1,True
SU03396,DataLogic S.R.L.,"Via Manzoni, 84",Milano,45.4699259127789,9.179094980905523,2021,"['Software & Consulenza Informatica', 'Marketing Digitale']",10000,88663,4,True
SU03397,CyberVision S.R.L.,"Via Dante, 7",Milano,45.484995172364954,9.187947988017642,2019,"['Blockchain', 'IoT']",14055,109346,7,True
SU03398,DataSolutions S.R.L.,"Via Montenapoleone, 13",Milano,45.45084074205182,9.213232365906567,2021,['Automazione Industriale'],10000,110555,1,True
SU03399,TechVision S.R.L.,"Via Manzoni, 116",Milano,45.453137428703485,9.164245012111225,2025,['Biotecnologie'],44172,6624,0,True
SU03400,InnovaWorks S.R.L.,"Via Milano, 92",Milano,45.483348420791586,9.188092971199104,2021,"['IoT', 'Salute Digitale']",21613,188631,7,True
SU03401,FutureSolutions S.R.L.,"Via Manzoni, 48",Milano,45.467415459348096,9.192115999757915,2020,"['IoT', 'Software & Consulenza Informatica']",34948,62640,4,True
SU03402,SmartDynamics S.R.L.,"Via Milano, 88",Pavia,45.18960205920282,9.15659145400364,2024,['Blockchain'],53420,312058,2,True
SU03403,NanoWorks S.R.L.,"Corso Buenos Aires, 103",Milano,45.4440570972082,9.181073970570955,2023,['IoT'],53346,3046,2,True
SU03404,FutureEngine S.R.L.,"Via Dante, 22",Milano,45.458865993709566,9.188137244532719,2022,"['Fabbricazione Macchinari', 'Cybersecurity']",47123,56545,4,True
SU03405,CyberSystems S.R.L.,"Via Brera, 75",Milano,45.5117630894071,9.209875533584633,2022,['E-commerce'],10000,135858,0,True
SU03406,CyberSystems S.R.L.,"Via Milano, 143",Milano,45.44622526546551,9.193478051494665,2019,"['Cybersecurity', 'Servizi di Informazione']",54729,83590,1,False
SU03407,SmartDynamics S.R.L.,"Via Milano, 74",Milano,45.46761901464672,9.189601753585693,2021,"['Intelligenza Artificiale', 'E-commerce']",10000,81368,5,True
SU03408,NanoHub S.R.L.,"Via Milano, 100",Milano,45.48806183295164,9.207223569501886,2024,['Cleantech'],15502,2087518,1,True
SU03409,BioAnalytics S.R.L.,"Via Montenapoleone, 48",Milano,45.50658498756261,9.185030781020435,2021,"['Fabbricazione Macchinari', 'Cleantech', 'Automazione Industriale']",14513,55285,0,True
SU03410,DataSolutions S.R.L.,"Via Dante, 47",Brescia,45.54173383679528,10.204379380608856,2024,"['Servizi di Informazione', 'Cleantech', 'Blockchain']",10000,1298,4,True
SU03411,TechDynamics S.R.L.,"Via Montenapoleone, 87",Milano,45.49638338479639,9.221481041607154,2022,"['Blockchain', 'Ricerca e Sviluppo', 'Energia Rinnovabile']",23984,231396,1,True
SU03412,DigitalLogic S.R.L.,"Via Garibaldi, 53",Bergamo,45.7317832071467,9.667400512215206,2025,['Servizi di Informazione'],10000,251703,0,True
SU03413,SmartDynamics S.R.L.,"Via Milano, 3",Milano,45.46800486675913,9.18744608131053,2019,"['Robotica', 'Servizi di Informazione']",20126,90204,6,True
SU03414,BioSolutions S.R.L.,"Via Montenapoleone, 68",Milano,45.48070178621774,9.18669524422024,2020,"['Cleantech', 'Automazione Industriale']",45759,93469,9,True
SU03415,FutureVision S.R.L.,"Via Dante, 10",Milano,45.43746945134104,9.190550008165221,2025,"['Cybersecurity', 'Aerospace']",19545,22804,3,True
SU03416,InnovaAnalytics S.R.L.,"Corso Buenos Aires, 64",Milano,45.506556816682135,9.195863625526759,2022,['Blockchain'],177322,89245,1,True
SU03417,DigitalLab S.R.L.,"Via Garibaldi, 18",Milano,45.440501807233176,9.18864060633131,2024,"['Biotecnologie', 'Blockchain']",23319,9312,0,True
SU03418,GreenVision S.R.L.,"Via Roma, 66",Milano,45.43777289570117,9.206930399360568,2021,['Cleantech'],12756,712613,3,True
SU03419,CyberEngine S.R.L.,"Via Manzoni, 58",Lecco,45.86884388069147,9.408140273028497,2023,"['Salute Digitale', 'Robotica']",150915,234244,1,True
SU03420,InnovaEngine S.R.L.,"Via Manzoni, 109",Milano,45.47180226283708,9.169436546080963,2019,['Automotive Tech'],13974,211391,0,True
SU03421,FutureHub S.R.L.,"Via Dante, 41",Milano,45.461497781771534,9.193323217633836,2020,"['Ricerca e Sviluppo', 'E-commerce']",10000,973140,0,True
SU03422,NanoLogic S.R.L.,"Via Dante, 11",Brescia,45.53390233949675,10.216058624651726,2023,['Blockchain'],26428,13041,1,True
SU03423,TechAnalytics S.R.L.,"Corso Buenos Aires, 15",Bergamo,45.71372741266194,9.666004905527354,2022,"['Ricerca e Sviluppo', 'Automotive Tech', 'IoT']",20876,52052,5,True
SU03424,InnovaLab S.R.L.,"Via Brera, 39",Milano,45.46721315154123,9.22093150686322,2019,"['Automotive Tech', 'Cleantech']",10000,10062,1,True
SU03425,TechHub S.R.L.,"Via Dante, 11",Milano,45.44754801399249,9.18163780348576,2022,['Aerospace'],42132,623132,2,True
SU03426,BioAnalytics S.R.L.,"Via Dante, 45",Brescia,45.55336482372154,10.229121657124747,2022,"['Fintech', 'E-commerce', 'Energia Rinnovabile']",10000,142337,6,True
SU03427,DataHub S.R.L.,"Via Manzoni, 100",Milano,45.449174814275544,9.228495192007369,2020,['Salute Digitale'],10000,300416,1,True
SU03428,DigitalAnalytics S.R.L.,"Via Montenapoleone, 56",Milano,45.47692030113299,9.223548009667347,2023,['Servizi di Informazione'],42977,23978,0,True
SU03429,DigitalEngine S.R.L.,"Via Milano, 84",Milano,45.43731361686718,9.187906730470806,2024,"['Marketing Digitale', 'Biotecnologie']",25919,27200,1,True
SU03430,NanoHub S.R.L.,"Via Brera, 149",Milano,45.468324735268055,9.18295915097884,2023,"['Blockchain', 'Biotecnologie']",20495,6441,1,True
SU03431,CyberDynamics S.R.L.,"Via Montenapoleone, 139",Milano,45.476453145323,9.179137440201703,2024,['Energia Rinnovabile'],14627,28830,6,False
SU03432,FutureSystems S.R.L.,"Via Montenapoleone, 98",Milano,45.42335208328659,9.150583794626375,2024,"['IoT', 'Blockchain', 'Intelligenza Artificiale']",11412,25468,0,True
SU03433,DigitalAnalytics S.R.L.,"Via Dante, 90",Milano,45.44899685007355,9.200191490794046,2023,"['Fintech', 'Computer e Prodotti Elettronici']",20188,254636,2,True
SU03434,DataAnalytics S.R.L.,"Via Roma, 147",Milano,45.490398191559365,9.171025076728776,2023,"['Automotive Tech', 'Cybersecurity', 'Blockchain']",30607,1795,5,False
SU03435,CyberLab S.R.L.,"Via Brera, 45",Brescia,45.57977036581037,10.221881657124959,2025,['Cleantech'],64459,169207,4,True
SU03436,BioSolutions S.R.L.,"Via Dante, 146",Milano,45.48627163867646,9.178529727909151,2023,"['Cleantech', 'Marketing Digitale']",89213,5105,3,True
SU03437,DataVision S.R.L.,"Via Manzoni, 33",Como,45.77054591944003,9.078265870476049,2021,"['Fintech', 'IoT']",10420,45205,15,True
SU03438,BioLogic S.R.L.,"Via Dante, 106",Milano,45.45066328671156,9.171841055994546,2020,['Ricerca e Sviluppo'],10000,130582,2,True
SU03439,NanoEngine S.R.L.,"Via Garibaldi, 147",Milano,45.44182514264916,9.20790824943571,2022,"['Cleantech', 'IoT', 'Ricerca e Sviluppo']",180931,308333,2,True
SU03440,FutureLogic S.R.L.,"Via Garibaldi, 19",Milano,45.45074955071452,9.194484582733178,2023,['Marketing Digitale'],10000,3076125,5,True
SU03441,DigitalLogic S.R.L.,"Corso Buenos Aires, 134",Milano,45.48640877575072,9.165855521853285,2023,"['Fabbricazione Macchinari', 'E-commerce']",73496,10186,2,True
SU03442,NanoLab S.R.L.,"Via Garibaldi, 8",Milano,45.44965818945372,9.169015386097966,2021,['Marketing Digitale'],13611,280710,1,True
SU03443,FutureHub S.R.L.,"Via Milano, 88",Mantova,45.172049351551706,10.793683329002526,2020,['Fabbricazione Macchinari'],10000,282421,1,True
SU03444,DataDynamics S.R.L.,"Corso Buenos Aires, 135",Bergamo,45.70633145650687,9.660102448790045,2020,['Fintech'],10000,115027,1,True
SU03445,CyberSolutions S.R.L.,"Via Brera, 85",Lecco,45.83458348092087,9.375679083530793,2022,"['Software & Consulenza Informatica', 'Ricerca e Sviluppo']",10000,183601,2,True
SU03446,DigitalEngine S.R.L.,"Corso Buenos Aires, 112",Como,45.779588147869,9.088707519925547,2022,['Biotecnologie'],10000,498196,9,True
SU03447,FutureSystems S.R.L.,"Via Roma, 98",Milano,45.47002357818076,9.199727124563308,2020,['IoT'],17173,86836,4,True
SU03448,DigitalVision S.R.L.,"Via Brera, 142",Milano,45.45049202976824,9.205329447399073,2020,['Salute Digitale'],11947,178823,6,True
SU03449,FutureHub S.R.L.,"Corso Buenos Aires, 19",Milano,45.44572112325667,9.174089113669305,2020,"['Fabbricazione Macchinari', 'Servizi di Informazione', 'Intelligenza Artificiale']",14375,162233,1,True
SU03450,NanoHub S.R.L.,"Via Roma, 131",Milano,45.44356621870562,9.17469357803903,2022,['Robotica'],10000,129215,1,True
SU03451,CyberEngine S.R.L.,"Via Milano, 123",Bergamo,45.70942872764366,9.678356407053856,2023,['Cybersecurity'],11980,111021,3,True
SU03452,CyberSolutions S.R.L.,"Via Manzoni, 41",Bergamo,45.70789645775824,9.686549041909842,2019,['Marketing Digitale'],62488,558397,1,True
SU03453,DigitalLogic S.R.L.,"Via Garibaldi, 111",Como,45.802214011704756,9.072019592007186,2021,['Intelligenza Artificiale'],26972,41632,5,True
SU03454,TechWorks S.R.L.,"Corso Buenos Aires, 123",Milano,45.4464705708001,9.18413237480486,2021,"['Biotecnologie', 'Ricerca e Sviluppo', 'Energia Rinnovabile']",14624,574930,0,True
SU03455,FutureEngine S.R.L.,"Via Milano, 88",Como,45.765568951718194,9.077340802251566,2020,"['IoT', 'Automotive Tech']",26605,953835,0,True
SU03456,DigitalEngine S.R.L.,"Via Milano, 49",Milano,45.44426532932954,9.160876287376263,2024,"['IoT', 'Marketing Digitale', 'Software & Consulenza Informatica']",30500,94373,3,True
SU03457,SmartHub S.R.L.,"Via Garibaldi, 51",Milano,45.447056530941275,9.197480206965022,2020,"['Robotica', 'Ricerca e Sviluppo', 'Biotecnologie']",10000,343194,1,True
SU03458,InnovaLab S.R.L.,"Via Brera, 27",Milano,45.458003807104795,9.145175716001786,2024,"['IoT', 'Cybersecurity']",10000,55667,1,True
SU03459,DigitalEngine S.R.L.,"Via Montenapoleone, 33",Milano,45.4785375223194,9.179482579290138,2021,"['Robotica', 'Computer e Prodotti Elettronici', 'Cybersecurity']",35697,651809,3,True
SU03460,DataSystems S.R.L.,"Via Dante, 53",Mantova,45.158806699595296,10.78171760402529,2019,"['IoT', 'Blockchain', 'Fintech']",22909,635906,3,True
SU03461,DataAnalytics S.R.L.,"Via Montenapoleone, 16",Milano,45.419275163382906,9.21723816465973,2023,"['Fabbricazione Macchinari', 'Cleantech']",10000,571849,1,True
SU03462,InnovaLogic S.R.L.,"Via Garibaldi, 1",Milano,45.493133436596196,9.179650530382437,2020,"['Automazione Industriale', 'Automotive Tech']",20490,26934,3,False
SU03463,DataHub S.R.L.,"Via Montenapoleone, 36",Milano,45.49956493112934,9.189725314943626,2024,['E-commerce'],122472,3489,8,True
SU03464,DataSystems S.R.L.,"Via Dante, 20",Milano,45.4904466778663,9.163857704841108,2023,"['Cleantech', 'Salute Digitale']",10000,14077,8,True
SU03465,NanoEngine S.R.L.,"Via Roma, 92",Milano,45.46691907300397,9.166875162371461,2021,"['Software & Consulenza Informatica', 'Servizi di Informazione']",10000,176575,0,True
SU03466,DigitalSystems S.R.L.,"Via Milano, 98",Bergamo,45.704417978265205,9.68763837037723,2020,['Blockchain'],10314,190391,2,True
SU03467,SmartEngine S.R.L.,"Via Roma, 127",Bergamo,45.68970809422581,9.67073587528743,2020,"['Intelligenza Artificiale', 'Cybersecurity']",49764,1581827,1,True
SU03468,BioWorks S.R.L.,"Via Montenapoleone, 139",Milano,45.46506312739088,9.212179527092967,2021,['Automotive Tech'],238444,36549,1,True
SU03469,GreenDynamics S.R.L.,"Via Dante, 43",Milano,45.467942810581505,9.198680488551176,2022,"['Fabbricazione Macchinari', 'Aerospace']",21418,50240,3,False
SU03470,InnovaSystems S.R.L.,"Corso Buenos Aires, 58",Como,45.82573389973548,9.070496628685037,2022,['Biotecnologie'],10745,20897,0,True
SU03471,CyberAnalytics S.R.L.,"Corso Buenos Aires, 44",Milano,45.45037041457386,9.16275925154151,2019,"['Energia Rinnovabile', 'E-commerce']",10000,962674,2,True
SU03472,DigitalSolutions S.R.L.,"Via Roma, 22",Milano,45.42575127100679,9.194118624634195,2024,"['Energia Rinnovabile', 'Ricerca e Sviluppo', 'E-commerce']",10000,348234,8,True
SU03473,BioVision S.R.L.,"Via Milano, 82",Milano,45.450896924310875,9.201370553110397,2021,['Ricerca e Sviluppo'],36862,472961,2,True
SU03474,TechLab S.R.L.,"Via Roma, 120",Milano,45.47918378182599,9.179496301580023,2022,"['Aerospace', 'Fabbricazione Macchinari']",29931,557909,0,True
SU03475,SmartAnalytics S.R.L.,"Via Manzoni, 36",Milano,45.42433087557378,9.210594052996576,2023,"['Intelligenza Artificiale', 'Software & Consulenza Informatica', 'Automotive Tech']",194749,1194208,0,True
SU03476,TechLogic S.R.L.,"Via Brera, 25",Milano,45.4667853338332,9.155576653423738,2023,['Fabbricazione Macchinari'],10000,9316,5,True
SU03477,DataLab S.R.L.,"Via Garibaldi, 19",Milano,45.47570959490636,9.191389069046739,2019,"['Salute Digitale', 'Computer e Prodotti Elettronici']",60354,444014,4,True
SU03478,DataSolutions S.R.L.,"Via Montenapoleone, 120",Milano,45.46043948170676,9.191538034992789,2021,"['Automotive Tech', 'Automazione Industriale']",19561,2818419,0,True
SU03479,NanoSystems S.R.L.,"Via Manzoni, 130",Milano,45.468383736645436,9.15162145069877,2023,"['Automotive Tech', 'Salute Digitale']",28891,13121,2,True
SU03480,DataEngine S.R.L.,"Via Manzoni, 96",Milano,45.48398463926109,9.193734822134354,2021,"['IoT', 'Servizi di Informazione', 'Computer e Prodotti Elettronici']",10000,113873,1,True
SU03481,TechEngine S.R.L.,"Via Dante, 91",Milano,45.45701163492874,9.160686023084077,2023,"['Automotive Tech', 'IoT']",21059,499892,0,True
SU03482,CyberHub S.R.L.,"Via Garibaldi, 136",Milano,45.46736786833501,9.16517887670539,2023,['Biotecnologie'],30044,1485123,3,True
SU03483,BioSystems S.R.L.,"Corso Buenos Aires, 94",Milano,45.43557748496177,9.219634404648271,2024,['Energia Rinnovabile'],10000,1978,1,True
SU03484,NanoSystems S.R.L.,"Via Montenapoleone, 14",Como,45.816809206368355,9.078375971959572,2022,"['Energia Rinnovabile', 'Fabbricazione Macchinari', 'Aerospace']",10000,571304,1,True
SU03485,FutureAnalytics S.R.L.,"Corso Buenos Aires, 53",Lodi,45.31569753224318,9.501094702244037,2025,"['Software & Consulenza Informatica', 'Biotecnologie', 'Energia Rinnovabile']",10000,511403,1,True
SU03486,DataEngine S.R.L.,"Via Dante, 55",Cremona,45.153507675816606,10.031587627295204,2021,['Robotica'],10000,754789,1,True
SU03487,SmartWorks S.R.L.,"Via Montenapoleone, 95",Milano,45.47762939682706,9.169267409908809,2025,['Cybersecurity'],13638,126292,1,True
SU03488,InnovaLab S.R.L.,"Via Montenapoleone, 49",Cremona,45.161218029473986,10.0255861767686,2024,['Aerospace'],47268,817826,2,True
SU03489,DigitalHub S.R.L.,"Via Garibaldi, 74",Milano,45.48205878246648,9.182033480984451,2021,"['Automazione Industriale', 'IoT']",10863,108870,3,True
SU03490,GreenDynamics S.R.L.,"Via Brera, 109",Milano,45.4592433969306,9.171292889359629,2019,['Marketing Digitale'],36279,27005,1,True
SU03491,NanoLab S.R.L.,"Via Garibaldi, 98",Milano,45.47958317259809,9.18997703090442,2022,"['E-commerce', 'Servizi di Informazione']",10000,138576,2,True
SU03492,DigitalSystems S.R.L.,"Via Manzoni, 147",Milano,45.478995750961126,9.19566753376306,2019,"['Biotecnologie', 'IoT', 'Intelligenza Artificiale']",10000,209615,8,True
SU03493,InnovaLogic S.R.L.,"Via Milano, 130",Milano,45.52221430004624,9.204636202655806,2019,['Software & Consulenza Informatica'],10839,5356,30,True
SU03494,InnovaEngine S.R.L.,"Via Manzoni, 45",Milano,45.49248271283992,9.160901593150362,2021,"['IoT', 'Salute Digitale']",68156,499010,0,True
SU03495,InnovaLogic S.R.L.,"Via Manzoni, 144",Milano,45.44538530959924,9.204493940381308,2020,['Cybersecurity'],10000,325629,1,True
SU03496,InnovaLogic S.R.L.,"Via Milano, 12",Milano,45.485936268241936,9.249396535683827,2023,['Automotive Tech'],10000,201403,1,True
SU03497,TechEngine S.R.L.,"Via Brera, 23",Sondrio,46.18875815529036,9.869048772685936,2020,['Ricerca e Sviluppo'],10000,53810,2,True
SU03498,SmartAnalytics S.R.L.,"Via Dante, 9",Milano,45.472991159478674,9.21703031663637,2024,['Aerospace'],24530,29585,4,True
SU03499,DataDynamics S.R.L.,"Via Manzoni, 50",Milano,45.47820985773814,9.207087071227493,2020,['Aerospace'],10000,10320,5,False
SU03500,SmartHub S.R.L.,"Via Brera, 38",Brescia,45.55894236822354,10.211218079015179,2020,"['IoT', 'Ricerca e Sviluppo', 'Aerospace']",13146,95614,6,True
